sku_id,category,week_start,horizon_week,forecast,forecast_low_80,forecast_high_80,on_hand_units,on_order_units,lead_time_days,reorder_point,unit_cost,avg_price
SKU0001,Furniture,2026-01-06,1,57.6,0.0,124.5,413,388,25.0,683,3462.67,7745.44
SKU0001,Furniture,2026-01-13,2,113.6,45.7,181.6,413,388,25.0,683,3462.67,7745.44
SKU0001,Furniture,2026-01-20,3,106.3,57.7,155.0,413,388,25.0,683,3462.67,7745.44
SKU0001,Furniture,2026-01-27,4,91.5,56.3,126.7,413,388,25.0,683,3462.67,7745.44
SKU0001,Furniture,2026-02-03,5,85.9,58.4,113.5,413,388,25.0,683,3462.67,7745.44
SKU0001,Furniture,2026-02-10,6,83.2,67.3,99.2,413,388,25.0,683,3462.67,7745.44
SKU0001,Furniture,2026-02-17,7,80.1,64.8,95.5,413,388,25.0,683,3462.67,7745.44
SKU0001,Furniture,2026-02-24,8,69.8,56.4,83.2,413,388,25.0,683,3462.67,7745.44
SKU0002,Small Appliances,2026-01-06,1,76.4,0.0,183.7,77,515,11.0,400,3907.36,9039.16
SKU0002,Small Appliances,2026-01-13,2,140.2,22.9,257.5,77,515,11.0,400,3907.36,9039.16
SKU0002,Small Appliances,2026-01-20,3,152.2,49.7,254.7,77,515,11.0,400,3907.36,9039.16
SKU0002,Small Appliances,2026-01-27,4,121.9,66.7,177.0,77,515,11.0,400,3907.36,9039.16
SKU0002,Small Appliances,2026-02-03,5,123.1,86.3,160.0,77,515,11.0,400,3907.36,9039.16
SKU0002,Small Appliances,2026-02-10,6,122.6,99.0,146.1,77,515,11.0,400,3907.36,9039.16
SKU0002,Small Appliances,2026-02-17,7,113.1,91.4,134.8,77,515,11.0,400,3907.36,9039.16
SKU0002,Small Appliances,2026-02-24,8,93.5,75.5,111.4,77,515,11.0,400,3907.36,9039.16
SKU0003,Bedding,2026-01-06,1,35.0,0.0,71.3,107,207,10.0,151,1911.47,3526.58
SKU0003,Bedding,2026-01-13,2,52.9,11.3,94.5,107,207,10.0,151,1911.47,3526.58
SKU0003,Bedding,2026-01-20,3,53.0,16.8,89.2,107,207,10.0,151,1911.47,3526.58
SKU0003,Bedding,2026-01-27,4,48.2,33.7,62.7,107,207,10.0,151,1911.47,3526.58
SKU0003,Bedding,2026-02-03,5,51.3,41.4,61.1,107,207,10.0,151,1911.47,3526.58
SKU0003,Bedding,2026-02-10,6,52.8,42.6,62.9,107,207,10.0,151,1911.47,3526.58
SKU0003,Bedding,2026-02-17,7,51.5,41.6,61.4,107,207,10.0,151,1911.47,3526.58
SKU0003,Bedding,2026-02-24,8,42.6,34.4,50.7,107,207,10.0,151,1911.47,3526.58
SKU0004,Furniture,2026-01-06,1,39.0,0.0,84.3,636,391,25.0,695,2646.69,6318.48
SKU0004,Furniture,2026-01-13,2,58.5,4.2,112.7,636,391,25.0,695,2646.69,6318.48
SKU0004,Furniture,2026-01-20,3,67.4,17.4,117.5,636,391,25.0,695,2646.69,6318.48
SKU0004,Furniture,2026-01-27,4,55.7,39.2,72.1,636,391,25.0,695,2646.69,6318.48
SKU0004,Furniture,2026-02-03,5,52.8,39.7,66.0,636,391,25.0,695,2646.69,6318.48
SKU0004,Furniture,2026-02-10,6,56.1,45.3,66.8,636,391,25.0,695,2646.69,6318.48
SKU0004,Furniture,2026-02-17,7,57.1,46.2,68.1,636,391,25.0,695,2646.69,6318.48
SKU0004,Furniture,2026-02-24,8,44.5,36.0,53.0,636,391,25.0,695,2646.69,6318.48
SKU0005,Small Appliances,2026-01-06,1,75.6,0.0,214.7,197,741,12.0,621,2307.42,3407.09
SKU0005,Small Appliances,2026-01-13,2,184.3,19.7,348.9,197,741,12.0,621,2307.42,3407.09
SKU0005,Small Appliances,2026-01-20,3,204.0,52.7,355.4,197,741,12.0,621,2307.42,3407.09
SKU0005,Small Appliances,2026-01-27,4,182.8,111.2,254.4,197,741,12.0,621,2307.42,3407.09
SKU0005,Small Appliances,2026-02-03,5,162.3,97.8,226.9,197,741,12.0,621,2307.42,3407.09
SKU0005,Small Appliances,2026-02-10,6,158.6,128.2,189.1,197,741,12.0,621,2307.42,3407.09
SKU0005,Small Appliances,2026-02-17,7,149.6,120.9,178.3,197,741,12.0,621,2307.42,3407.09
SKU0005,Small Appliances,2026-02-24,8,123.3,99.6,147.0,197,741,12.0,621,2307.42,3407.09
SKU0006,Decor,2026-01-06,1,71.5,0.0,166.6,886,840,20.0,1055,2600.32,6005.97
SKU0006,Decor,2026-01-13,2,134.7,35.0,234.5,886,840,20.0,1055,2600.32,6005.97
SKU0006,Decor,2026-01-20,3,154.6,74.6,234.6,886,840,20.0,1055,2600.32,6005.97
SKU0006,Decor,2026-01-27,4,119.8,66.4,173.2,886,840,20.0,1055,2600.32,6005.97
SKU0006,Decor,2026-02-03,5,113.9,74.6,153.2,886,840,20.0,1055,2600.32,6005.97
SKU0006,Decor,2026-02-10,6,114.6,92.6,136.6,886,840,20.0,1055,2600.32,6005.97
SKU0006,Decor,2026-02-17,7,103.6,82.1,125.2,886,840,20.0,1055,2600.32,6005.97
SKU0006,Decor,2026-02-24,8,90.5,73.1,107.9,886,840,20.0,1055,2600.32,6005.97
SKU0007,Bedding,2026-01-06,1,6.7,0.0,15.9,60,45,26.0,75,3593.86,8388.29
SKU0007,Bedding,2026-01-13,2,8.7,0.0,18.7,60,45,26.0,75,3593.86,8388.29
SKU0007,Bedding,2026-01-20,3,9.9,2.0,17.9,60,45,26.0,75,3593.86,8388.29
SKU0007,Bedding,2026-01-27,4,9.6,5.7,13.5,60,45,26.0,75,3593.86,8388.29
SKU0007,Bedding,2026-02-03,5,9.8,7.9,11.7,60,45,26.0,75,3593.86,8388.29
SKU0007,Bedding,2026-02-10,6,13.1,10.6,15.6,60,45,26.0,75,3593.86,8388.29
SKU0007,Bedding,2026-02-17,7,15.2,12.3,18.1,60,45,26.0,75,3593.86,8388.29
SKU0007,Bedding,2026-02-24,8,10.2,7.2,13.2,60,45,26.0,75,3593.86,8388.29
SKU0008,Kitchen,2026-01-06,1,72.8,0.0,190.0,0,294,18.0,280,1973.54,2866.69
SKU0008,Kitchen,2026-01-13,2,128.9,28.5,229.4,0,294,18.0,280,1973.54,2866.69
SKU0008,Kitchen,2026-01-20,3,142.6,58.9,226.2,0,294,18.0,280,1973.54,2866.69
SKU0008,Kitchen,2026-01-27,4,108.1,49.1,167.1,0,294,18.0,280,1973.54,2866.69
SKU0008,Kitchen,2026-02-03,5,108.5,74.8,142.1,0,294,18.0,280,1973.54,2866.69
SKU0008,Kitchen,2026-02-10,6,105.0,84.8,125.1,0,294,18.0,280,1973.54,2866.69
SKU0008,Kitchen,2026-02-17,7,94.9,75.2,114.6,0,294,18.0,280,1973.54,2866.69
SKU0008,Kitchen,2026-02-24,8,82.6,66.8,98.5,0,294,18.0,280,1973.54,2866.69
SKU0009,Small Appliances,2026-01-06,1,90.1,0.0,206.5,0,748,28.0,692,3030.1,7760.12
SKU0009,Small Appliances,2026-01-13,2,202.6,57.1,348.2,0,748,28.0,692,3030.1,7760.12
SKU0009,Small Appliances,2026-01-20,3,217.2,107.1,327.3,0,748,28.0,692,3030.1,7760.12
SKU0009,Small Appliances,2026-01-27,4,182.7,111.5,253.9,0,748,28.0,692,3030.1,7760.12
SKU0009,Small Appliances,2026-02-03,5,161.3,97.9,224.7,0,748,28.0,692,3030.1,7760.12
SKU0009,Small Appliances,2026-02-10,6,162.7,131.5,194.0,0,748,28.0,692,3030.1,7760.12
SKU0009,Small Appliances,2026-02-17,7,144.5,115.6,173.4,0,748,28.0,692,3030.1,7760.12
SKU0009,Small Appliances,2026-02-24,8,126.0,101.8,150.2,0,748,28.0,692,3030.1,7760.12
SKU0010,Bedding,2026-01-06,1,59.9,0.0,170.5,467,584,14.0,623,1607.75,3156.76
SKU0010,Bedding,2026-01-13,2,169.4,24.8,313.9,467,584,14.0,623,1607.75,3156.76
SKU0010,Bedding,2026-01-20,3,175.1,70.0,280.2,467,584,14.0,623,1607.75,3156.76
SKU0010,Bedding,2026-01-27,4,160.2,96.4,224.0,467,584,14.0,623,1607.75,3156.76
SKU0010,Bedding,2026-02-03,5,128.9,68.5,189.3,467,584,14.0,623,1607.75,3156.76
SKU0010,Bedding,2026-02-10,6,137.6,111.2,164.1,467,584,14.0,623,1607.75,3156.76
SKU0010,Bedding,2026-02-17,7,125.6,101.5,149.7,467,584,14.0,623,1607.75,3156.76
SKU0010,Bedding,2026-02-24,8,105.9,85.6,126.2,467,584,14.0,623,1607.75,3156.76
SKU0011,Bedding,2026-01-06,1,29.8,0.0,65.8,65,165,14.0,181,2007.68,3357.43
SKU0011,Bedding,2026-01-13,2,39.5,2.2,76.7,65,165,14.0,181,2007.68,3357.43
SKU0011,Bedding,2026-01-20,3,40.6,10.4,70.8,65,165,14.0,181,2007.68,3357.43
SKU0011,Bedding,2026-01-27,4,38.5,24.9,52.1,65,165,14.0,181,2007.68,3357.43
SKU0011,Bedding,2026-02-03,5,38.2,30.9,45.6,65,165,14.0,181,2007.68,3357.43
SKU0011,Bedding,2026-02-10,6,35.9,29.0,42.8,65,165,14.0,181,2007.68,3357.43
SKU0011,Bedding,2026-02-17,7,33.9,27.4,40.4,65,165,14.0,181,2007.68,3357.43
SKU0011,Bedding,2026-02-24,8,25.8,20.8,30.7,65,165,14.0,181,2007.68,3357.43
SKU0012,Furniture,2026-01-06,1,82.1,0.0,232.7,366,746,21.0,924,1861.18,4465.37
SKU0012,Furniture,2026-01-13,2,225.6,66.3,384.9,366,746,21.0,924,1861.18,4465.37
SKU0012,Furniture,2026-01-20,3,222.6,71.9,373.3,366,746,21.0,924,1861.18,4465.37
SKU0012,Furniture,2026-01-27,4,192.1,106.5,277.6,366,746,21.0,924,1861.18,4465.37
SKU0012,Furniture,2026-02-03,5,183.5,108.8,258.3,366,746,21.0,924,1861.18,4465.37
SKU0012,Furniture,2026-02-10,6,165.4,133.7,197.2,366,746,21.0,924,1861.18,4465.37
SKU0012,Furniture,2026-02-17,7,161.6,130.6,192.6,366,746,21.0,924,1861.18,4465.37
SKU0012,Furniture,2026-02-24,8,138.3,111.8,164.9,366,746,21.0,924,1861.18,4465.37
SKU0013,Bedding,2026-01-06,1,45.5,0.0,96.4,27,190,7.0,110,3362.59,7954.94
SKU0013,Bedding,2026-01-13,2,82.4,22.6,142.1,27,190,7.0,110,3362.59,7954.94
SKU0013,Bedding,2026-01-20,3,82.2,34.2,130.2,27,190,7.0,110,3362.59,7954.94
SKU0013,Bedding,2026-01-27,4,67.6,42.2,93.0,27,190,7.0,110,3362.59,7954.94
SKU0013,Bedding,2026-02-03,5,67.9,48.6,87.2,27,190,7.0,110,3362.59,7954.94
SKU0013,Bedding,2026-02-10,6,67.6,54.6,80.6,27,190,7.0,110,3362.59,7954.94
SKU0013,Bedding,2026-02-17,7,64.4,52.1,76.8,27,190,7.0,110,3362.59,7954.94
SKU0013,Bedding,2026-02-24,8,54.3,43.9,64.7,27,190,7.0,110,3362.59,7954.94
SKU0014,Decor,2026-01-06,1,94.8,0.0,250.1,34,451,13.0,465,1295.65,2875.04
SKU0014,Decor,2026-01-13,2,217.7,70.5,364.9,34,451,13.0,465,1295.65,2875.04
SKU0014,Decor,2026-01-20,3,217.7,74.7,360.8,34,451,13.0,465,1295.65,2875.04
SKU0014,Decor,2026-01-27,4,207.3,126.7,287.8,34,451,13.0,465,1295.65,2875.04
SKU0014,Decor,2026-02-03,5,183.4,117.0,249.8,34,451,13.0,465,1295.65,2875.04
SKU0014,Decor,2026-02-10,6,166.7,134.7,198.7,34,451,13.0,465,1295.65,2875.04
SKU0014,Decor,2026-02-17,7,172.8,139.7,206.0,34,451,13.0,465,1295.65,2875.04
SKU0014,Decor,2026-02-24,8,137.4,111.0,163.7,34,451,13.0,465,1295.65,2875.04
SKU0015,Bedding,2026-01-06,1,73.8,0.0,158.3,186,307,14.0,332,227.98,534.46
SKU0015,Bedding,2026-01-13,2,138.6,44.1,233.1,186,307,14.0,332,227.98,534.46
SKU0015,Bedding,2026-01-20,3,151.4,68.4,234.4,186,307,14.0,332,227.98,534.46
SKU0015,Bedding,2026-01-27,4,120.0,69.3,170.7,186,307,14.0,332,227.98,534.46
SKU0015,Bedding,2026-02-03,5,108.4,70.7,146.0,186,307,14.0,332,227.98,534.46
SKU0015,Bedding,2026-02-10,6,111.4,90.0,132.8,186,307,14.0,332,227.98,534.46
SKU0015,Bedding,2026-02-17,7,105.0,83.2,126.8,186,307,14.0,332,227.98,534.46
SKU0015,Bedding,2026-02-24,8,85.8,69.3,102.2,186,307,14.0,332,227.98,534.46
SKU0016,Furniture,2026-01-06,1,35.5,0.0,80.7,2,555,29.0,445,2879.63,6729.33
SKU0016,Furniture,2026-01-13,2,58.6,7.9,109.4,2,555,29.0,445,2879.63,6729.33
SKU0016,Furniture,2026-01-20,3,63.8,15.5,112.1,2,555,29.0,445,2879.63,6729.33
SKU0016,Furniture,2026-01-27,4,54.7,36.2,73.2,2,555,29.0,445,2879.63,6729.33
SKU0016,Furniture,2026-02-03,5,53.1,39.5,66.8,2,555,29.0,445,2879.63,6729.33
SKU0016,Furniture,2026-02-10,6,56.0,45.3,66.8,2,555,29.0,445,2879.63,6729.33
SKU0016,Furniture,2026-02-17,7,57.3,46.3,68.3,2,555,29.0,445,2879.63,6729.33
SKU0016,Furniture,2026-02-24,8,44.6,36.1,53.2,2,555,29.0,445,2879.63,6729.33
SKU0017,Small Appliances,2026-01-06,1,40.3,0.0,90.8,275,297,24.0,505,731.23,1124.22
SKU0017,Small Appliances,2026-01-13,2,68.6,12.2,125.0,275,297,24.0,505,731.23,1124.22
SKU0017,Small Appliances,2026-01-20,3,65.0,19.6,110.4,275,297,24.0,505,731.23,1124.22
SKU0017,Small Appliances,2026-01-27,4,55.6,35.1,76.0,275,297,24.0,505,731.23,1124.22
SKU0017,Small Appliances,2026-02-03,5,53.9,39.8,67.9,275,297,24.0,505,731.23,1124.22
SKU0017,Small Appliances,2026-02-10,6,58.1,47.0,69.3,275,297,24.0,505,731.23,1124.22
SKU0017,Small Appliances,2026-02-17,7,56.8,45.9,67.7,275,297,24.0,505,731.23,1124.22
SKU0017,Small Appliances,2026-02-24,8,44.8,36.2,53.4,275,297,24.0,505,731.23,1124.22
SKU0018,Small Appliances,2026-01-06,1,33.2,0.0,85.4,74,387,22.0,285,1990.17,4136.14
SKU0018,Small Appliances,2026-01-13,2,59.8,0.0,120.2,74,387,22.0,285,1990.17,4136.14
SKU0018,Small Appliances,2026-01-20,3,64.0,13.2,114.9,74,387,22.0,285,1990.17,4136.14
SKU0018,Small Appliances,2026-01-27,4,51.8,29.6,74.0,74,387,22.0,285,1990.17,4136.14
SKU0018,Small Appliances,2026-02-03,5,52.1,37.0,67.3,74,387,22.0,285,1990.17,4136.14
SKU0018,Small Appliances,2026-02-10,6,55.5,44.9,66.2,74,387,22.0,285,1990.17,4136.14
SKU0018,Small Appliances,2026-02-17,7,54.0,43.6,64.4,74,387,22.0,285,1990.17,4136.14
SKU0018,Small Appliances,2026-02-24,8,45.3,36.6,54.0,74,387,22.0,285,1990.17,4136.14
SKU0019,Furniture,2026-01-06,1,34.3,0.0,81.1,3,612,29.0,507,2303.6,4770.87
SKU0019,Furniture,2026-01-13,2,55.0,6.0,104.0,3,612,29.0,507,2303.6,4770.87
SKU0019,Furniture,2026-01-20,3,57.4,14.1,100.6,3,612,29.0,507,2303.6,4770.87
SKU0019,Furniture,2026-01-27,4,50.3,30.6,70.0,3,612,29.0,507,2303.6,4770.87
SKU0019,Furniture,2026-02-03,5,52.8,41.3,64.3,3,612,29.0,507,2303.6,4770.87
SKU0019,Furniture,2026-02-10,6,56.1,45.3,66.9,3,612,29.0,507,2303.6,4770.87
SKU0019,Furniture,2026-02-17,7,51.7,41.8,61.7,3,612,29.0,507,2303.6,4770.87
SKU0019,Furniture,2026-02-24,8,44.4,35.8,52.9,3,612,29.0,507,2303.6,4770.87
SKU0020,Bedding,2026-01-06,1,15.7,0.5,30.9,60,0,22.0,92,317.11,610.14
SKU0020,Bedding,2026-01-13,2,19.5,2.7,36.3,60,0,22.0,92,317.11,610.14
SKU0020,Bedding,2026-01-20,3,21.9,7.4,36.3,60,0,22.0,92,317.11,610.14
SKU0020,Bedding,2026-01-27,4,22.4,18.1,26.6,60,0,22.0,92,317.11,610.14
SKU0020,Bedding,2026-02-03,5,21.5,17.4,25.6,60,0,22.0,92,317.11,610.14
SKU0020,Bedding,2026-02-10,6,19.7,15.9,23.5,60,0,22.0,92,317.11,610.14
SKU0020,Bedding,2026-02-17,7,20.6,16.7,24.6,60,0,22.0,92,317.11,610.14
SKU0020,Bedding,2026-02-24,8,15.2,12.3,18.1,60,0,22.0,92,317.11,610.14
SKU0021,Kitchen,2026-01-06,1,40.5,0.0,87.4,307,263,26.0,440,3442.93,5786.63
SKU0021,Kitchen,2026-01-13,2,61.0,8.4,113.7,307,263,26.0,440,3442.93,5786.63
SKU0021,Kitchen,2026-01-20,3,65.6,28.8,102.5,307,263,26.0,440,3442.93,5786.63
SKU0021,Kitchen,2026-01-27,4,57.5,40.0,74.9,307,263,26.0,440,3442.93,5786.63
SKU0021,Kitchen,2026-02-03,5,54.7,42.6,66.8,307,263,26.0,440,3442.93,5786.63
SKU0021,Kitchen,2026-02-10,6,58.8,47.5,70.1,307,263,26.0,440,3442.93,5786.63
SKU0021,Kitchen,2026-02-17,7,60.2,48.7,71.8,307,263,26.0,440,3442.93,5786.63
SKU0021,Kitchen,2026-02-24,8,44.6,36.0,53.1,307,263,26.0,440,3442.93,5786.63
SKU0022,Small Appliances,2026-01-06,1,98.0,0.0,253.6,452,855,14.0,775,1269.26,2224.14
SKU0022,Small Appliances,2026-01-13,2,226.9,41.3,412.5,452,855,14.0,775,1269.26,2224.14
SKU0022,Small Appliances,2026-01-20,3,252.8,76.5,429.2,452,855,14.0,775,1269.26,2224.14
SKU0022,Small Appliances,2026-01-27,4,214.8,123.2,306.3,452,855,14.0,775,1269.26,2224.14
SKU0022,Small Appliances,2026-02-03,5,190.7,114.6,266.8,452,855,14.0,775,1269.26,2224.14
SKU0022,Small Appliances,2026-02-10,6,184.8,149.3,220.3,452,855,14.0,775,1269.26,2224.14
SKU0022,Small Appliances,2026-02-17,7,171.1,136.8,205.3,452,855,14.0,775,1269.26,2224.14
SKU0022,Small Appliances,2026-02-24,8,143.5,116.0,171.1,452,855,14.0,775,1269.26,2224.14
SKU0023,Small Appliances,2026-01-06,1,83.7,0.0,220.3,708,0,16.0,869,3178.81,6984.41
SKU0023,Small Appliances,2026-01-13,2,196.4,40.5,352.4,708,0,16.0,869,3178.81,6984.41
SKU0023,Small Appliances,2026-01-20,3,220.9,104.3,337.4,708,0,16.0,869,3178.81,6984.41
SKU0023,Small Appliances,2026-01-27,4,178.9,100.4,257.4,708,0,16.0,869,3178.81,6984.41
SKU0023,Small Appliances,2026-02-03,5,170.2,103.7,236.8,708,0,16.0,869,3178.81,6984.41
SKU0023,Small Appliances,2026-02-10,6,163.8,132.3,195.2,708,0,16.0,869,3178.81,6984.41
SKU0023,Small Appliances,2026-02-17,7,140.5,112.0,169.0,708,0,16.0,869,3178.81,6984.41
SKU0023,Small Appliances,2026-02-24,8,126.6,102.3,150.9,708,0,16.0,869,3178.81,6984.41
SKU0024,Small Appliances,2026-01-06,1,73.3,0.0,172.3,69,246,16.0,262,3293.28,5270.46
SKU0024,Small Appliances,2026-01-13,2,190.1,65.8,314.3,69,246,16.0,262,3293.28,5270.46
SKU0024,Small Appliances,2026-01-20,3,186.2,81.0,291.4,69,246,16.0,262,3293.28,5270.46
SKU0024,Small Appliances,2026-01-27,4,157.4,88.3,226.5,69,246,16.0,262,3293.28,5270.46
SKU0024,Small Appliances,2026-02-03,5,143.7,83.5,203.9,69,246,16.0,262,3293.28,5270.46
SKU0024,Small Appliances,2026-02-10,6,139.9,113.1,166.8,69,246,16.0,262,3293.28,5270.46
SKU0024,Small Appliances,2026-02-17,7,129.4,104.6,154.3,69,246,16.0,262,3293.28,5270.46
SKU0024,Small Appliances,2026-02-24,8,116.6,94.2,139.0,69,246,16.0,262,3293.28,5270.46
SKU0025,Decor,2026-01-06,1,81.5,0.0,210.0,498,522,18.0,704,2944.97,5755.22
SKU0025,Decor,2026-01-13,2,206.7,64.2,349.2,498,522,18.0,704,2944.97,5755.22
SKU0025,Decor,2026-01-20,3,198.6,85.7,311.6,498,522,18.0,704,2944.97,5755.22
SKU0025,Decor,2026-01-27,4,181.4,103.6,259.2,498,522,18.0,704,2944.97,5755.22
SKU0025,Decor,2026-02-03,5,165.3,101.1,229.6,498,522,18.0,704,2944.97,5755.22
SKU0025,Decor,2026-02-10,6,159.9,129.2,190.6,498,522,18.0,704,2944.97,5755.22
SKU0025,Decor,2026-02-17,7,141.5,114.3,168.6,498,522,18.0,704,2944.97,5755.22
SKU0025,Decor,2026-02-24,8,124.3,100.4,148.2,498,522,18.0,704,2944.97,5755.22
SKU0026,Furniture,2026-01-06,1,70.0,0.0,167.0,0,419,14.0,412,2103.97,3330.11
SKU0026,Furniture,2026-01-13,2,128.6,21.5,235.6,0,419,14.0,412,2103.97,3330.11
SKU0026,Furniture,2026-01-20,3,149.1,66.3,231.9,0,419,14.0,412,2103.97,3330.11
SKU0026,Furniture,2026-01-27,4,114.1,64.7,163.6,0,419,14.0,412,2103.97,3330.11
SKU0026,Furniture,2026-02-03,5,110.6,73.4,147.7,0,419,14.0,412,2103.97,3330.11
SKU0026,Furniture,2026-02-10,6,107.2,86.6,127.8,0,419,14.0,412,2103.97,3330.11
SKU0026,Furniture,2026-02-17,7,100.2,78.6,121.7,0,419,14.0,412,2103.97,3330.11
SKU0026,Furniture,2026-02-24,8,87.8,70.9,104.7,0,419,14.0,412,2103.97,3330.11
SKU0027,Small Appliances,2026-01-06,1,28.2,3.3,53.0,91,134,17.0,164,1647.88,2903.26
SKU0027,Small Appliances,2026-01-13,2,25.5,0.0,51.1,91,134,17.0,164,1647.88,2903.26
SKU0027,Small Appliances,2026-01-20,3,28.2,8.4,47.9,91,134,17.0,164,1647.88,2903.26
SKU0027,Small Appliances,2026-01-27,4,24.3,16.8,31.8,91,134,17.0,164,1647.88,2903.26
SKU0027,Small Appliances,2026-02-03,5,25.0,20.2,29.8,91,134,17.0,164,1647.88,2903.26
SKU0027,Small Appliances,2026-02-10,6,28.8,23.3,34.4,91,134,17.0,164,1647.88,2903.26
SKU0027,Small Appliances,2026-02-17,7,26.5,21.4,31.6,91,134,17.0,164,1647.88,2903.26
SKU0027,Small Appliances,2026-02-24,8,17.4,14.1,20.8,91,134,17.0,164,1647.88,2903.26
SKU0028,Small Appliances,2026-01-06,1,80.7,0.0,213.2,1035,0,15.0,909,1574.89,2370.49
SKU0028,Small Appliances,2026-01-13,2,207.4,55.6,359.1,1035,0,15.0,909,1574.89,2370.49
SKU0028,Small Appliances,2026-01-20,3,221.8,109.8,333.8,1035,0,15.0,909,1574.89,2370.49
SKU0028,Small Appliances,2026-01-27,4,198.9,123.8,274.0,1035,0,15.0,909,1574.89,2370.49
SKU0028,Small Appliances,2026-02-03,5,184.3,112.3,256.4,1035,0,15.0,909,1574.89,2370.49
SKU0028,Small Appliances,2026-02-10,6,171.0,138.2,203.9,1035,0,15.0,909,1574.89,2370.49
SKU0028,Small Appliances,2026-02-17,7,161.5,130.5,192.5,1035,0,15.0,909,1574.89,2370.49
SKU0028,Small Appliances,2026-02-24,8,135.7,109.6,161.7,1035,0,15.0,909,1574.89,2370.49
SKU0029,Decor,2026-01-06,1,7.3,1.0,13.6,7,23,12.0,21,3652.61,8180.56
SKU0029,Decor,2026-01-13,2,11.6,3.3,19.9,7,23,12.0,21,3652.61,8180.56
SKU0029,Decor,2026-01-20,3,10.2,2.9,17.5,7,23,12.0,21,3652.61,8180.56
SKU0029,Decor,2026-01-27,4,11.0,8.9,13.1,7,23,12.0,21,3652.61,8180.56
SKU0029,Decor,2026-02-03,5,10.2,8.1,12.4,7,23,12.0,21,3652.61,8180.56
SKU0029,Decor,2026-02-10,6,13.2,10.7,15.7,7,23,12.0,21,3652.61,8180.56
SKU0029,Decor,2026-02-17,7,15.0,12.1,17.9,7,23,12.0,21,3652.61,8180.56
SKU0029,Decor,2026-02-24,8,10.2,7.8,12.6,7,23,12.0,21,3652.61,8180.56
SKU0030,Kitchen,2026-01-06,1,35.7,0.0,84.5,34,224,11.0,190,3882.87,9064.56
SKU0030,Kitchen,2026-01-13,2,59.0,2.2,115.8,34,224,11.0,190,3882.87,9064.56
SKU0030,Kitchen,2026-01-20,3,62.9,11.7,114.1,34,224,11.0,190,3882.87,9064.56
SKU0030,Kitchen,2026-01-27,4,53.0,35.9,70.2,34,224,11.0,190,3882.87,9064.56
SKU0030,Kitchen,2026-02-03,5,52.0,38.7,65.3,34,224,11.0,190,3882.87,9064.56
SKU0030,Kitchen,2026-02-10,6,54.8,44.3,65.3,34,224,11.0,190,3882.87,9064.56
SKU0030,Kitchen,2026-02-17,7,55.4,44.8,66.1,34,224,11.0,190,3882.87,9064.56
SKU0030,Kitchen,2026-02-24,8,44.0,35.6,52.5,34,224,11.0,190,3882.87,9064.56
SKU0031,Decor,2026-01-06,1,82.4,0.0,197.3,16,662,20.0,450,1234.52,1871.12
SKU0031,Decor,2026-01-13,2,152.8,40.7,264.9,16,662,20.0,450,1234.52,1871.12
SKU0031,Decor,2026-01-20,3,166.1,62.0,270.2,16,662,20.0,450,1234.52,1871.12
SKU0031,Decor,2026-01-27,4,145.1,91.9,198.3,16,662,20.0,450,1234.52,1871.12
SKU0031,Decor,2026-02-03,5,131.1,89.9,172.3,16,662,20.0,450,1234.52,1871.12
SKU0031,Decor,2026-02-10,6,128.6,103.9,153.3,16,662,20.0,450,1234.52,1871.12
SKU0031,Decor,2026-02-17,7,120.0,96.9,143.0,16,662,20.0,450,1234.52,1871.12
SKU0031,Decor,2026-02-24,8,104.0,84.1,124.0,16,662,20.0,450,1234.52,1871.12
SKU0032,Small Appliances,2026-01-06,1,30.8,0.0,73.1,117,299,10.0,236,1931.95,3173.88
SKU0032,Small Appliances,2026-01-13,2,56.5,5.8,107.1,117,299,10.0,236,1931.95,3173.88
SKU0032,Small Appliances,2026-01-20,3,58.6,11.7,105.5,117,299,10.0,236,1931.95,3173.88
SKU0032,Small Appliances,2026-01-27,4,48.8,32.0,65.6,117,299,10.0,236,1931.95,3173.88
SKU0032,Small Appliances,2026-02-03,5,51.6,37.6,65.6,117,299,10.0,236,1931.95,3173.88
SKU0032,Small Appliances,2026-02-10,6,55.9,45.1,66.6,117,299,10.0,236,1931.95,3173.88
SKU0032,Small Appliances,2026-02-17,7,54.3,43.9,64.8,117,299,10.0,236,1931.95,3173.88
SKU0032,Small Appliances,2026-02-24,8,45.3,36.6,54.0,117,299,10.0,236,1931.95,3173.88
SKU0033,Bedding,2026-01-06,1,62.8,0.0,153.0,516,0,10.0,426,871.74,2116.53
SKU0033,Bedding,2026-01-13,2,135.7,25.4,246.0,516,0,10.0,426,871.74,2116.53
SKU0033,Bedding,2026-01-20,3,160.7,55.5,265.8,516,0,10.0,426,871.74,2116.53
SKU0033,Bedding,2026-01-27,4,115.9,62.6,169.3,516,0,10.0,426,871.74,2116.53
SKU0033,Bedding,2026-02-03,5,112.8,66.7,158.9,516,0,10.0,426,871.74,2116.53
SKU0033,Bedding,2026-02-10,6,118.7,94.3,143.2,516,0,10.0,426,871.74,2116.53
SKU0033,Bedding,2026-02-17,7,110.4,85.3,135.4,516,0,10.0,426,871.74,2116.53
SKU0033,Bedding,2026-02-24,8,90.2,72.9,107.6,516,0,10.0,426,871.74,2116.53
SKU0034,Small Appliances,2026-01-06,1,84.0,0.0,199.2,358,0,8.0,254,2933.96,5628.84
SKU0034,Small Appliances,2026-01-13,2,173.8,50.0,297.7,358,0,8.0,254,2933.96,5628.84
SKU0034,Small Appliances,2026-01-20,3,186.6,77.3,295.8,358,0,8.0,254,2933.96,5628.84
SKU0034,Small Appliances,2026-01-27,4,157.3,88.2,226.5,358,0,8.0,254,2933.96,5628.84
SKU0034,Small Appliances,2026-02-03,5,143.0,92.2,193.9,358,0,8.0,254,2933.96,5628.84
SKU0034,Small Appliances,2026-02-10,6,135.8,109.7,161.9,358,0,8.0,254,2933.96,5628.84
SKU0034,Small Appliances,2026-02-17,7,127.9,103.0,152.8,358,0,8.0,254,2933.96,5628.84
SKU0034,Small Appliances,2026-02-24,8,114.2,92.3,136.1,358,0,8.0,254,2933.96,5628.84
SKU0035,Decor,2026-01-06,1,81.0,0.0,206.9,0,605,23.0,541,2669.42,4007.69
SKU0035,Decor,2026-01-13,2,183.3,42.7,323.9,0,605,23.0,541,2669.42,4007.69
SKU0035,Decor,2026-01-20,3,181.5,55.2,307.9,0,605,23.0,541,2669.42,4007.69
SKU0035,Decor,2026-01-27,4,151.2,77.8,224.6,0,605,23.0,541,2669.42,4007.69
SKU0035,Decor,2026-02-03,5,144.3,91.3,197.3,0,605,23.0,541,2669.42,4007.69
SKU0035,Decor,2026-02-10,6,136.8,110.6,163.1,0,605,23.0,541,2669.42,4007.69
SKU0035,Decor,2026-02-17,7,131.4,106.2,156.6,0,605,23.0,541,2669.42,4007.69
SKU0035,Decor,2026-02-24,8,117.6,95.0,140.1,0,605,23.0,541,2669.42,4007.69
SKU0036,Small Appliances,2026-01-06,1,88.0,0.0,269.0,603,883,14.0,931,358.13,713.68
SKU0036,Small Appliances,2026-01-13,2,209.6,5.4,413.8,603,883,14.0,931,358.13,713.68
SKU0036,Small Appliances,2026-01-20,3,216.7,75.6,357.8,603,883,14.0,931,358.13,713.68
SKU0036,Small Appliances,2026-01-27,4,208.4,112.9,303.9,603,883,14.0,931,358.13,713.68
SKU0036,Small Appliances,2026-02-03,5,172.1,103.5,240.7,603,883,14.0,931,358.13,713.68
SKU0036,Small Appliances,2026-02-10,6,179.2,144.8,213.6,603,883,14.0,931,358.13,713.68
SKU0036,Small Appliances,2026-02-17,7,153.0,123.6,182.4,603,883,14.0,931,358.13,713.68
SKU0036,Small Appliances,2026-02-24,8,143.7,116.1,171.3,603,883,14.0,931,358.13,713.68
SKU0037,Furniture,2026-01-06,1,26.1,0.4,51.8,86,173,15.0,196,592.93,1248.22
SKU0037,Furniture,2026-01-13,2,33.1,5.0,61.2,86,173,15.0,196,592.93,1248.22
SKU0037,Furniture,2026-01-20,3,33.4,6.2,60.5,86,173,15.0,196,592.93,1248.22
SKU0037,Furniture,2026-01-27,4,25.0,16.0,34.0,86,173,15.0,196,592.93,1248.22
SKU0037,Furniture,2026-02-03,5,25.4,20.5,30.4,86,173,15.0,196,592.93,1248.22
SKU0037,Furniture,2026-02-10,6,28.4,22.9,33.8,86,173,15.0,196,592.93,1248.22
SKU0037,Furniture,2026-02-17,7,31.1,25.1,37.1,86,173,15.0,196,592.93,1248.22
SKU0037,Furniture,2026-02-24,8,21.6,17.5,25.7,86,173,15.0,196,592.93,1248.22
SKU0038,Furniture,2026-01-06,1,0.6,0.0,13.4,525,0,18.0,415,3715.46,7792.34
SKU0038,Furniture,2026-01-13,2,3.0,0.0,21.5,525,0,18.0,415,3715.46,7792.34
SKU0038,Furniture,2026-01-20,3,1.2,0.0,17.0,525,0,18.0,415,3715.46,7792.34
SKU0038,Furniture,2026-01-27,4,0.0,0.0,5.9,525,0,18.0,415,3715.46,7792.34
SKU0038,Furniture,2026-02-03,5,0.0,0.0,1.4,525,0,18.0,415,3715.46,7792.34
SKU0038,Furniture,2026-02-10,6,0.0,0.0,1.6,525,0,18.0,415,3715.46,7792.34
SKU0038,Furniture,2026-02-17,7,0.0,0.0,1.3,525,0,18.0,415,3715.46,7792.34
SKU0038,Furniture,2026-02-24,8,0.0,0.0,1.3,525,0,18.0,415,3715.46,7792.34
SKU0039,Small Appliances,2026-01-06,1,82.6,0.0,185.9,287,513,9.0,341,286.65,731.04
SKU0039,Small Appliances,2026-01-13,2,149.7,38.1,261.2,287,513,9.0,341,286.65,731.04
SKU0039,Small Appliances,2026-01-20,3,166.8,64.7,269.0,287,513,9.0,341,286.65,731.04
SKU0039,Small Appliances,2026-01-27,4,137.7,79.8,195.6,287,513,9.0,341,286.65,731.04
SKU0039,Small Appliances,2026-02-03,5,130.1,89.7,170.4,287,513,9.0,341,286.65,731.04
SKU0039,Small Appliances,2026-02-10,6,125.4,101.4,149.5,287,513,9.0,341,286.65,731.04
SKU0039,Small Appliances,2026-02-17,7,123.5,99.8,147.2,287,513,9.0,341,286.65,731.04
SKU0039,Small Appliances,2026-02-24,8,104.0,84.0,123.9,287,513,9.0,341,286.65,731.04
SKU0040,Small Appliances,2026-01-06,1,69.5,0.0,161.7,111,546,7.0,254,3174.39,4759.29
SKU0040,Small Appliances,2026-01-13,2,136.0,26.6,245.5,111,546,7.0,254,3174.39,4759.29
SKU0040,Small Appliances,2026-01-20,3,154.9,61.9,247.9,111,546,7.0,254,3174.39,4759.29
SKU0040,Small Appliances,2026-01-27,4,117.2,67.6,166.7,111,546,7.0,254,3174.39,4759.29
SKU0040,Small Appliances,2026-02-03,5,116.8,76.2,157.5,111,546,7.0,254,3174.39,4759.29
SKU0040,Small Appliances,2026-02-10,6,120.1,97.0,143.1,111,546,7.0,254,3174.39,4759.29
SKU0040,Small Appliances,2026-02-17,7,110.0,88.9,131.2,111,546,7.0,254,3174.39,4759.29
SKU0040,Small Appliances,2026-02-24,8,89.5,72.3,106.7,111,546,7.0,254,3174.39,4759.29
SKU0041,Decor,2026-01-06,1,34.4,10.9,57.8,0,57,9.0,33,3763.74,7851.44
SKU0041,Decor,2026-01-13,2,38.8,10.2,67.3,0,57,9.0,33,3763.74,7851.44
SKU0041,Decor,2026-01-20,3,43.4,16.3,70.4,0,57,9.0,33,3763.74,7851.44
SKU0041,Decor,2026-01-27,4,40.9,33.1,48.8,0,57,9.0,33,3763.74,7851.44
SKU0041,Decor,2026-02-03,5,37.7,30.4,44.9,0,57,9.0,33,3763.74,7851.44
SKU0041,Decor,2026-02-10,6,41.4,33.4,49.3,0,57,9.0,33,3763.74,7851.44
SKU0041,Decor,2026-02-17,7,40.0,32.3,47.7,0,57,9.0,33,3763.74,7851.44
SKU0041,Decor,2026-02-24,8,33.1,26.7,39.4,0,57,9.0,33,3763.74,7851.44
SKU0042,Small Appliances,2026-01-06,1,49.2,0.0,119.2,25,345,23.0,281,1214.51,2183.55
SKU0042,Small Appliances,2026-01-13,2,92.0,16.0,168.1,25,345,23.0,281,1214.51,2183.55
SKU0042,Small Appliances,2026-01-20,3,92.6,36.7,148.5,25,345,23.0,281,1214.51,2183.55
SKU0042,Small Appliances,2026-01-27,4,74.1,40.1,108.1,25,345,23.0,281,1214.51,2183.55
SKU0042,Small Appliances,2026-02-03,5,73.1,50.5,95.7,25,345,23.0,281,1214.51,2183.55
SKU0042,Small Appliances,2026-02-10,6,71.4,57.7,85.1,25,345,23.0,281,1214.51,2183.55
SKU0042,Small Appliances,2026-02-17,7,64.6,52.2,77.0,25,345,23.0,281,1214.51,2183.55
SKU0042,Small Appliances,2026-02-24,8,55.6,44.9,66.3,25,345,23.0,281,1214.51,2183.55
SKU0043,Small Appliances,2026-01-06,1,88.1,0.0,220.9,204,276,27.0,453,282.13,674.73
SKU0043,Small Appliances,2026-01-13,2,185.0,29.7,340.4,204,276,27.0,453,282.13,674.73
SKU0043,Small Appliances,2026-01-20,3,206.3,68.9,343.7,204,276,27.0,453,282.13,674.73
SKU0043,Small Appliances,2026-01-27,4,162.0,85.2,238.8,204,276,27.0,453,282.13,674.73
SKU0043,Small Appliances,2026-02-03,5,152.6,95.5,209.6,204,276,27.0,453,282.13,674.73
SKU0043,Small Appliances,2026-02-10,6,155.4,125.6,185.2,204,276,27.0,453,282.13,674.73
SKU0043,Small Appliances,2026-02-17,7,146.8,118.6,175.0,204,276,27.0,453,282.13,674.73
SKU0043,Small Appliances,2026-02-24,8,122.0,98.6,145.4,204,276,27.0,453,282.13,674.73
SKU0044,Small Appliances,2026-01-06,1,75.3,0.0,193.1,0,615,8.0,334,732.95,1513.43
SKU0044,Small Appliances,2026-01-13,2,145.5,14.4,276.7,0,615,8.0,334,732.95,1513.43
SKU0044,Small Appliances,2026-01-20,3,158.7,63.9,253.5,0,615,8.0,334,732.95,1513.43
SKU0044,Small Appliances,2026-01-27,4,125.7,62.4,188.9,0,615,8.0,334,732.95,1513.43
SKU0044,Small Appliances,2026-02-03,5,118.2,77.6,158.8,0,615,8.0,334,732.95,1513.43
SKU0044,Small Appliances,2026-02-10,6,119.6,96.7,142.6,0,615,8.0,334,732.95,1513.43
SKU0044,Small Appliances,2026-02-17,7,111.7,90.3,133.2,0,615,8.0,334,732.95,1513.43
SKU0044,Small Appliances,2026-02-24,8,90.6,73.2,108.0,0,615,8.0,334,732.95,1513.43
SKU0045,Decor,2026-01-06,1,55.3,0.0,144.9,709,540,29.0,1054,1268.69,2780.09
SKU0045,Decor,2026-01-13,2,121.2,30.7,211.7,709,540,29.0,1054,1268.69,2780.09
SKU0045,Decor,2026-01-20,3,128.4,39.5,217.4,709,540,29.0,1054,1268.69,2780.09
SKU0045,Decor,2026-01-27,4,93.4,39.1,147.7,709,540,29.0,1054,1268.69,2780.09
SKU0045,Decor,2026-02-03,5,84.2,47.5,121.0,709,540,29.0,1054,1268.69,2780.09
SKU0045,Decor,2026-02-10,6,88.1,64.5,111.8,709,540,29.0,1054,1268.69,2780.09
SKU0045,Decor,2026-02-17,7,84.8,62.3,107.2,709,540,29.0,1054,1268.69,2780.09
SKU0045,Decor,2026-02-24,8,67.6,54.6,80.6,709,540,29.0,1054,1268.69,2780.09
SKU0046,Bedding,2026-01-06,1,53.4,0.0,128.0,720,0,23.0,704,3120.86,4772.7
SKU0046,Bedding,2026-01-13,2,114.8,27.7,201.8,720,0,23.0,704,3120.86,4772.7
SKU0046,Bedding,2026-01-20,3,122.4,41.8,203.0,720,0,23.0,704,3120.86,4772.7
SKU0046,Bedding,2026-01-27,4,103.5,60.9,146.2,720,0,23.0,704,3120.86,4772.7
SKU0046,Bedding,2026-02-03,5,89.9,55.5,124.3,720,0,23.0,704,3120.86,4772.7
SKU0046,Bedding,2026-02-10,6,89.5,72.3,106.7,720,0,23.0,704,3120.86,4772.7
SKU0046,Bedding,2026-02-17,7,87.5,70.4,104.7,720,0,23.0,704,3120.86,4772.7
SKU0046,Bedding,2026-02-24,8,72.2,58.4,86.1,720,0,23.0,704,3120.86,4772.7
SKU0047,Bedding,2026-01-06,1,61.0,0.0,145.5,1131,693,25.0,1225,342.17,706.86
SKU0047,Bedding,2026-01-13,2,131.2,33.9,228.6,1131,693,25.0,1225,342.17,706.86
SKU0047,Bedding,2026-01-20,3,135.6,53.9,217.4,1131,693,25.0,1225,342.17,706.86
SKU0047,Bedding,2026-01-27,4,101.4,48.2,154.6,1131,693,25.0,1225,342.17,706.86
SKU0047,Bedding,2026-02-03,5,95.9,57.7,134.0,1131,693,25.0,1225,342.17,706.86
SKU0047,Bedding,2026-02-10,6,97.8,75.3,120.3,1131,693,25.0,1225,342.17,706.86
SKU0047,Bedding,2026-02-17,7,90.5,69.7,111.4,1131,693,25.0,1225,342.17,706.86
SKU0047,Bedding,2026-02-24,8,76.4,61.7,91.1,1131,693,25.0,1225,342.17,706.86
SKU0048,Decor,2026-01-06,1,69.6,0.0,164.6,0,239,12.0,199,3353.2,7946.75
SKU0048,Decor,2026-01-13,2,131.2,30.6,231.7,0,239,12.0,199,3353.2,7946.75
SKU0048,Decor,2026-01-20,3,144.9,51.3,238.4,0,239,12.0,199,3353.2,7946.75
SKU0048,Decor,2026-01-27,4,112.4,59.6,165.2,0,239,12.0,199,3353.2,7946.75
SKU0048,Decor,2026-02-03,5,109.4,73.0,145.7,0,239,12.0,199,3353.2,7946.75
SKU0048,Decor,2026-02-10,6,105.9,85.5,126.2,0,239,12.0,199,3353.2,7946.75
SKU0048,Decor,2026-02-17,7,99.2,79.2,119.2,0,239,12.0,199,3353.2,7946.75
SKU0048,Decor,2026-02-24,8,82.8,66.9,98.7,0,239,12.0,199,3353.2,7946.75
SKU0049,Kitchen,2026-01-06,1,82.1,0.0,203.4,271,494,16.0,575,1305.49,2634.57
SKU0049,Kitchen,2026-01-13,2,187.9,46.3,329.4,271,494,16.0,575,1305.49,2634.57
SKU0049,Kitchen,2026-01-20,3,171.2,66.6,275.8,271,494,16.0,575,1305.49,2634.57
SKU0049,Kitchen,2026-01-27,4,158.3,93.2,223.5,271,494,16.0,575,1305.49,2634.57
SKU0049,Kitchen,2026-02-03,5,151.9,100.1,203.7,271,494,16.0,575,1305.49,2634.57
SKU0049,Kitchen,2026-02-10,6,141.0,114.0,168.1,271,494,16.0,575,1305.49,2634.57
SKU0049,Kitchen,2026-02-17,7,133.6,108.0,159.3,271,494,16.0,575,1305.49,2634.57
SKU0049,Kitchen,2026-02-24,8,115.6,93.4,137.8,271,494,16.0,575,1305.49,2634.57
SKU0050,Kitchen,2026-01-06,1,6.3,0.0,14.1,35,47,23.0,76,3756.97,6001.87
SKU0050,Kitchen,2026-01-13,2,9.1,0.5,17.7,35,47,23.0,76,3756.97,6001.87
SKU0050,Kitchen,2026-01-20,3,9.2,2.4,16.0,35,47,23.0,76,3756.97,6001.87
SKU0050,Kitchen,2026-01-27,4,9.3,6.5,12.0,35,47,23.0,76,3756.97,6001.87
SKU0050,Kitchen,2026-02-03,5,9.7,7.8,11.5,35,47,23.0,76,3756.97,6001.87
SKU0050,Kitchen,2026-02-10,6,12.7,10.2,15.1,35,47,23.0,76,3756.97,6001.87
SKU0050,Kitchen,2026-02-17,7,14.4,11.7,17.2,35,47,23.0,76,3756.97,6001.87
SKU0050,Kitchen,2026-02-24,8,11.1,8.4,13.9,35,47,23.0,76,3756.97,6001.87
SKU0051,Small Appliances,2026-01-06,1,69.7,0.0,166.0,0,164,11.0,134,2001.84,9808.49
SKU0051,Small Appliances,2026-01-13,2,135.3,37.1,233.6,0,164,11.0,134,2001.84,9808.49
SKU0051,Small Appliances,2026-01-20,3,151.3,67.0,235.5,0,164,11.0,134,2001.84,9808.49
SKU0051,Small Appliances,2026-01-27,4,119.8,71.3,168.3,0,164,11.0,134,2001.84,9808.49
SKU0051,Small Appliances,2026-02-03,5,117.5,78.4,156.7,0,164,11.0,134,2001.84,9808.49
SKU0051,Small Appliances,2026-02-10,6,119.1,96.2,141.9,0,164,11.0,134,2001.84,9808.49
SKU0051,Small Appliances,2026-02-17,7,110.8,89.5,132.1,0,164,11.0,134,2001.84,9808.49
SKU0051,Small Appliances,2026-02-24,8,93.0,75.1,110.8,0,164,11.0,134,2001.84,9808.49
SKU0052,Small Appliances,2026-01-06,1,107.4,0.0,242.6,425,564,28.0,693,3585.01,8862.63
SKU0052,Small Appliances,2026-01-13,2,198.9,30.7,367.0,425,564,28.0,693,3585.01,8862.63
SKU0052,Small Appliances,2026-01-20,3,233.5,89.0,377.9,425,564,28.0,693,3585.01,8862.63
SKU0052,Small Appliances,2026-01-27,4,185.1,116.3,253.9,425,564,28.0,693,3585.01,8862.63
SKU0052,Small Appliances,2026-02-03,5,176.3,117.3,235.4,425,564,28.0,693,3585.01,8862.63
SKU0052,Small Appliances,2026-02-10,6,168.1,135.8,200.4,425,564,28.0,693,3585.01,8862.63
SKU0052,Small Appliances,2026-02-17,7,160.5,128.0,193.0,425,564,28.0,693,3585.01,8862.63
SKU0052,Small Appliances,2026-02-24,8,140.5,113.5,167.4,425,564,28.0,693,3585.01,8862.63
SKU0053,Furniture,2026-01-06,1,21.0,2.9,39.1,123,0,15.0,120,3133.65,6875.21
SKU0053,Furniture,2026-01-13,2,22.3,5.8,38.7,123,0,15.0,120,3133.65,6875.21
SKU0053,Furniture,2026-01-20,3,24.6,12.3,36.9,123,0,15.0,120,3133.65,6875.21
SKU0053,Furniture,2026-01-27,4,23.7,18.7,28.8,123,0,15.0,120,3133.65,6875.21
SKU0053,Furniture,2026-02-03,5,26.3,21.3,31.4,123,0,15.0,120,3133.65,6875.21
SKU0053,Furniture,2026-02-10,6,25.6,20.7,30.5,123,0,15.0,120,3133.65,6875.21
SKU0053,Furniture,2026-02-17,7,22.9,18.5,27.3,123,0,15.0,120,3133.65,6875.21
SKU0053,Furniture,2026-02-24,8,16.9,13.6,20.1,123,0,15.0,120,3133.65,6875.21
SKU0054,Decor,2026-01-06,1,66.4,0.0,169.7,784,727,24.0,1222,558.97,1283.48
SKU0054,Decor,2026-01-13,2,208.3,63.5,353.1,784,727,24.0,1222,558.97,1283.48
SKU0054,Decor,2026-01-20,3,207.9,85.6,330.3,784,727,24.0,1222,558.97,1283.48
SKU0054,Decor,2026-01-27,4,180.9,103.1,258.6,784,727,24.0,1222,558.97,1283.48
SKU0054,Decor,2026-02-03,5,150.8,76.0,225.7,784,727,24.0,1222,558.97,1283.48
SKU0054,Decor,2026-02-10,6,160.0,129.3,190.7,784,727,24.0,1222,558.97,1283.48
SKU0054,Decor,2026-02-17,7,143.8,115.7,171.9,784,727,24.0,1222,558.97,1283.48
SKU0054,Decor,2026-02-24,8,125.1,101.1,149.1,784,727,24.0,1222,558.97,1283.48
SKU0055,Decor,2026-01-06,1,69.0,0.0,158.0,211,593,25.0,517,1115.69,1726.32
SKU0055,Decor,2026-01-13,2,134.6,33.4,235.9,211,593,25.0,517,1115.69,1726.32
SKU0055,Decor,2026-01-20,3,150.6,65.7,235.6,211,593,25.0,517,1115.69,1726.32
SKU0055,Decor,2026-01-27,4,117.7,67.0,168.4,211,593,25.0,517,1115.69,1726.32
SKU0055,Decor,2026-02-03,5,110.1,70.9,149.2,211,593,25.0,517,1115.69,1726.32
SKU0055,Decor,2026-02-10,6,113.3,91.6,135.1,211,593,25.0,517,1115.69,1726.32
SKU0055,Decor,2026-02-17,7,103.4,82.6,124.2,211,593,25.0,517,1115.69,1726.32
SKU0055,Decor,2026-02-24,8,86.2,69.7,102.8,211,593,25.0,517,1115.69,1726.32
SKU0056,Kitchen,2026-01-06,1,17.4,0.0,42.6,0,161,23.0,116,782.48,1263.8
SKU0056,Kitchen,2026-01-13,2,21.7,0.0,49.7,0,161,23.0,116,782.48,1263.8
SKU0056,Kitchen,2026-01-20,3,23.5,0.0,50.2,0,161,23.0,116,782.48,1263.8
SKU0056,Kitchen,2026-01-27,4,22.9,15.7,30.1,0,161,23.0,116,782.48,1263.8
SKU0056,Kitchen,2026-02-03,5,25.4,20.5,30.3,0,161,23.0,116,782.48,1263.8
SKU0056,Kitchen,2026-02-10,6,24.7,20.0,29.4,0,161,23.0,116,782.48,1263.8
SKU0056,Kitchen,2026-02-17,7,26.7,21.6,31.9,0,161,23.0,116,782.48,1263.8
SKU0056,Kitchen,2026-02-24,8,17.0,13.8,20.3,0,161,23.0,116,782.48,1263.8
SKU0057,Decor,2026-01-06,1,53.1,0.0,120.0,604,0,12.0,440,946.45,1677.48
SKU0057,Decor,2026-01-13,2,112.8,39.3,186.3,604,0,12.0,440,946.45,1677.48
SKU0057,Decor,2026-01-20,3,113.3,60.0,166.7,604,0,12.0,440,946.45,1677.48
SKU0057,Decor,2026-01-27,4,88.1,47.3,128.9,604,0,12.0,440,946.45,1677.48
SKU0057,Decor,2026-02-03,5,81.5,50.1,113.0,604,0,12.0,440,946.45,1677.48
SKU0057,Decor,2026-02-10,6,82.4,64.1,100.7,604,0,12.0,440,946.45,1677.48
SKU0057,Decor,2026-02-17,7,79.6,63.0,96.1,604,0,12.0,440,946.45,1677.48
SKU0057,Decor,2026-02-24,8,66.8,54.0,79.6,604,0,12.0,440,946.45,1677.48
SKU0058,Kitchen,2026-01-06,1,5.8,0.0,15.0,0,16,10.0,10,3892.94,7789.34
SKU0058,Kitchen,2026-01-13,2,7.7,0.0,17.7,0,16,10.0,10,3892.94,7789.34
SKU0058,Kitchen,2026-01-20,3,8.1,0.0,17.5,0,16,10.0,10,3892.94,7789.34
SKU0058,Kitchen,2026-01-27,4,6.4,4.8,8.1,0,16,10.0,10,3892.94,7789.34
SKU0058,Kitchen,2026-02-03,5,6.1,4.8,7.4,0,16,10.0,10,3892.94,7789.34
SKU0058,Kitchen,2026-02-10,6,7.6,6.1,9.1,0,16,10.0,10,3892.94,7789.34
SKU0058,Kitchen,2026-02-17,7,9.9,8.0,11.8,0,16,10.0,10,3892.94,7789.34
SKU0058,Kitchen,2026-02-24,8,7.4,5.5,9.4,0,16,10.0,10,3892.94,7789.34
SKU0059,Small Appliances,2026-01-06,1,44.8,0.0,101.6,251,326,13.0,324,1072.69,1671.45
SKU0059,Small Appliances,2026-01-13,2,80.6,23.8,137.3,251,326,13.0,324,1072.69,1671.45
SKU0059,Small Appliances,2026-01-20,3,81.7,35.9,127.6,251,326,13.0,324,1072.69,1671.45
SKU0059,Small Appliances,2026-01-27,4,67.2,42.6,91.8,251,326,13.0,324,1072.69,1671.45
SKU0059,Small Appliances,2026-02-03,5,66.0,46.9,85.0,251,326,13.0,324,1072.69,1671.45
SKU0059,Small Appliances,2026-02-10,6,62.7,50.7,74.8,251,326,13.0,324,1072.69,1671.45
SKU0059,Small Appliances,2026-02-17,7,61.7,49.9,73.6,251,326,13.0,324,1072.69,1671.45
SKU0059,Small Appliances,2026-02-24,8,52.9,42.7,63.0,251,326,13.0,324,1072.69,1671.45
SKU0060,Furniture,2026-01-06,1,12.1,0.0,25.9,71,0,10.0,37,662.96,1330.96
SKU0060,Furniture,2026-01-13,2,15.6,1.2,30.0,71,0,10.0,37,662.96,1330.96
SKU0060,Furniture,2026-01-20,3,16.7,3.4,29.9,71,0,10.0,37,662.96,1330.96
SKU0060,Furniture,2026-01-27,4,12.5,8.1,16.8,71,0,10.0,37,662.96,1330.96
SKU0060,Furniture,2026-02-03,5,13.4,10.8,16.0,71,0,10.0,37,662.96,1330.96
SKU0060,Furniture,2026-02-10,6,17.1,13.8,20.4,71,0,10.0,37,662.96,1330.96
SKU0060,Furniture,2026-02-17,7,17.7,14.3,21.1,71,0,10.0,37,662.96,1330.96
SKU0060,Furniture,2026-02-24,8,11.7,8.9,14.6,71,0,10.0,37,662.96,1330.96
SKU0061,Kitchen,2026-01-06,1,108.7,0.0,256.4,764,782,27.0,1378,959.15,2268.34
SKU0061,Kitchen,2026-01-13,2,192.2,25.3,359.1,764,782,27.0,1378,959.15,2268.34
SKU0061,Kitchen,2026-01-20,3,226.1,71.0,381.2,764,782,27.0,1378,959.15,2268.34
SKU0061,Kitchen,2026-01-27,4,187.4,110.5,264.4,764,782,27.0,1378,959.15,2268.34
SKU0061,Kitchen,2026-02-03,5,161.8,106.7,216.9,764,782,27.0,1378,959.15,2268.34
SKU0061,Kitchen,2026-02-10,6,166.3,134.4,198.3,764,782,27.0,1378,959.15,2268.34
SKU0061,Kitchen,2026-02-17,7,156.4,123.9,188.9,764,782,27.0,1378,959.15,2268.34
SKU0061,Kitchen,2026-02-24,8,132.8,107.3,158.3,764,782,27.0,1378,959.15,2268.34
SKU0062,Small Appliances,2026-01-06,1,78.5,0.0,218.1,139,770,17.0,885,3008.14,4684.48
SKU0062,Small Appliances,2026-01-13,2,183.7,18.9,348.6,139,770,17.0,885,3008.14,4684.48
SKU0062,Small Appliances,2026-01-20,3,183.8,48.4,319.2,139,770,17.0,885,3008.14,4684.48
SKU0062,Small Appliances,2026-01-27,4,156.8,83.0,230.5,139,770,17.0,885,3008.14,4684.48
SKU0062,Small Appliances,2026-02-03,5,151.2,96.0,206.4,139,770,17.0,885,3008.14,4684.48
SKU0062,Small Appliances,2026-02-10,6,144.8,117.0,172.5,139,770,17.0,885,3008.14,4684.48
SKU0062,Small Appliances,2026-02-17,7,132.2,106.8,157.5,139,770,17.0,885,3008.14,4684.48
SKU0062,Small Appliances,2026-02-24,8,114.2,92.3,136.1,139,770,17.0,885,3008.14,4684.48
SKU0063,Small Appliances,2026-01-06,1,42.6,0.0,96.2,159,342,11.0,261,1710.8,3012.96
SKU0063,Small Appliances,2026-01-13,2,80.6,16.3,144.9,159,342,11.0,261,1710.8,3012.96
SKU0063,Small Appliances,2026-01-20,3,78.4,23.3,133.5,159,342,11.0,261,1710.8,3012.96
SKU0063,Small Appliances,2026-01-27,4,64.9,40.0,89.7,159,342,11.0,261,1710.8,3012.96
SKU0063,Small Appliances,2026-02-03,5,64.4,45.1,83.8,159,342,11.0,261,1710.8,3012.96
SKU0063,Small Appliances,2026-02-10,6,66.7,53.9,79.5,159,342,11.0,261,1710.8,3012.96
SKU0063,Small Appliances,2026-02-17,7,60.5,48.9,72.2,159,342,11.0,261,1710.8,3012.96
SKU0063,Small Appliances,2026-02-24,8,53.6,43.3,63.9,159,342,11.0,261,1710.8,3012.96
SKU0064,Kitchen,2026-01-06,1,33.2,0.0,69.1,49,128,21.0,188,2718.88,6924.3
SKU0064,Kitchen,2026-01-13,2,58.3,14.4,102.1,49,128,21.0,188,2718.88,6924.3
SKU0064,Kitchen,2026-01-20,3,61.8,26.9,96.7,49,128,21.0,188,2718.88,6924.3
SKU0064,Kitchen,2026-01-27,4,56.2,41.7,70.7,49,128,21.0,188,2718.88,6924.3
SKU0064,Kitchen,2026-02-03,5,52.8,38.4,67.2,49,128,21.0,188,2718.88,6924.3
SKU0064,Kitchen,2026-02-10,6,56.4,45.6,67.3,49,128,21.0,188,2718.88,6924.3
SKU0064,Kitchen,2026-02-17,7,54.6,44.1,65.1,49,128,21.0,188,2718.88,6924.3
SKU0064,Kitchen,2026-02-24,8,44.5,36.0,53.0,49,128,21.0,188,2718.88,6924.3
SKU0065,Small Appliances,2026-01-06,1,46.3,0.0,112.4,140,414,11.0,361,294.47,608.45
SKU0065,Small Appliances,2026-01-13,2,79.9,6.2,153.6,140,414,11.0,361,294.47,608.45
SKU0065,Small Appliances,2026-01-20,3,86.9,21.7,152.1,140,414,11.0,361,294.47,608.45
SKU0065,Small Appliances,2026-01-27,4,68.2,40.2,96.2,140,414,11.0,361,294.47,608.45
SKU0065,Small Appliances,2026-02-03,5,65.5,45.8,85.2,140,414,11.0,361,294.47,608.45
SKU0065,Small Appliances,2026-02-10,6,66.1,53.4,78.8,140,414,11.0,361,294.47,608.45
SKU0065,Small Appliances,2026-02-17,7,62.8,50.7,74.8,140,414,11.0,361,294.47,608.45
SKU0065,Small Appliances,2026-02-24,8,52.6,42.5,62.7,140,414,11.0,361,294.47,608.45
SKU0066,Kitchen,2026-01-06,1,68.4,0.0,161.5,67,373,12.0,346,602.41,944.82
SKU0066,Kitchen,2026-01-13,2,132.9,25.6,240.2,67,373,12.0,346,602.41,944.82
SKU0066,Kitchen,2026-01-20,3,147.1,51.9,242.2,67,373,12.0,346,602.41,944.82
SKU0066,Kitchen,2026-01-27,4,116.6,63.8,169.4,67,373,12.0,346,602.41,944.82
SKU0066,Kitchen,2026-02-03,5,110.9,73.0,148.9,67,373,12.0,346,602.41,944.82
SKU0066,Kitchen,2026-02-10,6,114.9,92.8,137.0,67,373,12.0,346,602.41,944.82
SKU0066,Kitchen,2026-02-17,7,106.5,86.0,126.9,67,373,12.0,346,602.41,944.82
SKU0066,Kitchen,2026-02-24,8,87.6,70.8,104.5,67,373,12.0,346,602.41,944.82
SKU0067,Bedding,2026-01-06,1,63.2,0.0,169.2,138,651,26.0,532,2464.96,6210.78
SKU0067,Bedding,2026-01-13,2,127.4,8.7,246.2,138,651,26.0,532,2464.96,6210.78
SKU0067,Bedding,2026-01-20,3,126.5,46.6,206.3,138,651,26.0,532,2464.96,6210.78
SKU0067,Bedding,2026-01-27,4,107.9,56.1,159.8,138,651,26.0,532,2464.96,6210.78
SKU0067,Bedding,2026-02-03,5,109.6,76.3,143.0,138,651,26.0,532,2464.96,6210.78
SKU0067,Bedding,2026-02-10,6,105.9,85.6,126.2,138,651,26.0,532,2464.96,6210.78
SKU0067,Bedding,2026-02-17,7,92.0,74.3,109.6,138,651,26.0,532,2464.96,6210.78
SKU0067,Bedding,2026-02-24,8,77.9,62.9,92.8,138,651,26.0,532,2464.96,6210.78
SKU0068,Kitchen,2026-01-06,1,56.4,0.0,117.4,255,292,26.0,356,1976.05,4627.35
SKU0068,Kitchen,2026-01-13,2,101.0,28.2,173.8,255,292,26.0,356,1976.05,4627.35
SKU0068,Kitchen,2026-01-20,3,108.7,52.5,164.9,255,292,26.0,356,1976.05,4627.35
SKU0068,Kitchen,2026-01-27,4,84.5,51.8,117.2,255,292,26.0,356,1976.05,4627.35
SKU0068,Kitchen,2026-02-03,5,83.6,57.9,109.3,255,292,26.0,356,1976.05,4627.35
SKU0068,Kitchen,2026-02-10,6,79.6,64.3,94.9,255,292,26.0,356,1976.05,4627.35
SKU0068,Kitchen,2026-02-17,7,78.5,63.5,93.6,255,292,26.0,356,1976.05,4627.35
SKU0068,Kitchen,2026-02-24,8,63.4,51.2,75.6,255,292,26.0,356,1976.05,4627.35
SKU0069,Kitchen,2026-01-06,1,69.8,0.0,154.5,0,187,11.0,153,3351.83,7897.52
SKU0069,Kitchen,2026-01-13,2,128.6,35.0,222.3,0,187,11.0,153,3351.83,7897.52
SKU0069,Kitchen,2026-01-20,3,139.7,53.2,226.2,0,187,11.0,153,3351.83,7897.52
SKU0069,Kitchen,2026-01-27,4,112.4,67.5,157.2,0,187,11.0,153,3351.83,7897.52
SKU0069,Kitchen,2026-02-03,5,108.9,74.8,142.9,0,187,11.0,153,3351.83,7897.52
SKU0069,Kitchen,2026-02-10,6,104.2,84.2,124.2,0,187,11.0,153,3351.83,7897.52
SKU0069,Kitchen,2026-02-17,7,99.5,80.4,118.6,0,187,11.0,153,3351.83,7897.52
SKU0069,Kitchen,2026-02-24,8,83.5,67.5,99.6,0,187,11.0,153,3351.83,7897.52
SKU0070,Furniture,2026-01-06,1,53.7,0.0,132.6,300,354,28.0,647,2216.92,4715.87
SKU0070,Furniture,2026-01-13,2,115.0,37.0,192.9,300,354,28.0,647,2216.92,4715.87
SKU0070,Furniture,2026-01-20,3,122.8,64.4,181.1,300,354,28.0,647,2216.92,4715.87
SKU0070,Furniture,2026-01-27,4,106.7,65.3,148.2,300,354,28.0,647,2216.92,4715.87
SKU0070,Furniture,2026-02-03,5,94.7,60.1,129.3,300,354,28.0,647,2216.92,4715.87
SKU0070,Furniture,2026-02-10,6,89.9,72.6,107.1,300,354,28.0,647,2216.92,4715.87
SKU0070,Furniture,2026-02-17,7,86.0,69.5,102.5,300,354,28.0,647,2216.92,4715.87
SKU0070,Furniture,2026-02-24,8,72.5,58.6,86.5,300,354,28.0,647,2216.92,4715.87
SKU0071,Kitchen,2026-01-06,1,82.1,0.0,225.2,0,308,9.0,192,1767.77,3268.64
SKU0071,Kitchen,2026-01-13,2,194.1,31.6,356.5,0,308,9.0,192,1767.77,3268.64
SKU0071,Kitchen,2026-01-20,3,208.9,92.6,325.1,0,308,9.0,192,1767.77,3268.64
SKU0071,Kitchen,2026-01-27,4,180.8,107.4,254.2,0,308,9.0,192,1767.77,3268.64
SKU0071,Kitchen,2026-02-03,5,168.9,105.3,232.6,0,308,9.0,192,1767.77,3268.64
SKU0071,Kitchen,2026-02-10,6,168.1,135.8,200.4,0,308,9.0,192,1767.77,3268.64
SKU0071,Kitchen,2026-02-17,7,145.2,117.3,173.1,0,308,9.0,192,1767.77,3268.64
SKU0071,Kitchen,2026-02-24,8,128.6,103.9,153.3,0,308,9.0,192,1767.77,3268.64
SKU0072,Bedding,2026-01-06,1,91.6,0.0,231.9,41,320,10.0,243,2677.34,6535.36
SKU0072,Bedding,2026-01-13,2,192.8,38.6,347.0,41,320,10.0,243,2677.34,6535.36
SKU0072,Bedding,2026-01-20,3,197.5,62.5,332.5,41,320,10.0,243,2677.34,6535.36
SKU0072,Bedding,2026-01-27,4,161.0,86.0,235.9,41,320,10.0,243,2677.34,6535.36
SKU0072,Bedding,2026-02-03,5,159.7,105.5,213.8,41,320,10.0,243,2677.34,6535.36
SKU0072,Bedding,2026-02-10,6,154.3,124.7,183.9,41,320,10.0,243,2677.34,6535.36
SKU0072,Bedding,2026-02-17,7,144.2,116.5,171.9,41,320,10.0,243,2677.34,6535.36
SKU0072,Bedding,2026-02-24,8,118.1,95.4,140.8,41,320,10.0,243,2677.34,6535.36
SKU0073,Decor,2026-01-06,1,7.8,0.0,20.7,0,18,14.0,16,1099.32,2523.18
SKU0073,Decor,2026-01-13,2,10.3,0.0,23.0,0,18,14.0,16,1099.32,2523.18
SKU0073,Decor,2026-01-20,3,11.5,0.0,24.0,0,18,14.0,16,1099.32,2523.18
SKU0073,Decor,2026-01-27,4,9.1,5.9,12.3,0,18,14.0,16,1099.32,2523.18
SKU0073,Decor,2026-02-03,5,11.6,9.3,13.8,0,18,14.0,16,1099.32,2523.18
SKU0073,Decor,2026-02-10,6,13.3,10.8,15.9,0,18,14.0,16,1099.32,2523.18
SKU0073,Decor,2026-02-17,7,15.2,12.3,18.2,0,18,14.0,16,1099.32,2523.18
SKU0073,Decor,2026-02-24,8,10.5,7.6,13.4,0,18,14.0,16,1099.32,2523.18
SKU0074,Decor,2026-01-06,1,85.3,0.0,203.5,1148,890,26.0,1521,600.06,888.01
SKU0074,Decor,2026-01-13,2,197.0,54.4,339.7,1148,890,26.0,1521,600.06,888.01
SKU0074,Decor,2026-01-20,3,192.8,93.8,291.8,1148,890,26.0,1521,600.06,888.01
SKU0074,Decor,2026-01-27,4,175.5,108.3,242.7,1148,890,26.0,1521,600.06,888.01
SKU0074,Decor,2026-02-03,5,150.1,92.0,208.2,1148,890,26.0,1521,600.06,888.01
SKU0074,Decor,2026-02-10,6,156.7,126.6,186.8,1148,890,26.0,1521,600.06,888.01
SKU0074,Decor,2026-02-17,7,142.2,114.9,169.5,1148,890,26.0,1521,600.06,888.01
SKU0074,Decor,2026-02-24,8,122.6,99.1,146.2,1148,890,26.0,1521,600.06,888.01
SKU0075,Small Appliances,2026-01-06,1,78.5,0.0,186.4,50,855,18.0,578,3333.72,5908.69
SKU0075,Small Appliances,2026-01-13,2,154.1,37.5,270.8,50,855,18.0,578,3333.72,5908.69
SKU0075,Small Appliances,2026-01-20,3,164.6,64.8,264.3,50,855,18.0,578,3333.72,5908.69
SKU0075,Small Appliances,2026-01-27,4,137.3,76.5,198.1,50,855,18.0,578,3333.72,5908.69
SKU0075,Small Appliances,2026-02-03,5,128.5,85.8,171.1,50,855,18.0,578,3333.72,5908.69
SKU0075,Small Appliances,2026-02-10,6,127.5,103.0,152.0,50,855,18.0,578,3333.72,5908.69
SKU0075,Small Appliances,2026-02-17,7,120.5,97.3,143.6,50,855,18.0,578,3333.72,5908.69
SKU0075,Small Appliances,2026-02-24,8,103.7,83.8,123.6,50,855,18.0,578,3333.72,5908.69
SKU0076,Furniture,2026-01-06,1,49.7,0.0,119.5,73,170,13.0,142,3699.69,5914.47
SKU0076,Furniture,2026-01-13,2,91.5,27.3,155.7,73,170,13.0,142,3699.69,5914.47
SKU0076,Furniture,2026-01-20,3,86.4,33.8,138.9,73,170,13.0,142,3699.69,5914.47
SKU0076,Furniture,2026-01-27,4,70.1,33.8,106.3,73,170,13.0,142,3699.69,5914.47
SKU0076,Furniture,2026-02-03,5,66.5,45.6,87.4,73,170,13.0,142,3699.69,5914.47
SKU0076,Furniture,2026-02-10,6,68.7,55.2,82.2,73,170,13.0,142,3699.69,5914.47
SKU0076,Furniture,2026-02-17,7,64.7,52.3,77.1,73,170,13.0,142,3699.69,5914.47
SKU0076,Furniture,2026-02-24,8,54.5,44.0,64.9,73,170,13.0,142,3699.69,5914.47
SKU0077,Furniture,2026-01-06,1,72.0,0.0,175.8,287,755,29.0,744,638.86,910.62
SKU0077,Furniture,2026-01-13,2,132.4,17.5,247.3,287,755,29.0,744,638.86,910.62
SKU0077,Furniture,2026-01-20,3,146.3,38.1,254.5,287,755,29.0,744,638.86,910.62
SKU0077,Furniture,2026-01-27,4,106.4,48.2,164.6,287,755,29.0,744,638.86,910.62
SKU0077,Furniture,2026-02-03,5,109.2,73.0,145.5,287,755,29.0,744,638.86,910.62
SKU0077,Furniture,2026-02-10,6,104.5,83.3,125.7,287,755,29.0,744,638.86,910.62
SKU0077,Furniture,2026-02-17,7,97.5,75.4,119.5,287,755,29.0,744,638.86,910.62
SKU0077,Furniture,2026-02-24,8,82.5,66.6,98.3,287,755,29.0,744,638.86,910.62
SKU0078,Furniture,2026-01-06,1,82.4,0.0,222.3,85,398,11.0,256,863.64,1264.42
SKU0078,Furniture,2026-01-13,2,201.9,27.6,376.2,85,398,11.0,256,863.64,1264.42
SKU0078,Furniture,2026-01-20,3,215.5,76.6,354.4,85,398,11.0,256,863.64,1264.42
SKU0078,Furniture,2026-01-27,4,199.2,123.6,274.7,85,398,11.0,256,863.64,1264.42
SKU0078,Furniture,2026-02-03,5,177.4,108.7,246.1,85,398,11.0,256,863.64,1264.42
SKU0078,Furniture,2026-02-10,6,176.4,142.5,210.3,85,398,11.0,256,863.64,1264.42
SKU0078,Furniture,2026-02-17,7,160.5,129.7,191.4,85,398,11.0,256,863.64,1264.42
SKU0078,Furniture,2026-02-24,8,135.8,109.8,161.9,85,398,11.0,256,863.64,1264.42
SKU0079,Small Appliances,2026-01-06,1,65.6,0.0,166.1,394,376,21.0,572,1695.8,3021.22
SKU0079,Small Appliances,2026-01-13,2,133.3,32.6,234.0,394,376,21.0,572,1695.8,3021.22
SKU0079,Small Appliances,2026-01-20,3,150.9,68.5,233.4,394,376,21.0,572,1695.8,3021.22
SKU0079,Small Appliances,2026-01-27,4,117.4,56.5,178.3,394,376,21.0,572,1695.8,3021.22
SKU0079,Small Appliances,2026-02-03,5,107.5,66.7,148.3,394,376,21.0,572,1695.8,3021.22
SKU0079,Small Appliances,2026-02-10,6,101.9,80.9,123.0,394,376,21.0,572,1695.8,3021.22
SKU0079,Small Appliances,2026-02-17,7,98.2,73.9,122.6,394,376,21.0,572,1695.8,3021.22
SKU0079,Small Appliances,2026-02-24,8,85.3,69.0,101.7,394,376,21.0,572,1695.8,3021.22
SKU0080,Bedding,2026-01-06,1,33.9,7.5,60.4,73,99,15.0,102,3525.02,8535.34
SKU0080,Bedding,2026-01-13,2,38.0,12.1,63.9,73,99,15.0,102,3525.02,8535.34
SKU0080,Bedding,2026-01-20,3,42.5,19.8,65.3,73,99,15.0,102,3525.02,8535.34
SKU0080,Bedding,2026-01-27,4,38.8,31.4,46.3,73,99,15.0,102,3525.02,8535.34
SKU0080,Bedding,2026-02-03,5,38.7,31.2,46.1,73,99,15.0,102,3525.02,8535.34
SKU0080,Bedding,2026-02-10,6,38.5,31.1,45.9,73,99,15.0,102,3525.02,8535.34
SKU0080,Bedding,2026-02-17,7,39.4,31.8,46.9,73,99,15.0,102,3525.02,8535.34
SKU0080,Bedding,2026-02-24,8,30.0,24.3,35.8,73,99,15.0,102,3525.02,8535.34
SKU0081,Small Appliances,2026-01-06,1,4.0,0.0,10.5,209,0,11.0,167,1099.63,1868.56
SKU0081,Small Appliances,2026-01-13,2,7.3,0.0,14.7,209,0,11.0,167,1099.63,1868.56
SKU0081,Small Appliances,2026-01-20,3,7.6,1.8,13.4,209,0,11.0,167,1099.63,1868.56
SKU0081,Small Appliances,2026-01-27,4,5.1,2.9,7.3,209,0,11.0,167,1099.63,1868.56
SKU0081,Small Appliances,2026-02-03,5,6.5,4.5,8.4,209,0,11.0,167,1099.63,1868.56
SKU0081,Small Appliances,2026-02-10,6,7.5,6.1,8.9,209,0,11.0,167,1099.63,1868.56
SKU0081,Small Appliances,2026-02-17,7,12.2,9.9,14.5,209,0,11.0,167,1099.63,1868.56
SKU0081,Small Appliances,2026-02-24,8,8.1,4.7,11.6,209,0,11.0,167,1099.63,1868.56
SKU0082,Furniture,2026-01-06,1,49.1,0.0,116.8,155,411,16.0,483,1781.8,2599.83
SKU0082,Furniture,2026-01-13,2,125.9,36.3,215.4,155,411,16.0,483,1781.8,2599.83
SKU0082,Furniture,2026-01-20,3,148.5,74.5,222.6,155,411,16.0,483,1781.8,2599.83
SKU0082,Furniture,2026-01-27,4,123.9,75.2,172.6,155,411,16.0,483,1781.8,2599.83
SKU0082,Furniture,2026-02-03,5,112.0,63.9,160.0,155,411,16.0,483,1781.8,2599.83
SKU0082,Furniture,2026-02-10,6,109.1,88.1,130.0,155,411,16.0,483,1781.8,2599.83
SKU0082,Furniture,2026-02-17,7,97.5,77.6,117.5,155,411,16.0,483,1781.8,2599.83
SKU0082,Furniture,2026-02-24,8,86.4,69.8,103.0,155,411,16.0,483,1781.8,2599.83
SKU0083,Furniture,2026-01-06,1,78.1,0.0,157.3,582,445,23.0,733,586.35,1407.33
SKU0083,Furniture,2026-01-13,2,191.3,79.8,302.9,582,445,23.0,733,586.35,1407.33
SKU0083,Furniture,2026-01-20,3,172.8,84.9,260.8,582,445,23.0,733,586.35,1407.33
SKU0083,Furniture,2026-01-27,4,152.6,95.6,209.7,582,445,23.0,733,586.35,1407.33
SKU0083,Furniture,2026-02-03,5,134.3,79.2,189.4,582,445,23.0,733,586.35,1407.33
SKU0083,Furniture,2026-02-10,6,133.8,106.4,161.2,582,445,23.0,733,586.35,1407.33
SKU0083,Furniture,2026-02-17,7,129.2,104.4,154.0,582,445,23.0,733,586.35,1407.33
SKU0083,Furniture,2026-02-24,8,116.9,94.5,139.4,582,445,23.0,733,586.35,1407.33
SKU0084,Small Appliances,2026-01-06,1,32.7,0.0,76.3,458,0,12.0,310,3714.4,5641.94
SKU0084,Small Appliances,2026-01-13,2,55.7,23.5,87.9,458,0,12.0,310,3714.4,5641.94
SKU0084,Small Appliances,2026-01-20,3,59.5,30.0,89.0,458,0,12.0,310,3714.4,5641.94
SKU0084,Small Appliances,2026-01-27,4,52.3,38.8,65.7,458,0,12.0,310,3714.4,5641.94
SKU0084,Small Appliances,2026-02-03,5,53.2,39.9,66.4,458,0,12.0,310,3714.4,5641.94
SKU0084,Small Appliances,2026-02-10,6,56.0,45.3,66.8,458,0,12.0,310,3714.4,5641.94
SKU0084,Small Appliances,2026-02-17,7,51.6,41.7,61.5,458,0,12.0,310,3714.4,5641.94
SKU0084,Small Appliances,2026-02-24,8,44.6,36.0,53.2,458,0,12.0,310,3714.4,5641.94
SKU0085,Kitchen,2026-01-06,1,81.8,0.0,200.3,540,1347,19.0,1231,3922.37,9266.33
SKU0085,Kitchen,2026-01-13,2,204.3,60.7,347.8,540,1347,19.0,1231,3922.37,9266.33
SKU0085,Kitchen,2026-01-20,3,206.2,89.1,323.3,540,1347,19.0,1231,3922.37,9266.33
SKU0085,Kitchen,2026-01-27,4,179.4,107.1,251.8,540,1347,19.0,1231,3922.37,9266.33
SKU0085,Kitchen,2026-02-03,5,163.7,98.6,228.8,540,1347,19.0,1231,3922.37,9266.33
SKU0085,Kitchen,2026-02-10,6,157.9,127.6,188.2,540,1347,19.0,1231,3922.37,9266.33
SKU0085,Kitchen,2026-02-17,7,139.0,112.3,165.7,540,1347,19.0,1231,3922.37,9266.33
SKU0085,Kitchen,2026-02-24,8,126.3,102.1,150.6,540,1347,19.0,1231,3922.37,9266.33
SKU0086,Kitchen,2026-01-06,1,79.7,0.0,205.6,36,1300,25.0,1118,2641.44,6167.22
SKU0086,Kitchen,2026-01-13,2,202.5,65.6,339.5,36,1300,25.0,1118,2641.44,6167.22
SKU0086,Kitchen,2026-01-20,3,217.3,95.6,339.1,36,1300,25.0,1118,2641.44,6167.22
SKU0086,Kitchen,2026-01-27,4,190.5,112.8,268.1,36,1300,25.0,1118,2641.44,6167.22
SKU0086,Kitchen,2026-02-03,5,164.0,94.4,233.7,36,1300,25.0,1118,2641.44,6167.22
SKU0086,Kitchen,2026-02-10,6,162.7,131.5,194.0,36,1300,25.0,1118,2641.44,6167.22
SKU0086,Kitchen,2026-02-17,7,147.6,119.0,176.3,36,1300,25.0,1118,2641.44,6167.22
SKU0086,Kitchen,2026-02-24,8,128.4,103.7,153.0,36,1300,25.0,1118,2641.44,6167.22
SKU0087,Bedding,2026-01-06,1,54.8,0.0,117.4,450,1153,29.0,1092,2154.05,5232.37
SKU0087,Bedding,2026-01-13,2,101.3,25.5,177.2,450,1153,29.0,1092,2154.05,5232.37
SKU0087,Bedding,2026-01-20,3,107.5,42.1,172.9,450,1153,29.0,1092,2154.05,5232.37
SKU0087,Bedding,2026-01-27,4,84.6,53.4,115.8,450,1153,29.0,1092,2154.05,5232.37
SKU0087,Bedding,2026-02-03,5,82.1,56.0,108.3,450,1153,29.0,1092,2154.05,5232.37
SKU0087,Bedding,2026-02-10,6,81.9,66.2,97.7,450,1153,29.0,1092,2154.05,5232.37
SKU0087,Bedding,2026-02-17,7,79.6,64.3,94.9,450,1153,29.0,1092,2154.05,5232.37
SKU0087,Bedding,2026-02-24,8,66.8,54.0,79.6,450,1153,29.0,1092,2154.05,5232.37
SKU0088,Small Appliances,2026-01-06,1,73.2,0.0,241.0,1096,0,15.0,1007,1663.34,3605.25
SKU0088,Small Appliances,2026-01-13,2,193.2,0.0,388.3,1096,0,15.0,1007,1663.34,3605.25
SKU0088,Small Appliances,2026-01-20,3,216.2,56.0,376.4,1096,0,15.0,1007,1663.34,3605.25
SKU0088,Small Appliances,2026-01-27,4,190.3,98.3,282.4,1096,0,15.0,1007,1663.34,3605.25
SKU0088,Small Appliances,2026-02-03,5,155.0,83.6,226.4,1096,0,15.0,1007,1663.34,3605.25
SKU0088,Small Appliances,2026-02-10,6,166.8,134.8,198.9,1096,0,15.0,1007,1663.34,3605.25
SKU0088,Small Appliances,2026-02-17,7,145.2,115.2,175.2,1096,0,15.0,1007,1663.34,3605.25
SKU0088,Small Appliances,2026-02-24,8,123.9,100.1,147.7,1096,0,15.0,1007,1663.34,3605.25
SKU0089,Decor,2026-01-06,1,55.9,0.0,148.5,0,176,9.0,111,2015.93,3830.81
SKU0089,Decor,2026-01-13,2,113.0,17.6,208.3,0,176,9.0,111,2015.93,3830.81
SKU0089,Decor,2026-01-20,3,111.9,43.4,180.4,0,176,9.0,111,2015.93,3830.81
SKU0089,Decor,2026-01-27,4,92.0,47.3,136.8,0,176,9.0,111,2015.93,3830.81
SKU0089,Decor,2026-02-03,5,88.1,58.5,117.7,0,176,9.0,111,2015.93,3830.81
SKU0089,Decor,2026-02-10,6,82.4,66.6,98.3,0,176,9.0,111,2015.93,3830.81
SKU0089,Decor,2026-02-17,7,78.9,63.8,94.1,0,176,9.0,111,2015.93,3830.81
SKU0089,Decor,2026-02-24,8,68.6,55.4,81.8,0,176,9.0,111,2015.93,3830.81
SKU0090,Furniture,2026-01-06,1,54.4,0.0,144.1,118,982,20.0,709,1596.54,2937.11
SKU0090,Furniture,2026-01-13,2,134.0,21.5,246.5,118,982,20.0,709,1596.54,2937.11
SKU0090,Furniture,2026-01-20,3,152.0,47.7,256.2,118,982,20.0,709,1596.54,2937.11
SKU0090,Furniture,2026-01-27,4,118.2,65.9,170.5,118,982,20.0,709,1596.54,2937.11
SKU0090,Furniture,2026-02-03,5,115.7,68.6,162.8,118,982,20.0,709,1596.54,2937.11
SKU0090,Furniture,2026-02-10,6,118.2,95.5,141.0,118,982,20.0,709,1596.54,2937.11
SKU0090,Furniture,2026-02-17,7,107.9,87.2,128.6,118,982,20.0,709,1596.54,2937.11
SKU0090,Furniture,2026-02-24,8,87.2,70.5,104.0,118,982,20.0,709,1596.54,2937.11
SKU0091,Bedding,2026-01-06,1,51.7,0.0,119.8,0,206,23.0,154,2805.82,4927.73
SKU0091,Bedding,2026-01-13,2,91.1,25.9,156.2,0,206,23.0,154,2805.82,4927.73
SKU0091,Bedding,2026-01-20,3,88.3,34.5,142.1,0,206,23.0,154,2805.82,4927.73
SKU0091,Bedding,2026-01-27,4,70.0,39.8,100.2,0,206,23.0,154,2805.82,4927.73
SKU0091,Bedding,2026-02-03,5,69.1,48.9,89.4,0,206,23.0,154,2805.82,4927.73
SKU0091,Bedding,2026-02-10,6,68.1,55.1,81.2,0,206,23.0,154,2805.82,4927.73
SKU0091,Bedding,2026-02-17,7,64.6,52.2,76.9,0,206,23.0,154,2805.82,4927.73
SKU0091,Bedding,2026-02-24,8,54.6,44.1,65.1,0,206,23.0,154,2805.82,4927.73
SKU0092,Decor,2026-01-06,1,57.0,0.0,126.1,287,892,24.0,749,3682.12,7279.89
SKU0092,Decor,2026-01-13,2,115.4,37.3,193.5,287,892,24.0,749,3682.12,7279.89
SKU0092,Decor,2026-01-20,3,120.5,48.0,193.0,287,892,24.0,749,3682.12,7279.89
SKU0092,Decor,2026-01-27,4,108.5,68.8,148.2,287,892,24.0,749,3682.12,7279.89
SKU0092,Decor,2026-02-03,5,93.8,61.3,126.3,287,892,24.0,749,3682.12,7279.89
SKU0092,Decor,2026-02-10,6,91.7,74.1,109.3,287,892,24.0,749,3682.12,7279.89
SKU0092,Decor,2026-02-17,7,92.6,74.8,110.4,287,892,24.0,749,3682.12,7279.89
SKU0092,Decor,2026-02-24,8,76.9,62.1,91.6,287,892,24.0,749,3682.12,7279.89
SKU0093,Bedding,2026-01-06,1,89.5,0.0,247.1,145,907,28.0,796,3424.53,7476.11
SKU0093,Bedding,2026-01-13,2,207.3,16.0,398.6,145,907,28.0,796,3424.53,7476.11
SKU0093,Bedding,2026-01-20,3,219.7,70.3,369.2,145,907,28.0,796,3424.53,7476.11
SKU0093,Bedding,2026-01-27,4,193.4,112.4,274.5,145,907,28.0,796,3424.53,7476.11
SKU0093,Bedding,2026-02-03,5,167.1,101.0,233.2,145,907,28.0,796,3424.53,7476.11
SKU0093,Bedding,2026-02-10,6,169.0,136.5,201.4,145,907,28.0,796,3424.53,7476.11
SKU0093,Bedding,2026-02-17,7,155.2,125.4,185.0,145,907,28.0,796,3424.53,7476.11
SKU0093,Bedding,2026-02-24,8,132.1,106.8,157.5,145,907,28.0,796,3424.53,7476.11
SKU0094,Small Appliances,2026-01-06,1,89.5,0.0,269.3,0,314,14.0,298,2224.34,4803.46
SKU0094,Small Appliances,2026-01-13,2,225.0,17.9,432.2,0,314,14.0,298,2224.34,4803.46
SKU0094,Small Appliances,2026-01-20,3,232.6,59.6,405.6,0,314,14.0,298,2224.34,4803.46
SKU0094,Small Appliances,2026-01-27,4,191.8,95.2,288.4,0,314,14.0,298,2224.34,4803.46
SKU0094,Small Appliances,2026-02-03,5,190.9,117.9,263.9,0,314,14.0,298,2224.34,4803.46
SKU0094,Small Appliances,2026-02-10,6,170.2,137.5,202.8,0,314,14.0,298,2224.34,4803.46
SKU0094,Small Appliances,2026-02-17,7,167.4,135.3,199.6,0,314,14.0,298,2224.34,4803.46
SKU0094,Small Appliances,2026-02-24,8,138.0,111.5,164.5,0,314,14.0,298,2224.34,4803.46
SKU0095,Furniture,2026-01-06,1,40.4,0.0,97.3,0,501,23.0,339,969.14,2164.82
SKU0095,Furniture,2026-01-13,2,59.8,1.1,118.4,0,501,23.0,339,969.14,2164.82
SKU0095,Furniture,2026-01-20,3,65.2,16.9,113.6,0,501,23.0,339,969.14,2164.82
SKU0095,Furniture,2026-01-27,4,56.5,35.1,77.9,0,501,23.0,339,969.14,2164.82
SKU0095,Furniture,2026-02-03,5,53.7,41.8,65.5,0,501,23.0,339,969.14,2164.82
SKU0095,Furniture,2026-02-10,6,55.4,44.7,66.0,0,501,23.0,339,969.14,2164.82
SKU0095,Furniture,2026-02-17,7,56.8,45.9,67.7,0,501,23.0,339,969.14,2164.82
SKU0095,Furniture,2026-02-24,8,42.8,34.6,51.1,0,501,23.0,339,969.14,2164.82
SKU0096,Bedding,2026-01-06,1,96.4,0.0,234.5,578,674,13.0,682,701.99,1500.33
SKU0096,Bedding,2026-01-13,2,204.7,45.4,363.9,578,674,13.0,682,701.99,1500.33
SKU0096,Bedding,2026-01-20,3,211.0,69.1,352.9,578,674,13.0,682,701.99,1500.33
SKU0096,Bedding,2026-01-27,4,175.7,97.7,253.8,578,674,13.0,682,701.99,1500.33
SKU0096,Bedding,2026-02-03,5,165.6,107.2,223.9,578,674,13.0,682,701.99,1500.33
SKU0096,Bedding,2026-02-10,6,163.3,131.9,194.6,578,674,13.0,682,701.99,1500.33
SKU0096,Bedding,2026-02-17,7,152.9,123.5,182.2,578,674,13.0,682,701.99,1500.33
SKU0096,Bedding,2026-02-24,8,126.7,102.4,151.0,578,674,13.0,682,701.99,1500.33
SKU0097,Bedding,2026-01-06,1,88.3,0.0,203.3,788,0,17.0,779,521.07,1314.73
SKU0097,Bedding,2026-01-13,2,139.2,47.6,230.8,788,0,17.0,779,521.07,1314.73
SKU0097,Bedding,2026-01-20,3,150.8,71.0,230.5,788,0,17.0,779,521.07,1314.73
SKU0097,Bedding,2026-01-27,4,125.4,74.5,176.3,788,0,17.0,779,521.07,1314.73
SKU0097,Bedding,2026-02-03,5,124.9,94.8,154.9,788,0,17.0,779,521.07,1314.73
SKU0097,Bedding,2026-02-10,6,119.1,96.3,142.0,788,0,17.0,779,521.07,1314.73
SKU0097,Bedding,2026-02-17,7,116.8,94.3,139.2,788,0,17.0,779,521.07,1314.73
SKU0097,Bedding,2026-02-24,8,96.7,78.1,115.2,788,0,17.0,779,521.07,1314.73
SKU0098,Bedding,2026-01-06,1,41.7,0.0,90.7,0,122,10.0,100,3843.74,9075.3
SKU0098,Bedding,2026-01-13,2,59.9,4.5,115.4,0,122,10.0,100,3843.74,9075.3
SKU0098,Bedding,2026-01-20,3,64.3,19.7,109.0,0,122,10.0,100,3843.74,9075.3
SKU0098,Bedding,2026-01-27,4,55.8,37.6,74.0,0,122,10.0,100,3843.74,9075.3
SKU0098,Bedding,2026-02-03,5,52.3,41.4,63.2,0,122,10.0,100,3843.74,9075.3
SKU0098,Bedding,2026-02-10,6,55.2,44.6,65.7,0,122,10.0,100,3843.74,9075.3
SKU0098,Bedding,2026-02-17,7,55.9,45.2,66.6,0,122,10.0,100,3843.74,9075.3
SKU0098,Bedding,2026-02-24,8,44.5,35.9,53.0,0,122,10.0,100,3843.74,9075.3
SKU0099,Small Appliances,2026-01-06,1,35.4,0.0,74.5,46,362,15.0,287,3221.44,8167.1
SKU0099,Small Appliances,2026-01-13,2,50.1,8.4,91.8,46,362,15.0,287,3221.44,8167.1
SKU0099,Small Appliances,2026-01-20,3,53.9,20.0,87.8,46,362,15.0,287,3221.44,8167.1
SKU0099,Small Appliances,2026-01-27,4,47.5,29.0,66.1,46,362,15.0,287,3221.44,8167.1
SKU0099,Small Appliances,2026-02-03,5,47.4,38.3,56.5,46,362,15.0,287,3221.44,8167.1
SKU0099,Small Appliances,2026-02-10,6,46.9,37.9,55.9,46,362,15.0,287,3221.44,8167.1
SKU0099,Small Appliances,2026-02-17,7,47.5,38.4,56.6,46,362,15.0,287,3221.44,8167.1
SKU0099,Small Appliances,2026-02-24,8,38.4,31.0,45.8,46,362,15.0,287,3221.44,8167.1
SKU0100,Bedding,2026-01-06,1,29.7,0.0,81.6,338,0,13.0,231,2442.29,3697.77
SKU0100,Bedding,2026-01-13,2,55.9,0.0,113.9,338,0,13.0,231,2442.29,3697.77
SKU0100,Bedding,2026-01-20,3,56.9,10.8,102.9,338,0,13.0,231,2442.29,3697.77
SKU0100,Bedding,2026-01-27,4,47.5,26.4,68.6,338,0,13.0,231,2442.29,3697.77
SKU0100,Bedding,2026-02-03,5,51.7,37.8,65.7,338,0,13.0,231,2442.29,3697.77
SKU0100,Bedding,2026-02-10,6,56.0,45.2,66.7,338,0,13.0,231,2442.29,3697.77
SKU0100,Bedding,2026-02-17,7,51.6,41.7,61.5,338,0,13.0,231,2442.29,3697.77
SKU0100,Bedding,2026-02-24,8,41.5,33.5,49.5,338,0,13.0,231,2442.29,3697.77
SKU0101,Small Appliances,2026-01-06,1,85.9,0.0,203.0,163,428,15.0,481,2346.81,4897.6
SKU0101,Small Appliances,2026-01-13,2,140.8,23.0,258.5,163,428,15.0,481,2346.81,4897.6
SKU0101,Small Appliances,2026-01-20,3,163.9,56.5,271.2,163,428,15.0,481,2346.81,4897.6
SKU0101,Small Appliances,2026-01-27,4,138.8,81.5,196.2,163,428,15.0,481,2346.81,4897.6
SKU0101,Small Appliances,2026-02-03,5,132.0,95.5,168.6,163,428,15.0,481,2346.81,4897.6
SKU0101,Small Appliances,2026-02-10,6,125.5,101.4,149.6,163,428,15.0,481,2346.81,4897.6
SKU0101,Small Appliances,2026-02-17,7,125.0,101.0,148.9,163,428,15.0,481,2346.81,4897.6
SKU0101,Small Appliances,2026-02-24,8,100.8,81.4,120.1,163,428,15.0,481,2346.81,4897.6
SKU0102,Furniture,2026-01-06,1,83.6,0.0,206.7,138,349,8.0,210,2186.0,5064.32
SKU0102,Furniture,2026-01-13,2,185.8,43.5,328.1,138,349,8.0,210,2186.0,5064.32
SKU0102,Furniture,2026-01-20,3,178.5,59.0,298.1,138,349,8.0,210,2186.0,5064.32
SKU0102,Furniture,2026-01-27,4,162.4,96.0,228.8,138,349,8.0,210,2186.0,5064.32
SKU0102,Furniture,2026-02-03,5,150.5,98.4,202.6,138,349,8.0,210,2186.0,5064.32
SKU0102,Furniture,2026-02-10,6,146.8,118.6,175.0,138,349,8.0,210,2186.0,5064.32
SKU0102,Furniture,2026-02-17,7,139.9,113.0,166.7,138,349,8.0,210,2186.0,5064.32
SKU0102,Furniture,2026-02-24,8,120.1,97.0,143.2,138,349,8.0,210,2186.0,5064.32
SKU0103,Kitchen,2026-01-06,1,45.7,2.5,89.0,305,0,8.0,201,2478.46,6239.48
SKU0103,Kitchen,2026-01-13,2,74.2,20.5,127.8,305,0,8.0,201,2478.46,6239.48
SKU0103,Kitchen,2026-01-20,3,72.6,24.3,120.9,305,0,8.0,201,2478.46,6239.48
SKU0103,Kitchen,2026-01-27,4,62.6,46.6,78.6,305,0,8.0,201,2478.46,6239.48
SKU0103,Kitchen,2026-02-03,5,62.1,47.6,76.6,305,0,8.0,201,2478.46,6239.48
SKU0103,Kitchen,2026-02-10,6,62.0,50.1,73.9,305,0,8.0,201,2478.46,6239.48
SKU0103,Kitchen,2026-02-17,7,59.2,47.8,70.6,305,0,8.0,201,2478.46,6239.48
SKU0103,Kitchen,2026-02-24,8,52.6,42.5,62.7,305,0,8.0,201,2478.46,6239.48
SKU0104,Small Appliances,2026-01-06,1,75.9,0.0,188.8,565,0,9.0,482,644.99,970.87
SKU0104,Small Appliances,2026-01-13,2,178.7,53.5,303.8,565,0,9.0,482,644.99,970.87
SKU0104,Small Appliances,2026-01-20,3,173.4,74.5,272.3,565,0,9.0,482,644.99,970.87
SKU0104,Small Appliances,2026-01-27,4,157.5,94.3,220.6,565,0,9.0,482,644.99,970.87
SKU0104,Small Appliances,2026-02-03,5,145.0,92.0,198.0,565,0,9.0,482,644.99,970.87
SKU0104,Small Appliances,2026-02-10,6,138.0,111.5,164.4,565,0,9.0,482,644.99,970.87
SKU0104,Small Appliances,2026-02-17,7,130.0,105.0,154.9,565,0,9.0,482,644.99,970.87
SKU0104,Small Appliances,2026-02-24,8,113.9,92.0,135.8,565,0,9.0,482,644.99,970.87
SKU0105,Small Appliances,2026-01-06,1,58.2,0.0,146.2,148,575,11.0,479,3142.42,6930.54
SKU0105,Small Appliances,2026-01-13,2,149.3,39.8,258.9,148,575,11.0,479,3142.42,6930.54
SKU0105,Small Appliances,2026-01-20,3,163.4,62.9,263.9,148,575,11.0,479,3142.42,6930.54
SKU0105,Small Appliances,2026-01-27,4,150.1,94.1,206.0,148,575,11.0,479,3142.42,6930.54
SKU0105,Small Appliances,2026-02-03,5,123.3,69.6,177.0,148,575,11.0,479,3142.42,6930.54
SKU0105,Small Appliances,2026-02-10,6,128.0,103.5,152.6,148,575,11.0,479,3142.42,6930.54
SKU0105,Small Appliances,2026-02-17,7,123.1,99.5,146.7,148,575,11.0,479,3142.42,6930.54
SKU0105,Small Appliances,2026-02-24,8,100.5,81.2,119.8,148,575,11.0,479,3142.42,6930.54
SKU0106,Small Appliances,2026-01-06,1,17.3,0.0,36.4,0,80,10.0,52,3613.79,8366.06
SKU0106,Small Appliances,2026-01-13,2,21.4,2.9,39.8,0,80,10.0,52,3613.79,8366.06
SKU0106,Small Appliances,2026-01-20,3,23.7,7.3,40.1,0,80,10.0,52,3613.79,8366.06
SKU0106,Small Appliances,2026-01-27,4,22.2,14.5,29.8,0,80,10.0,52,3613.79,8366.06
SKU0106,Small Appliances,2026-02-03,5,22.6,18.2,26.9,0,80,10.0,52,3613.79,8366.06
SKU0106,Small Appliances,2026-02-10,6,21.1,17.0,25.1,0,80,10.0,52,3613.79,8366.06
SKU0106,Small Appliances,2026-02-17,7,21.0,16.9,25.0,0,80,10.0,52,3613.79,8366.06
SKU0106,Small Appliances,2026-02-24,8,14.7,11.9,17.6,0,80,10.0,52,3613.79,8366.06
SKU0107,Bedding,2026-01-06,1,77.6,0.0,191.8,107,530,7.0,292,1394.87,2216.64
SKU0107,Bedding,2026-01-13,2,162.7,30.0,295.3,107,530,7.0,292,1394.87,2216.64
SKU0107,Bedding,2026-01-20,3,161.3,58.3,264.4,107,530,7.0,292,1394.87,2216.64
SKU0107,Bedding,2026-01-27,4,142.8,82.6,203.0,107,530,7.0,292,1394.87,2216.64
SKU0107,Bedding,2026-02-03,5,131.1,86.7,175.4,107,530,7.0,292,1394.87,2216.64
SKU0107,Bedding,2026-02-10,6,134.9,109.0,160.8,107,530,7.0,292,1394.87,2216.64
SKU0107,Bedding,2026-02-17,7,129.5,104.6,154.3,107,530,7.0,292,1394.87,2216.64
SKU0107,Bedding,2026-02-24,8,107.6,86.9,128.2,107,530,7.0,292,1394.87,2216.64
SKU0108,Decor,2026-01-06,1,43.6,0.0,89.4,0,409,17.0,232,3757.28,7234.59
SKU0108,Decor,2026-01-13,2,73.0,18.6,127.3,0,409,17.0,232,3757.28,7234.59
SKU0108,Decor,2026-01-20,3,72.4,21.5,123.3,0,409,17.0,232,3757.28,7234.59
SKU0108,Decor,2026-01-27,4,62.6,44.7,80.5,0,409,17.0,232,3757.28,7234.59
SKU0108,Decor,2026-02-03,5,62.7,47.4,77.9,0,409,17.0,232,3757.28,7234.59
SKU0108,Decor,2026-02-10,6,61.8,50.0,73.7,0,409,17.0,232,3757.28,7234.59
SKU0108,Decor,2026-02-17,7,58.5,47.3,69.8,0,409,17.0,232,3757.28,7234.59
SKU0108,Decor,2026-02-24,8,53.1,42.9,63.2,0,409,17.0,232,3757.28,7234.59
SKU0109,Bedding,2026-01-06,1,68.5,0.0,172.1,0,874,22.0,667,2301.37,5807.2
SKU0109,Bedding,2026-01-13,2,172.3,41.7,303.0,0,874,22.0,667,2301.37,5807.2
SKU0109,Bedding,2026-01-20,3,169.5,50.2,288.7,0,874,22.0,667,2301.37,5807.2
SKU0109,Bedding,2026-01-27,4,158.4,98.5,218.4,0,874,22.0,667,2301.37,5807.2
SKU0109,Bedding,2026-02-03,5,128.9,74.0,183.8,0,874,22.0,667,2301.37,5807.2
SKU0109,Bedding,2026-02-10,6,134.7,108.8,160.6,0,874,22.0,667,2301.37,5807.2
SKU0109,Bedding,2026-02-17,7,130.4,105.4,155.4,0,874,22.0,667,2301.37,5807.2
SKU0109,Bedding,2026-02-24,8,106.4,86.0,126.8,0,874,22.0,667,2301.37,5807.2
SKU0110,Bedding,2026-01-06,1,45.9,0.0,104.2,340,333,19.0,469,2021.6,3743.26
SKU0110,Bedding,2026-01-13,2,80.4,14.9,145.8,340,333,19.0,469,2021.6,3743.26
SKU0110,Bedding,2026-01-20,3,83.5,24.9,142.1,340,333,19.0,469,2021.6,3743.26
SKU0110,Bedding,2026-01-27,4,67.1,38.0,96.2,340,333,19.0,469,2021.6,3743.26
SKU0110,Bedding,2026-02-03,5,67.2,48.2,86.2,340,333,19.0,469,2021.6,3743.26
SKU0110,Bedding,2026-02-10,6,66.0,53.3,78.6,340,333,19.0,469,2021.6,3743.26
SKU0110,Bedding,2026-02-17,7,62.3,50.4,74.3,340,333,19.0,469,2021.6,3743.26
SKU0110,Bedding,2026-02-24,8,52.2,42.2,62.2,340,333,19.0,469,2021.6,3743.26
SKU0111,Bedding,2026-01-06,1,0.0,0.0,1.4,457,0,25.0,360,3814.54,5882.69
SKU0111,Bedding,2026-01-13,2,2.1,0.6,3.5,457,0,25.0,360,3814.54,5882.69
SKU0111,Bedding,2026-01-20,3,2.2,0.9,3.5,457,0,25.0,360,3814.54,5882.69
SKU0111,Bedding,2026-01-27,4,2.4,1.1,3.6,457,0,25.0,360,3814.54,5882.69
SKU0111,Bedding,2026-02-03,5,3.6,2.4,4.9,457,0,25.0,360,3814.54,5882.69
SKU0111,Bedding,2026-02-10,6,5.1,3.8,6.4,457,0,25.0,360,3814.54,5882.69
SKU0111,Bedding,2026-02-17,7,5.5,4.0,7.0,457,0,25.0,360,3814.54,5882.69
SKU0111,Bedding,2026-02-24,8,2.2,0.6,3.7,457,0,25.0,360,3814.54,5882.69
SKU0112,Bedding,2026-01-06,1,6.1,0.0,14.9,23,24,23.0,38,2620.88,4052.68
SKU0112,Bedding,2026-01-13,2,8.5,0.0,18.6,23,24,23.0,38,2620.88,4052.68
SKU0112,Bedding,2026-01-20,3,10.0,0.7,19.3,23,24,23.0,38,2620.88,4052.68
SKU0112,Bedding,2026-01-27,4,8.4,5.9,10.9,23,24,23.0,38,2620.88,4052.68
SKU0112,Bedding,2026-02-03,5,9.6,7.8,11.5,23,24,23.0,38,2620.88,4052.68
SKU0112,Bedding,2026-02-10,6,13.1,10.6,15.6,23,24,23.0,38,2620.88,4052.68
SKU0112,Bedding,2026-02-17,7,15.3,12.4,18.3,23,24,23.0,38,2620.88,4052.68
SKU0112,Bedding,2026-02-24,8,10.1,6.6,13.6,23,24,23.0,38,2620.88,4052.68
SKU0113,Small Appliances,2026-01-06,1,41.3,0.0,95.3,0,554,28.0,448,2001.84,479.97
SKU0113,Small Appliances,2026-01-13,2,76.4,11.0,141.8,0,554,28.0,448,2001.84,479.97
SKU0113,Small Appliances,2026-01-20,3,73.8,25.4,122.1,0,554,28.0,448,2001.84,479.97
SKU0113,Small Appliances,2026-01-27,4,60.5,38.4,82.6,0,554,28.0,448,2001.84,479.97
SKU0113,Small Appliances,2026-02-03,5,61.8,44.0,79.6,0,554,28.0,448,2001.84,479.97
SKU0113,Small Appliances,2026-02-10,6,59.4,48.0,70.8,0,554,28.0,448,2001.84,479.97
SKU0113,Small Appliances,2026-02-17,7,59.6,48.2,71.1,0,554,28.0,448,2001.84,479.97
SKU0113,Small Appliances,2026-02-24,8,51.5,41.6,61.4,0,554,28.0,448,2001.84,479.97
SKU0114,Bedding,2026-01-06,1,81.0,0.0,224.9,0,752,9.0,419,1322.36,2578.94
SKU0114,Bedding,2026-01-13,2,183.6,10.5,356.7,0,752,9.0,419,1322.36,2578.94
SKU0114,Bedding,2026-01-20,3,222.9,74.2,371.7,0,752,9.0,419,1322.36,2578.94
SKU0114,Bedding,2026-01-27,4,192.8,115.9,269.8,0,752,9.0,419,1322.36,2578.94
SKU0114,Bedding,2026-02-03,5,168.2,99.7,236.6,0,752,9.0,419,1322.36,2578.94
SKU0114,Bedding,2026-02-10,6,173.1,139.9,206.3,0,752,9.0,419,1322.36,2578.94
SKU0114,Bedding,2026-02-17,7,160.0,129.3,190.7,0,752,9.0,419,1322.36,2578.94
SKU0114,Bedding,2026-02-24,8,130.1,105.1,155.1,0,752,9.0,419,1322.36,2578.94
SKU0115,Decor,2026-01-06,1,83.7,0.0,199.0,112,373,14.0,383,3690.08,8625.76
SKU0115,Decor,2026-01-13,2,142.2,24.5,259.9,112,373,14.0,383,3690.08,8625.76
SKU0115,Decor,2026-01-20,3,163.6,72.6,254.7,112,373,14.0,383,3690.08,8625.76
SKU0115,Decor,2026-01-27,4,136.2,82.7,189.6,112,373,14.0,383,3690.08,8625.76
SKU0115,Decor,2026-02-03,5,128.0,90.4,165.6,112,373,14.0,383,3690.08,8625.76
SKU0115,Decor,2026-02-10,6,128.1,103.5,152.7,112,373,14.0,383,3690.08,8625.76
SKU0115,Decor,2026-02-17,7,121.4,98.1,144.7,112,373,14.0,383,3690.08,8625.76
SKU0115,Decor,2026-02-24,8,96.1,77.6,114.5,112,373,14.0,383,3690.08,8625.76
SKU0116,Decor,2026-01-06,1,48.4,3.1,93.7,270,0,10.0,234,3988.73,9792.49
SKU0116,Decor,2026-01-13,2,78.9,28.3,129.6,270,0,10.0,234,3988.73,9792.49
SKU0116,Decor,2026-01-20,3,89.4,45.5,133.3,270,0,10.0,234,3988.73,9792.49
SKU0116,Decor,2026-01-27,4,67.4,42.6,92.2,270,0,10.0,234,3988.73,9792.49
SKU0116,Decor,2026-02-03,5,67.3,47.9,86.8,270,0,10.0,234,3988.73,9792.49
SKU0116,Decor,2026-02-10,6,66.5,53.7,79.3,270,0,10.0,234,3988.73,9792.49
SKU0116,Decor,2026-02-17,7,63.9,51.5,76.3,270,0,10.0,234,3988.73,9792.49
SKU0116,Decor,2026-02-24,8,54.4,44.0,64.9,270,0,10.0,234,3988.73,9792.49
SKU0117,Bedding,2026-01-06,1,45.1,0.0,97.8,59,182,17.0,221,604.39,1570.76
SKU0117,Bedding,2026-01-13,2,79.5,21.6,137.5,59,182,17.0,221,604.39,1570.76
SKU0117,Bedding,2026-01-20,3,80.4,34.3,126.5,59,182,17.0,221,604.39,1570.76
SKU0117,Bedding,2026-01-27,4,66.9,43.9,89.9,59,182,17.0,221,604.39,1570.76
SKU0117,Bedding,2026-02-03,5,68.0,49.8,86.2,59,182,17.0,221,604.39,1570.76
SKU0117,Bedding,2026-02-10,6,66.8,54.0,79.7,59,182,17.0,221,604.39,1570.76
SKU0117,Bedding,2026-02-17,7,63.0,50.9,75.1,59,182,17.0,221,604.39,1570.76
SKU0117,Bedding,2026-02-24,8,54.7,44.2,65.2,59,182,17.0,221,604.39,1570.76
SKU0118,Kitchen,2026-01-06,1,8.8,0.0,19.5,0,43,22.0,32,2670.48,4028.5
SKU0118,Kitchen,2026-01-13,2,10.2,0.0,21.9,0,43,22.0,32,2670.48,4028.5
SKU0118,Kitchen,2026-01-20,3,11.9,2.4,21.3,0,43,22.0,32,2670.48,4028.5
SKU0118,Kitchen,2026-01-27,4,8.7,6.0,11.5,0,43,22.0,32,2670.48,4028.5
SKU0118,Kitchen,2026-02-03,5,11.1,9.0,13.2,0,43,22.0,32,2670.48,4028.5
SKU0118,Kitchen,2026-02-10,6,13.2,10.6,15.7,0,43,22.0,32,2670.48,4028.5
SKU0118,Kitchen,2026-02-17,7,15.3,12.4,18.3,0,43,22.0,32,2670.48,4028.5
SKU0118,Kitchen,2026-02-24,8,10.0,6.9,13.2,0,43,22.0,32,2670.48,4028.5
SKU0119,Bedding,2026-01-06,1,86.9,0.0,225.9,709,784,14.0,863,2014.52,1752.6
SKU0119,Bedding,2026-01-13,2,182.4,26.5,338.2,709,784,14.0,863,2014.52,1752.6
SKU0119,Bedding,2026-01-20,3,187.3,54.0,320.5,709,784,14.0,863,2014.52,1752.6
SKU0119,Bedding,2026-01-27,4,159.9,79.7,240.0,709,784,14.0,863,2014.52,1752.6
SKU0119,Bedding,2026-02-03,5,151.3,99.9,202.7,709,784,14.0,863,2014.52,1752.6
SKU0119,Bedding,2026-02-10,6,141.4,114.2,168.5,709,784,14.0,863,2014.52,1752.6
SKU0119,Bedding,2026-02-17,7,136.9,110.6,163.1,709,784,14.0,863,2014.52,1752.6
SKU0119,Bedding,2026-02-24,8,132.1,106.7,157.5,709,784,14.0,863,2014.52,1752.6
SKU0120,Furniture,2026-01-06,1,32.2,0.0,80.3,250,235,22.0,353,953.18,2376.05
SKU0120,Furniture,2026-01-13,2,58.5,7.3,109.7,250,235,22.0,353,953.18,2376.05
SKU0120,Furniture,2026-01-20,3,62.0,13.6,110.3,250,235,22.0,353,953.18,2376.05
SKU0120,Furniture,2026-01-27,4,53.0,33.9,72.1,250,235,22.0,353,953.18,2376.05
SKU0120,Furniture,2026-02-03,5,52.5,37.7,67.3,250,235,22.0,353,953.18,2376.05
SKU0120,Furniture,2026-02-10,6,55.8,45.1,66.5,250,235,22.0,353,953.18,2376.05
SKU0120,Furniture,2026-02-17,7,54.4,44.0,64.9,250,235,22.0,353,953.18,2376.05
SKU0120,Furniture,2026-02-24,8,43.1,34.8,51.3,250,235,22.0,353,953.18,2376.05
SKU0121,Decor,2026-01-06,1,65.0,0.0,147.7,122,482,8.0,316,220.63,322.56
SKU0121,Decor,2026-01-13,2,133.5,44.5,222.5,122,482,8.0,316,220.63,322.56
SKU0121,Decor,2026-01-20,3,144.7,71.7,217.8,122,482,8.0,316,220.63,322.56
SKU0121,Decor,2026-01-27,4,114.1,67.6,160.5,122,482,8.0,316,220.63,322.56
SKU0121,Decor,2026-02-03,5,110.7,71.7,149.8,122,482,8.0,316,220.63,322.56
SKU0121,Decor,2026-02-10,6,101.8,82.2,121.3,122,482,8.0,316,220.63,322.56
SKU0121,Decor,2026-02-17,7,95.2,74.5,115.9,122,482,8.0,316,220.63,322.56
SKU0121,Decor,2026-02-24,8,83.4,67.4,99.4,122,482,8.0,316,220.63,322.56
SKU0122,Furniture,2026-01-06,1,53.6,0.0,117.5,575,0,27.0,701,3245.63,5472.99
SKU0122,Furniture,2026-01-13,2,93.2,30.7,155.8,575,0,27.0,701,3245.63,5472.99
SKU0122,Furniture,2026-01-20,3,99.9,39.2,160.6,575,0,27.0,701,3245.63,5472.99
SKU0122,Furniture,2026-01-27,4,74.1,41.5,106.6,575,0,27.0,701,3245.63,5472.99
SKU0122,Furniture,2026-02-03,5,72.8,49.7,95.9,575,0,27.0,701,3245.63,5472.99
SKU0122,Furniture,2026-02-10,6,77.0,61.9,92.1,575,0,27.0,701,3245.63,5472.99
SKU0122,Furniture,2026-02-17,7,72.9,58.8,87.0,575,0,27.0,701,3245.63,5472.99
SKU0122,Furniture,2026-02-24,8,60.0,48.5,71.5,575,0,27.0,701,3245.63,5472.99
SKU0123,Decor,2026-01-06,1,33.6,0.0,67.3,96,120,25.0,207,3243.66,8152.47
SKU0123,Decor,2026-01-13,2,38.7,4.7,72.7,96,120,25.0,207,3243.66,8152.47
SKU0123,Decor,2026-01-20,3,42.3,11.8,72.9,96,120,25.0,207,3243.66,8152.47
SKU0123,Decor,2026-01-27,4,38.6,25.7,51.5,96,120,25.0,207,3243.66,8152.47
SKU0123,Decor,2026-02-03,5,38.8,31.3,46.2,96,120,25.0,207,3243.66,8152.47
SKU0123,Decor,2026-02-10,6,38.5,31.1,45.9,96,120,25.0,207,3243.66,8152.47
SKU0123,Decor,2026-02-17,7,39.4,31.8,46.9,96,120,25.0,207,3243.66,8152.47
SKU0123,Decor,2026-02-24,8,30.0,24.3,35.8,96,120,25.0,207,3243.66,8152.47
SKU0124,Furniture,2026-01-06,1,54.7,0.0,133.1,432,334,24.0,541,2852.86,6862.77
SKU0124,Furniture,2026-01-13,2,117.7,28.5,206.9,432,334,24.0,541,2852.86,6862.77
SKU0124,Furniture,2026-01-20,3,127.0,53.1,201.0,432,334,24.0,541,2852.86,6862.77
SKU0124,Furniture,2026-01-27,4,101.9,54.4,149.4,432,334,24.0,541,2852.86,6862.77
SKU0124,Furniture,2026-02-03,5,95.9,60.3,131.5,432,334,24.0,541,2852.86,6862.77
SKU0124,Furniture,2026-02-10,6,96.4,77.9,114.9,432,334,24.0,541,2852.86,6862.77
SKU0124,Furniture,2026-02-17,7,90.3,72.9,107.6,432,334,24.0,541,2852.86,6862.77
SKU0124,Furniture,2026-02-24,8,74.2,59.9,88.4,432,334,24.0,541,2852.86,6862.77
SKU0125,Small Appliances,2026-01-06,1,32.0,0.0,81.8,92,117,16.0,142,674.71,1353.09
SKU0125,Small Appliances,2026-01-13,2,58.7,0.7,116.8,92,117,16.0,142,674.71,1353.09
SKU0125,Small Appliances,2026-01-20,3,64.1,14.6,113.5,92,117,16.0,142,674.71,1353.09
SKU0125,Small Appliances,2026-01-27,4,53.3,33.3,73.3,92,117,16.0,142,674.71,1353.09
SKU0125,Small Appliances,2026-02-03,5,53.2,37.6,68.8,92,117,16.0,142,674.71,1353.09
SKU0125,Small Appliances,2026-02-10,6,56.1,45.3,66.8,92,117,16.0,142,674.71,1353.09
SKU0125,Small Appliances,2026-02-17,7,56.8,45.9,67.7,92,117,16.0,142,674.71,1353.09
SKU0125,Small Appliances,2026-02-24,8,44.8,36.2,53.4,92,117,16.0,142,674.71,1353.09
SKU0126,Decor,2026-01-06,1,68.2,0.0,187.2,84,375,14.0,387,2594.05,6281.12
SKU0126,Decor,2026-01-13,2,133.1,3.1,263.2,84,375,14.0,387,2594.05,6281.12
SKU0126,Decor,2026-01-20,3,153.7,36.3,271.1,84,375,14.0,387,2594.05,6281.12
SKU0126,Decor,2026-01-27,4,120.0,61.1,178.9,84,375,14.0,387,2594.05,6281.12
SKU0126,Decor,2026-02-03,5,115.6,75.2,156.0,84,375,14.0,387,2594.05,6281.12
SKU0126,Decor,2026-02-10,6,117.8,95.1,140.4,84,375,14.0,387,2594.05,6281.12
SKU0126,Decor,2026-02-17,7,109.2,88.2,130.2,84,375,14.0,387,2594.05,6281.12
SKU0126,Decor,2026-02-24,8,88.1,71.2,105.0,84,375,14.0,387,2594.05,6281.12
SKU0127,Small Appliances,2026-01-06,1,17.6,0.0,36.5,127,134,19.0,189,933.56,1610.31
SKU0127,Small Appliances,2026-01-13,2,20.2,0.9,39.5,127,134,19.0,189,933.56,1610.31
SKU0127,Small Appliances,2026-01-20,3,22.3,11.3,33.3,127,134,19.0,189,933.56,1610.31
SKU0127,Small Appliances,2026-01-27,4,22.7,18.3,27.0,127,134,19.0,189,933.56,1610.31
SKU0127,Small Appliances,2026-02-03,5,25.1,20.2,29.9,127,134,19.0,189,933.56,1610.31
SKU0127,Small Appliances,2026-02-10,6,24.7,20.0,29.4,127,134,19.0,189,933.56,1610.31
SKU0127,Small Appliances,2026-02-17,7,22.5,18.1,26.8,127,134,19.0,189,933.56,1610.31
SKU0127,Small Appliances,2026-02-24,8,17.2,13.9,20.5,127,134,19.0,189,933.56,1610.31
SKU0128,Bedding,2026-01-06,1,91.1,0.0,243.5,296,1363,27.0,1208,3924.78,8374.9
SKU0128,Bedding,2026-01-13,2,193.6,40.4,346.8,296,1363,27.0,1208,3924.78,8374.9
SKU0128,Bedding,2026-01-20,3,199.4,77.8,321.0,296,1363,27.0,1208,3924.78,8374.9
SKU0128,Bedding,2026-01-27,4,170.1,100.2,240.0,296,1363,27.0,1208,3924.78,8374.9
SKU0128,Bedding,2026-02-03,5,166.8,111.5,222.2,296,1363,27.0,1208,3924.78,8374.9
SKU0128,Bedding,2026-02-10,6,161.7,130.6,192.7,296,1363,27.0,1208,3924.78,8374.9
SKU0128,Bedding,2026-02-17,7,142.3,115.0,169.6,296,1363,27.0,1208,3924.78,8374.9
SKU0128,Bedding,2026-02-24,8,123.0,99.4,146.7,296,1363,27.0,1208,3924.78,8374.9
SKU0129,Small Appliances,2026-01-06,1,5.8,0.0,15.1,44,128,29.0,122,360.93,888.24
SKU0129,Small Appliances,2026-01-13,2,9.9,0.0,21.2,44,128,29.0,122,360.93,888.24
SKU0129,Small Appliances,2026-01-20,3,9.3,0.2,18.4,44,128,29.0,122,360.93,888.24
SKU0129,Small Appliances,2026-01-27,4,10.6,8.6,12.6,44,128,29.0,122,360.93,888.24
SKU0129,Small Appliances,2026-02-03,5,9.4,7.1,11.8,44,128,29.0,122,360.93,888.24
SKU0129,Small Appliances,2026-02-10,6,13.3,10.8,15.9,44,128,29.0,122,360.93,888.24
SKU0129,Small Appliances,2026-02-17,7,15.3,12.4,18.3,44,128,29.0,122,360.93,888.24
SKU0129,Small Appliances,2026-02-24,8,10.5,7.5,13.5,44,128,29.0,122,360.93,888.24
SKU0130,Bedding,2026-01-06,1,30.0,0.0,70.5,180,181,27.0,337,857.89,1295.47
SKU0130,Bedding,2026-01-13,2,38.7,0.0,78.6,180,181,27.0,337,857.89,1295.47
SKU0130,Bedding,2026-01-20,3,39.7,12.3,67.0,180,181,27.0,337,857.89,1295.47
SKU0130,Bedding,2026-01-27,4,36.0,21.7,50.2,180,181,27.0,337,857.89,1295.47
SKU0130,Bedding,2026-02-03,5,33.5,27.0,39.9,180,181,27.0,337,857.89,1295.47
SKU0130,Bedding,2026-02-10,6,32.4,26.1,38.6,180,181,27.0,337,857.89,1295.47
SKU0130,Bedding,2026-02-17,7,32.8,26.5,39.1,180,181,27.0,337,857.89,1295.47
SKU0130,Bedding,2026-02-24,8,26.4,21.4,31.5,180,181,27.0,337,857.89,1295.47
SKU0131,Bedding,2026-01-06,1,69.0,0.0,173.9,320,0,8.0,324,1942.53,4547.26
SKU0131,Bedding,2026-01-13,2,134.8,15.4,254.2,320,0,8.0,324,1942.53,4547.26
SKU0131,Bedding,2026-01-20,3,151.9,44.8,259.0,320,0,8.0,324,1942.53,4547.26
SKU0131,Bedding,2026-01-27,4,116.6,63.3,170.0,320,0,8.0,324,1942.53,4547.26
SKU0131,Bedding,2026-02-03,5,115.8,76.2,155.4,320,0,8.0,324,1942.53,4547.26
SKU0131,Bedding,2026-02-10,6,117.7,95.1,140.3,320,0,8.0,324,1942.53,4547.26
SKU0131,Bedding,2026-02-17,7,106.9,86.4,127.5,320,0,8.0,324,1942.53,4547.26
SKU0131,Bedding,2026-02-24,8,91.0,73.5,108.5,320,0,8.0,324,1942.53,4547.26
SKU0132,Kitchen,2026-01-06,1,69.1,0.0,196.6,181,724,14.0,640,2375.17,3738.89
SKU0132,Kitchen,2026-01-13,2,187.3,26.4,348.1,181,724,14.0,640,2375.17,3738.89
SKU0132,Kitchen,2026-01-20,3,185.6,61.7,309.6,181,724,14.0,640,2375.17,3738.89
SKU0132,Kitchen,2026-01-27,4,162.3,93.3,231.4,181,724,14.0,640,2375.17,3738.89
SKU0132,Kitchen,2026-02-03,5,142.7,80.8,204.6,181,724,14.0,640,2375.17,3738.89
SKU0132,Kitchen,2026-02-10,6,156.7,126.6,186.8,181,724,14.0,640,2375.17,3738.89
SKU0132,Kitchen,2026-02-17,7,138.5,111.9,165.0,181,724,14.0,640,2375.17,3738.89
SKU0132,Kitchen,2026-02-24,8,119.6,96.6,142.5,181,724,14.0,640,2375.17,3738.89
SKU0133,Decor,2026-01-06,1,61.1,0.0,144.1,312,351,22.0,509,2396.47,5367.45
SKU0133,Decor,2026-01-13,2,127.7,31.7,223.8,312,351,22.0,509,2396.47,5367.45
SKU0133,Decor,2026-01-20,3,126.3,48.1,204.6,312,351,22.0,509,2396.47,5367.45
SKU0133,Decor,2026-01-27,4,109.0,64.1,154.0,312,351,22.0,509,2396.47,5367.45
SKU0133,Decor,2026-02-03,5,106.7,72.2,141.2,312,351,22.0,509,2396.47,5367.45
SKU0133,Decor,2026-02-10,6,102.5,82.9,122.2,312,351,22.0,509,2396.47,5367.45
SKU0133,Decor,2026-02-17,7,92.2,74.5,109.9,312,351,22.0,509,2396.47,5367.45
SKU0133,Decor,2026-02-24,8,80.3,64.9,95.7,312,351,22.0,509,2396.47,5367.45
SKU0134,Decor,2026-01-06,1,40.0,0.0,95.4,161,202,16.0,239,3774.26,5956.26
SKU0134,Decor,2026-01-13,2,62.2,0.3,124.2,161,202,16.0,239,3774.26,5956.26
SKU0134,Decor,2026-01-20,3,70.1,9.8,130.4,161,202,16.0,239,3774.26,5956.26
SKU0134,Decor,2026-01-27,4,58.3,37.2,79.5,161,202,16.0,239,3774.26,5956.26
SKU0134,Decor,2026-02-03,5,54.6,40.4,68.7,161,202,16.0,239,3774.26,5956.26
SKU0134,Decor,2026-02-10,6,58.2,47.0,69.3,161,202,16.0,239,3774.26,5956.26
SKU0134,Decor,2026-02-17,7,58.6,47.3,69.8,161,202,16.0,239,3774.26,5956.26
SKU0134,Decor,2026-02-24,8,45.0,36.3,53.6,161,202,16.0,239,3774.26,5956.26
SKU0135,Small Appliances,2026-01-06,1,72.2,0.0,167.4,241,356,25.0,532,2001.84,3088.96
SKU0135,Small Appliances,2026-01-13,2,137.8,31.9,243.8,241,356,25.0,532,2001.84,3088.96
SKU0135,Small Appliances,2026-01-20,3,149.3,63.3,235.2,241,356,25.0,532,2001.84,3088.96
SKU0135,Small Appliances,2026-01-27,4,120.1,71.1,169.1,241,356,25.0,532,2001.84,3088.96
SKU0135,Small Appliances,2026-02-03,5,115.2,77.6,152.9,241,356,25.0,532,2001.84,3088.96
SKU0135,Small Appliances,2026-02-10,6,117.6,95.0,140.2,241,356,25.0,532,2001.84,3088.96
SKU0135,Small Appliances,2026-02-17,7,109.8,88.7,130.9,241,356,25.0,532,2001.84,3088.96
SKU0135,Small Appliances,2026-02-24,8,92.3,74.6,110.0,241,356,25.0,532,2001.84,3088.96
SKU0136,Small Appliances,2026-01-06,1,63.0,0.0,162.0,82,943,28.0,819,1256.69,2218.87
SKU0136,Small Appliances,2026-01-13,2,134.3,21.1,247.5,82,943,28.0,819,1256.69,2218.87
SKU0136,Small Appliances,2026-01-20,3,140.0,54.3,225.7,82,943,28.0,819,1256.69,2218.87
SKU0136,Small Appliances,2026-01-27,4,118.3,61.3,175.4,82,943,28.0,819,1256.69,2218.87
SKU0136,Small Appliances,2026-02-03,5,114.4,75.4,153.4,82,943,28.0,819,1256.69,2218.87
SKU0136,Small Appliances,2026-02-10,6,112.5,90.9,134.1,82,943,28.0,819,1256.69,2218.87
SKU0136,Small Appliances,2026-02-17,7,97.3,78.6,116.0,82,943,28.0,819,1256.69,2218.87
SKU0136,Small Appliances,2026-02-24,8,83.8,67.7,99.9,82,943,28.0,819,1256.69,2218.87
SKU0137,Bedding,2026-01-06,1,32.3,0.0,71.4,171,244,20.0,335,2611.59,4946.8
SKU0137,Bedding,2026-01-13,2,37.3,0.0,76.4,171,244,20.0,335,2611.59,4946.8
SKU0137,Bedding,2026-01-20,3,34.0,10.7,57.3,171,244,20.0,335,2611.59,4946.8
SKU0137,Bedding,2026-01-27,4,30.5,18.4,42.7,171,244,20.0,335,2611.59,4946.8
SKU0137,Bedding,2026-02-03,5,32.0,25.9,38.2,171,244,20.0,335,2611.59,4946.8
SKU0137,Bedding,2026-02-10,6,32.5,26.2,38.7,171,244,20.0,335,2611.59,4946.8
SKU0137,Bedding,2026-02-17,7,30.8,24.9,36.7,171,244,20.0,335,2611.59,4946.8
SKU0137,Bedding,2026-02-24,8,24.0,19.4,28.6,171,244,20.0,335,2611.59,4946.8
SKU0138,Bedding,2026-01-06,1,19.4,0.0,44.3,0,60,9.0,43,1026.99,2162.81
SKU0138,Bedding,2026-01-13,2,24.2,0.0,53.3,0,60,9.0,43,1026.99,2162.81
SKU0138,Bedding,2026-01-20,3,23.5,0.0,47.4,0,60,9.0,43,1026.99,2162.81
SKU0138,Bedding,2026-01-27,4,23.7,19.0,28.4,0,60,9.0,43,1026.99,2162.81
SKU0138,Bedding,2026-02-03,5,25.4,20.5,30.3,0,60,9.0,43,1026.99,2162.81
SKU0138,Bedding,2026-02-10,6,29.0,23.4,34.6,0,60,9.0,43,1026.99,2162.81
SKU0138,Bedding,2026-02-17,7,27.4,22.2,32.7,0,60,9.0,43,1026.99,2162.81
SKU0138,Bedding,2026-02-24,8,17.0,13.7,20.2,0,60,9.0,43,1026.99,2162.81
SKU0139,Bedding,2026-01-06,1,32.5,0.0,85.2,215,0,8.0,184,1789.92,3524.28
SKU0139,Bedding,2026-01-13,2,57.9,0.0,118.7,215,0,8.0,184,1789.92,3524.28
SKU0139,Bedding,2026-01-20,3,62.9,9.9,116.0,215,0,8.0,184,1789.92,3524.28
SKU0139,Bedding,2026-01-27,4,53.7,33.8,73.6,215,0,8.0,184,1789.92,3524.28
SKU0139,Bedding,2026-02-03,5,52.5,37.7,67.4,215,0,8.0,184,1789.92,3524.28
SKU0139,Bedding,2026-02-10,6,55.0,44.4,65.5,215,0,8.0,184,1789.92,3524.28
SKU0139,Bedding,2026-02-17,7,56.1,45.3,66.8,215,0,8.0,184,1789.92,3524.28
SKU0139,Bedding,2026-02-24,8,44.8,36.2,53.4,215,0,8.0,184,1789.92,3524.28
SKU0140,Furniture,2026-01-06,1,42.8,0.0,97.7,0,116,18.0,141,2375.34,4938.16
SKU0140,Furniture,2026-01-13,2,62.4,4.1,120.6,0,116,18.0,141,2375.34,4938.16
SKU0140,Furniture,2026-01-20,3,67.2,13.6,120.9,0,116,18.0,141,2375.34,4938.16
SKU0140,Furniture,2026-01-27,4,59.8,39.7,79.9,0,116,18.0,141,2375.34,4938.16
SKU0140,Furniture,2026-02-03,5,53.8,42.1,65.6,0,116,18.0,141,2375.34,4938.16
SKU0140,Furniture,2026-02-10,6,58.3,47.1,69.5,0,116,18.0,141,2375.34,4938.16
SKU0140,Furniture,2026-02-17,7,59.9,48.4,71.4,0,116,18.0,141,2375.34,4938.16
SKU0140,Furniture,2026-02-24,8,44.1,35.7,52.6,0,116,18.0,141,2375.34,4938.16
SKU0141,Small Appliances,2026-01-06,1,57.3,0.0,140.3,258,385,22.0,520,2679.25,4767.61
SKU0141,Small Appliances,2026-01-13,2,116.2,26.3,206.1,258,385,22.0,520,2679.25,4767.61
SKU0141,Small Appliances,2026-01-20,3,116.9,38.3,195.4,258,385,22.0,520,2679.25,4767.61
SKU0141,Small Appliances,2026-01-27,4,96.1,52.0,140.3,258,385,22.0,520,2679.25,4767.61
SKU0141,Small Appliances,2026-02-03,5,90.7,59.7,121.7,258,385,22.0,520,2679.25,4767.61
SKU0141,Small Appliances,2026-02-10,6,88.7,71.6,105.7,258,385,22.0,520,2679.25,4767.61
SKU0141,Small Appliances,2026-02-17,7,84.1,67.9,100.2,258,385,22.0,520,2679.25,4767.61
SKU0141,Small Appliances,2026-02-24,8,69.1,55.8,82.3,258,385,22.0,520,2679.25,4767.61
SKU0142,Bedding,2026-01-06,1,55.0,0.0,122.8,184,562,28.0,512,2286.75,4385.3
SKU0142,Bedding,2026-01-13,2,128.2,42.3,214.1,184,562,28.0,512,2286.75,4385.3
SKU0142,Bedding,2026-01-20,3,136.8,65.6,208.1,184,562,28.0,512,2286.75,4385.3
SKU0142,Bedding,2026-01-27,4,112.6,69.3,155.9,184,562,28.0,512,2286.75,4385.3
SKU0142,Bedding,2026-02-03,5,109.9,69.1,150.8,184,562,28.0,512,2286.75,4385.3
SKU0142,Bedding,2026-02-10,6,104.9,84.8,125.0,184,562,28.0,512,2286.75,4385.3
SKU0142,Bedding,2026-02-17,7,103.0,83.2,122.7,184,562,28.0,512,2286.75,4385.3
SKU0142,Bedding,2026-02-24,8,85.7,69.3,102.2,184,562,28.0,512,2286.75,4385.3
SKU0143,Small Appliances,2026-01-06,1,69.4,0.0,168.1,39,155,20.0,189,2148.41,4907.07
SKU0143,Small Appliances,2026-01-13,2,131.1,33.7,228.5,39,155,20.0,189,2148.41,4907.07
SKU0143,Small Appliances,2026-01-20,3,134.0,40.9,227.0,39,155,20.0,189,2148.41,4907.07
SKU0143,Small Appliances,2026-01-27,4,109.0,58.7,159.3,39,155,20.0,189,2148.41,4907.07
SKU0143,Small Appliances,2026-02-03,5,105.7,72.7,138.8,39,155,20.0,189,2148.41,4907.07
SKU0143,Small Appliances,2026-02-10,6,100.6,81.3,119.9,39,155,20.0,189,2148.41,4907.07
SKU0143,Small Appliances,2026-02-17,7,95.5,77.2,113.8,39,155,20.0,189,2148.41,4907.07
SKU0143,Small Appliances,2026-02-24,8,80.4,65.0,95.9,39,155,20.0,189,2148.41,4907.07
SKU0144,Decor,2026-01-06,1,55.1,0.0,133.7,216,364,14.0,390,3700.02,7416.17
SKU0144,Decor,2026-01-13,2,94.8,12.3,177.3,216,364,14.0,390,3700.02,7416.17
SKU0144,Decor,2026-01-20,3,98.0,31.6,164.5,216,364,14.0,390,3700.02,7416.17
SKU0144,Decor,2026-01-27,4,79.0,39.9,118.0,216,364,14.0,390,3700.02,7416.17
SKU0144,Decor,2026-02-03,5,75.0,53.2,96.7,216,364,14.0,390,3700.02,7416.17
SKU0144,Decor,2026-02-10,6,78.7,63.6,93.8,216,364,14.0,390,3700.02,7416.17
SKU0144,Decor,2026-02-17,7,72.2,58.4,86.1,216,364,14.0,390,3700.02,7416.17
SKU0144,Decor,2026-02-24,8,59.1,47.8,70.5,216,364,14.0,390,3700.02,7416.17
SKU0145,Bedding,2026-01-06,1,0.0,0.0,3.2,862,0,22.0,616,1394.91,3354.56
SKU0145,Bedding,2026-01-13,2,3.0,0.0,7.2,862,0,22.0,616,1394.91,3354.56
SKU0145,Bedding,2026-01-20,3,3.1,0.0,6.5,862,0,22.0,616,1394.91,3354.56
SKU0145,Bedding,2026-01-27,4,3.0,1.3,4.7,862,0,22.0,616,1394.91,3354.56
SKU0145,Bedding,2026-02-03,5,3.5,1.8,5.1,862,0,22.0,616,1394.91,3354.56
SKU0145,Bedding,2026-02-10,6,5.0,3.7,6.3,862,0,22.0,616,1394.91,3354.56
SKU0145,Bedding,2026-02-17,7,6.0,4.8,7.3,862,0,22.0,616,1394.91,3354.56
SKU0145,Bedding,2026-02-24,8,0.3,0.0,1.9,862,0,22.0,616,1394.91,3354.56
SKU0146,Bedding,2026-01-06,1,73.6,0.0,257.4,715,936,20.0,1318,640.26,951.73
SKU0146,Bedding,2026-01-13,2,206.6,0.0,421.7,715,936,20.0,1318,640.26,951.73
SKU0146,Bedding,2026-01-20,3,203.5,52.8,354.2,715,936,20.0,1318,640.26,951.73
SKU0146,Bedding,2026-01-27,4,179.3,95.6,263.0,715,936,20.0,1318,640.26,951.73
SKU0146,Bedding,2026-02-03,5,157.5,88.0,226.9,715,936,20.0,1318,640.26,951.73
SKU0146,Bedding,2026-02-10,6,168.4,136.0,200.7,715,936,20.0,1318,640.26,951.73
SKU0146,Bedding,2026-02-17,7,152.2,123.0,181.4,715,936,20.0,1318,640.26,951.73
SKU0146,Bedding,2026-02-24,8,125.1,101.1,149.1,715,936,20.0,1318,640.26,951.73
SKU0147,Kitchen,2026-01-06,1,64.9,0.0,152.1,640,0,10.0,517,1266.32,2280.59
SKU0147,Kitchen,2026-01-13,2,144.9,36.2,253.6,640,0,10.0,517,1266.32,2280.59
SKU0147,Kitchen,2026-01-20,3,164.8,62.9,266.7,640,0,10.0,517,1266.32,2280.59
SKU0147,Kitchen,2026-01-27,4,146.5,94.2,198.7,640,0,10.0,517,1266.32,2280.59
SKU0147,Kitchen,2026-02-03,5,123.5,74.1,172.8,640,0,10.0,517,1266.32,2280.59
SKU0147,Kitchen,2026-02-10,6,128.6,103.9,153.3,640,0,10.0,517,1266.32,2280.59
SKU0147,Kitchen,2026-02-17,7,125.7,101.5,149.8,640,0,10.0,517,1266.32,2280.59
SKU0147,Kitchen,2026-02-24,8,101.0,81.6,120.4,640,0,10.0,517,1266.32,2280.59
SKU0148,Furniture,2026-01-06,1,91.0,0.0,232.4,420,857,20.0,1250,1392.79,3191.2
SKU0148,Furniture,2026-01-13,2,195.5,28.7,362.4,420,857,20.0,1250,1392.79,3191.2
SKU0148,Furniture,2026-01-20,3,214.1,64.5,363.6,420,857,20.0,1250,1392.79,3191.2
SKU0148,Furniture,2026-01-27,4,169.5,91.8,247.1,420,857,20.0,1250,1392.79,3191.2
SKU0148,Furniture,2026-02-03,5,167.0,106.9,227.1,420,857,20.0,1250,1392.79,3191.2
SKU0148,Furniture,2026-02-10,6,164.4,132.9,196.0,420,857,20.0,1250,1392.79,3191.2
SKU0148,Furniture,2026-02-17,7,153.7,124.2,183.2,420,857,20.0,1250,1392.79,3191.2
SKU0148,Furniture,2026-02-24,8,126.4,102.2,150.7,420,857,20.0,1250,1392.79,3191.2
SKU0149,Kitchen,2026-01-06,1,33.7,2.7,64.7,283,267,15.0,308,3454.88,6380.17
SKU0149,Kitchen,2026-01-13,2,45.4,12.0,78.7,283,267,15.0,308,3454.88,6380.17
SKU0149,Kitchen,2026-01-20,3,42.2,11.8,72.5,283,267,15.0,308,3454.88,6380.17
SKU0149,Kitchen,2026-01-27,4,41.6,30.0,53.1,283,267,15.0,308,3454.88,6380.17
SKU0149,Kitchen,2026-02-03,5,40.5,32.7,48.3,283,267,15.0,308,3454.88,6380.17
SKU0149,Kitchen,2026-02-10,6,43.4,35.1,51.8,283,267,15.0,308,3454.88,6380.17
SKU0149,Kitchen,2026-02-17,7,39.6,32.0,47.2,283,267,15.0,308,3454.88,6380.17
SKU0149,Kitchen,2026-02-24,8,34.3,27.7,40.9,283,267,15.0,308,3454.88,6380.17
SKU0150,Kitchen,2026-01-06,1,31.9,0.0,74.5,41,168,26.0,226,2483.19,3833.07
SKU0150,Kitchen,2026-01-13,2,36.8,0.0,82.2,41,168,26.0,226,2483.19,3833.07
SKU0150,Kitchen,2026-01-20,3,35.8,0.1,71.5,41,168,26.0,226,2483.19,3833.07
SKU0150,Kitchen,2026-01-27,4,32.8,21.0,44.6,41,168,26.0,226,2483.19,3833.07
SKU0150,Kitchen,2026-02-03,5,32.2,26.0,38.4,41,168,26.0,226,2483.19,3833.07
SKU0150,Kitchen,2026-02-10,6,32.8,26.5,39.1,41,168,26.0,226,2483.19,3833.07
SKU0150,Kitchen,2026-02-17,7,32.9,26.6,39.3,41,168,26.0,226,2483.19,3833.07
SKU0150,Kitchen,2026-02-24,8,23.8,19.2,28.4,41,168,26.0,226,2483.19,3833.07
SKU0151,Small Appliances,2026-01-06,1,68.4,0.0,157.2,0,266,9.0,133,3982.76,9265.99
SKU0151,Small Appliances,2026-01-13,2,128.2,27.7,228.7,0,266,9.0,133,3982.76,9265.99
SKU0151,Small Appliances,2026-01-20,3,138.3,42.1,234.5,0,266,9.0,133,3982.76,9265.99
SKU0151,Small Appliances,2026-01-27,4,108.4,60.5,156.3,0,266,9.0,133,3982.76,9265.99
SKU0151,Small Appliances,2026-02-03,5,106.3,72.1,140.5,0,266,9.0,133,3982.76,9265.99
SKU0151,Small Appliances,2026-02-10,6,104.8,84.7,124.9,0,266,9.0,133,3982.76,9265.99
SKU0151,Small Appliances,2026-02-17,7,95.9,77.4,114.3,0,266,9.0,133,3982.76,9265.99
SKU0151,Small Appliances,2026-02-24,8,84.9,68.6,101.1,0,266,9.0,133,3982.76,9265.99
SKU0152,Kitchen,2026-01-06,1,47.6,0.0,102.6,1,0,18.0,121,2813.13,6319.66
SKU0152,Kitchen,2026-01-13,2,90.8,27.2,154.4,1,0,18.0,121,2813.13,6319.66
SKU0152,Kitchen,2026-01-20,3,80.9,31.9,129.9,1,0,18.0,121,2813.13,6319.66
SKU0152,Kitchen,2026-01-27,4,69.4,41.5,97.2,1,0,18.0,121,2813.13,6319.66
SKU0152,Kitchen,2026-02-03,5,69.2,48.7,89.8,1,0,18.0,121,2813.13,6319.66
SKU0152,Kitchen,2026-02-10,6,67.0,54.1,79.8,1,0,18.0,121,2813.13,6319.66
SKU0152,Kitchen,2026-02-17,7,64.6,52.2,77.1,1,0,18.0,121,2813.13,6319.66
SKU0152,Kitchen,2026-02-24,8,54.5,44.0,65.0,1,0,18.0,121,2813.13,6319.66
SKU0153,Bedding,2026-01-06,1,31.4,0.0,73.8,61,154,20.0,215,240.77,397.48
SKU0153,Bedding,2026-01-13,2,43.2,0.0,86.5,61,154,20.0,215,240.77,397.48
SKU0153,Bedding,2026-01-20,3,43.1,5.3,80.9,61,154,20.0,215,240.77,397.48
SKU0153,Bedding,2026-01-27,4,41.7,26.9,56.4,61,154,20.0,215,240.77,397.48
SKU0153,Bedding,2026-02-03,5,38.5,31.1,45.9,61,154,20.0,215,240.77,397.48
SKU0153,Bedding,2026-02-10,6,42.7,34.5,50.9,61,154,20.0,215,240.77,397.48
SKU0153,Bedding,2026-02-17,7,40.6,32.8,48.4,61,154,20.0,215,240.77,397.48
SKU0153,Bedding,2026-02-24,8,34.0,27.5,40.5,61,154,20.0,215,240.77,397.48
SKU0154,Bedding,2026-01-06,1,78.1,0.0,187.0,712,0,11.0,655,822.25,1314.85
SKU0154,Bedding,2026-01-13,2,167.2,54.8,279.6,712,0,11.0,655,822.25,1314.85
SKU0154,Bedding,2026-01-20,3,181.0,96.7,265.2,712,0,11.0,655,822.25,1314.85
SKU0154,Bedding,2026-01-27,4,169.0,108.5,229.5,712,0,11.0,655,822.25,1314.85
SKU0154,Bedding,2026-02-03,5,145.1,92.4,197.7,712,0,11.0,655,822.25,1314.85
SKU0154,Bedding,2026-02-10,6,137.3,111.0,163.7,712,0,11.0,655,822.25,1314.85
SKU0154,Bedding,2026-02-17,7,127.3,102.8,151.7,712,0,11.0,655,822.25,1314.85
SKU0154,Bedding,2026-02-24,8,112.8,91.2,134.5,712,0,11.0,655,822.25,1314.85
SKU0155,Small Appliances,2026-01-06,1,81.6,0.0,200.5,44,515,12.0,327,2312.68,5566.35
SKU0155,Small Appliances,2026-01-13,2,194.9,70.0,319.7,44,515,12.0,327,2312.68,5566.35
SKU0155,Small Appliances,2026-01-20,3,204.8,99.7,309.9,44,515,12.0,327,2312.68,5566.35
SKU0155,Small Appliances,2026-01-27,4,171.8,100.8,242.7,44,515,12.0,327,2312.68,5566.35
SKU0155,Small Appliances,2026-02-03,5,164.8,102.6,227.1,44,515,12.0,327,2312.68,5566.35
SKU0155,Small Appliances,2026-02-10,6,155.3,125.5,185.1,44,515,12.0,327,2312.68,5566.35
SKU0155,Small Appliances,2026-02-17,7,144.7,116.9,172.5,44,515,12.0,327,2312.68,5566.35
SKU0155,Small Appliances,2026-02-24,8,123.6,99.9,147.4,44,515,12.0,327,2312.68,5566.35
SKU0156,Kitchen,2026-01-06,1,20.4,0.0,43.2,107,106,21.0,157,738.06,1430.28
SKU0156,Kitchen,2026-01-13,2,22.5,0.0,46.2,107,106,21.0,157,738.06,1430.28
SKU0156,Kitchen,2026-01-20,3,26.6,5.7,47.5,107,106,21.0,157,738.06,1430.28
SKU0156,Kitchen,2026-01-27,4,23.6,18.7,28.5,107,106,21.0,157,738.06,1430.28
SKU0156,Kitchen,2026-02-03,5,25.5,20.6,30.4,107,106,21.0,157,738.06,1430.28
SKU0156,Kitchen,2026-02-10,6,28.4,22.9,33.8,107,106,21.0,157,738.06,1430.28
SKU0156,Kitchen,2026-02-17,7,27.2,22.0,32.4,107,106,21.0,157,738.06,1430.28
SKU0156,Kitchen,2026-02-24,8,17.0,13.7,20.2,107,106,21.0,157,738.06,1430.28
SKU0157,Kitchen,2026-01-06,1,43.0,0.0,101.7,18,167,15.0,173,3070.25,5896.52
SKU0157,Kitchen,2026-01-13,2,77.0,10.3,143.7,18,167,15.0,173,3070.25,5896.52
SKU0157,Kitchen,2026-01-20,3,76.4,23.8,129.1,18,167,15.0,173,3070.25,5896.52
SKU0157,Kitchen,2026-01-27,4,62.9,35.6,90.1,18,167,15.0,173,3070.25,5896.52
SKU0157,Kitchen,2026-02-03,5,63.7,46.1,81.4,18,167,15.0,173,3070.25,5896.52
SKU0157,Kitchen,2026-02-10,6,63.1,51.0,75.3,18,167,15.0,173,3070.25,5896.52
SKU0157,Kitchen,2026-02-17,7,62.0,50.1,73.9,18,167,15.0,173,3070.25,5896.52
SKU0157,Kitchen,2026-02-24,8,50.8,41.0,60.5,18,167,15.0,173,3070.25,5896.52
SKU0158,Furniture,2026-01-06,1,71.6,0.0,220.7,422,0,11.0,557,772.56,1249.32
SKU0158,Furniture,2026-01-13,2,194.7,19.9,369.5,422,0,11.0,557,772.56,1249.32
SKU0158,Furniture,2026-01-20,3,191.3,51.6,331.1,422,0,11.0,557,772.56,1249.32
SKU0158,Furniture,2026-01-27,4,154.9,68.6,241.2,422,0,11.0,557,772.56,1249.32
SKU0158,Furniture,2026-02-03,5,146.8,83.3,210.3,422,0,11.0,557,772.56,1249.32
SKU0158,Furniture,2026-02-10,6,149.4,120.7,178.0,422,0,11.0,557,772.56,1249.32
SKU0158,Furniture,2026-02-17,7,135.4,109.4,161.4,422,0,11.0,557,772.56,1249.32
SKU0158,Furniture,2026-02-24,8,126.9,102.5,151.3,422,0,11.0,557,772.56,1249.32
SKU0159,Decor,2026-01-06,1,64.8,0.0,156.3,139,808,25.0,691,1084.84,1898.98
SKU0159,Decor,2026-01-13,2,128.4,34.1,222.6,139,808,25.0,691,1084.84,1898.98
SKU0159,Decor,2026-01-20,3,144.9,72.0,217.8,139,808,25.0,691,1084.84,1898.98
SKU0159,Decor,2026-01-27,4,113.5,64.6,162.3,139,808,25.0,691,1084.84,1898.98
SKU0159,Decor,2026-02-03,5,108.9,70.6,147.2,139,808,25.0,691,1084.84,1898.98
SKU0159,Decor,2026-02-10,6,104.8,84.7,125.0,139,808,25.0,691,1084.84,1898.98
SKU0159,Decor,2026-02-17,7,97.6,77.3,117.8,139,808,25.0,691,1084.84,1898.98
SKU0159,Decor,2026-02-24,8,83.8,67.7,99.9,139,808,25.0,691,1084.84,1898.98
SKU0160,Furniture,2026-01-06,1,46.5,0.0,107.5,360,0,13.0,351,2144.985,4837.43
SKU0160,Furniture,2026-01-13,2,77.8,22.6,133.1,360,0,13.0,351,2144.985,4837.43
SKU0160,Furniture,2026-01-20,3,82.2,53.2,111.2,360,0,13.0,351,2144.985,4837.43
SKU0160,Furniture,2026-01-27,4,69.9,48.8,91.0,360,0,13.0,351,2144.985,4837.43
SKU0160,Furniture,2026-02-03,5,64.6,47.0,82.3,360,0,13.0,351,2144.985,4837.43
SKU0160,Furniture,2026-02-10,6,61.7,49.9,73.6,360,0,13.0,351,2144.985,4837.43
SKU0160,Furniture,2026-02-17,7,62.4,50.4,74.4,360,0,13.0,351,2144.985,4837.43
SKU0160,Furniture,2026-02-24,8,52.4,42.4,62.5,360,0,13.0,351,2144.985,4837.43
SKU0161,Furniture,2026-01-06,1,111.4,0.0,260.4,795,0,9.0,575,3405.64,7373.57
SKU0161,Furniture,2026-01-13,2,198.6,32.1,365.0,795,0,9.0,575,3405.64,7373.57
SKU0161,Furniture,2026-01-20,3,229.5,75.6,383.3,795,0,9.0,575,3405.64,7373.57
SKU0161,Furniture,2026-01-27,4,200.1,122.6,277.7,795,0,9.0,575,3405.64,7373.57
SKU0161,Furniture,2026-02-03,5,168.0,111.4,224.5,795,0,9.0,575,3405.64,7373.57
SKU0161,Furniture,2026-02-10,6,167.2,135.1,199.3,795,0,9.0,575,3405.64,7373.57
SKU0161,Furniture,2026-02-17,7,162.2,129.2,195.2,795,0,9.0,575,3405.64,7373.57
SKU0161,Furniture,2026-02-24,8,137.9,111.4,164.4,795,0,9.0,575,3405.64,7373.57
SKU0162,Decor,2026-01-06,1,71.4,0.0,162.1,33,654,21.0,433,2746.77,6360.1
SKU0162,Decor,2026-01-13,2,137.9,25.1,250.6,33,654,21.0,433,2746.77,6360.1
SKU0162,Decor,2026-01-20,3,147.4,52.1,242.8,33,654,21.0,433,2746.77,6360.1
SKU0162,Decor,2026-01-27,4,124.9,81.6,168.1,33,654,21.0,433,2746.77,6360.1
SKU0162,Decor,2026-02-03,5,118.4,80.7,156.0,33,654,21.0,433,2746.77,6360.1
SKU0162,Decor,2026-02-10,6,121.0,97.8,144.2,33,654,21.0,433,2746.77,6360.1
SKU0162,Decor,2026-02-17,7,118.4,95.6,141.1,33,654,21.0,433,2746.77,6360.1
SKU0162,Decor,2026-02-24,8,92.0,74.3,109.6,33,654,21.0,433,2746.77,6360.1
SKU0163,Bedding,2026-01-06,1,15.8,0.0,33.5,40,58,29.0,100,2250.2,4064.19
SKU0163,Bedding,2026-01-13,2,21.0,1.5,40.5,40,58,29.0,100,2250.2,4064.19
SKU0163,Bedding,2026-01-20,3,23.3,4.4,42.2,40,58,29.0,100,2250.2,4064.19
SKU0163,Bedding,2026-01-27,4,22.4,16.3,28.5,40,58,29.0,100,2250.2,4064.19
SKU0163,Bedding,2026-02-03,5,21.7,17.5,25.8,40,58,29.0,100,2250.2,4064.19
SKU0163,Bedding,2026-02-10,6,20.8,16.8,24.7,40,58,29.0,100,2250.2,4064.19
SKU0163,Bedding,2026-02-17,7,20.7,16.8,24.7,40,58,29.0,100,2250.2,4064.19
SKU0163,Bedding,2026-02-24,8,14.7,11.9,17.5,40,58,29.0,100,2250.2,4064.19
SKU0164,Decor,2026-01-06,1,54.3,0.0,127.6,47,242,8.0,144,2033.78,4723.16
SKU0164,Decor,2026-01-13,2,109.3,33.6,185.1,47,242,8.0,144,2033.78,4723.16
SKU0164,Decor,2026-01-20,3,111.1,54.2,167.9,47,242,8.0,144,2033.78,4723.16
SKU0164,Decor,2026-01-27,4,94.0,57.1,130.9,47,242,8.0,144,2033.78,4723.16
SKU0164,Decor,2026-02-03,5,84.6,55.4,113.9,47,242,8.0,144,2033.78,4723.16
SKU0164,Decor,2026-02-10,6,85.2,68.8,101.5,47,242,8.0,144,2033.78,4723.16
SKU0164,Decor,2026-02-17,7,78.5,63.5,93.6,47,242,8.0,144,2033.78,4723.16
SKU0164,Decor,2026-02-24,8,69.5,56.2,82.9,47,242,8.0,144,2033.78,4723.16
SKU0165,Bedding,2026-01-06,1,61.2,0.0,147.1,565,405,24.0,703,3656.3,7694.86
SKU0165,Bedding,2026-01-13,2,120.5,26.1,214.9,565,405,24.0,703,3656.3,7694.86
SKU0165,Bedding,2026-01-20,3,120.6,38.3,202.8,565,405,24.0,703,3656.3,7694.86
SKU0165,Bedding,2026-01-27,4,112.4,68.6,156.2,565,405,24.0,703,3656.3,7694.86
SKU0165,Bedding,2026-02-03,5,103.3,71.6,135.0,565,405,24.0,703,3656.3,7694.86
SKU0165,Bedding,2026-02-10,6,94.6,76.4,112.8,565,405,24.0,703,3656.3,7694.86
SKU0165,Bedding,2026-02-17,7,91.4,73.9,109.0,565,405,24.0,703,3656.3,7694.86
SKU0165,Bedding,2026-02-24,8,76.6,61.9,91.3,565,405,24.0,703,3656.3,7694.86
SKU0166,Small Appliances,2026-01-06,1,84.1,0.0,226.9,0,665,26.0,534,1494.25,2986.38
SKU0166,Small Appliances,2026-01-13,2,188.0,8.2,367.9,0,665,26.0,534,1494.25,2986.38
SKU0166,Small Appliances,2026-01-20,3,219.2,67.5,370.9,0,665,26.0,534,1494.25,2986.38
SKU0166,Small Appliances,2026-01-27,4,193.3,120.2,266.5,0,665,26.0,534,1494.25,2986.38
SKU0166,Small Appliances,2026-02-03,5,160.3,94.2,226.5,0,665,26.0,534,1494.25,2986.38
SKU0166,Small Appliances,2026-02-10,6,175.0,141.4,208.6,0,665,26.0,534,1494.25,2986.38
SKU0166,Small Appliances,2026-02-17,7,159.3,128.7,189.9,0,665,26.0,534,1494.25,2986.38
SKU0166,Small Appliances,2026-02-24,8,131.0,105.9,156.2,0,665,26.0,534,1494.25,2986.38
SKU0167,Kitchen,2026-01-06,1,4.2,0.0,9.6,68,0,10.0,39,1714.5,4287.63
SKU0167,Kitchen,2026-01-13,2,3.5,0.0,7.2,68,0,10.0,39,1714.5,4287.63
SKU0167,Kitchen,2026-01-20,3,5.3,1.4,9.1,68,0,10.0,39,1714.5,4287.63
SKU0167,Kitchen,2026-01-27,4,3.1,1.6,4.6,68,0,10.0,39,1714.5,4287.63
SKU0167,Kitchen,2026-02-03,5,3.6,2.3,4.9,68,0,10.0,39,1714.5,4287.63
SKU0167,Kitchen,2026-02-10,6,5.0,3.7,6.3,68,0,10.0,39,1714.5,4287.63
SKU0167,Kitchen,2026-02-17,7,6.0,4.8,7.3,68,0,10.0,39,1714.5,4287.63
SKU0167,Kitchen,2026-02-24,8,2.6,1.1,4.1,68,0,10.0,39,1714.5,4287.63
SKU0168,Furniture,2026-01-06,1,16.4,0.0,34.2,31,168,26.0,150,874.53,1579.95
SKU0168,Furniture,2026-01-13,2,21.4,0.5,42.3,31,168,26.0,150,874.53,1579.95
SKU0168,Furniture,2026-01-20,3,22.3,8.1,36.4,31,168,26.0,150,874.53,1579.95
SKU0168,Furniture,2026-01-27,4,22.7,18.3,27.1,31,168,26.0,150,874.53,1579.95
SKU0168,Furniture,2026-02-03,5,21.7,17.5,25.9,31,168,26.0,150,874.53,1579.95
SKU0168,Furniture,2026-02-10,6,24.7,19.9,29.4,31,168,26.0,150,874.53,1579.95
SKU0168,Furniture,2026-02-17,7,22.1,17.9,26.3,31,168,26.0,150,874.53,1579.95
SKU0168,Furniture,2026-02-24,8,16.8,13.6,20.1,31,168,26.0,150,874.53,1579.95
SKU0169,Decor,2026-01-06,1,55.7,0.0,118.5,75,194,16.0,236,3724.35,7217.23
SKU0169,Decor,2026-01-13,2,103.1,38.7,167.5,75,194,16.0,236,3724.35,7217.23
SKU0169,Decor,2026-01-20,3,108.1,55.6,160.6,75,194,16.0,236,3724.35,7217.23
SKU0169,Decor,2026-01-27,4,86.5,53.9,119.0,75,194,16.0,236,3724.35,7217.23
SKU0169,Decor,2026-02-03,5,83.2,57.0,109.4,75,194,16.0,236,3724.35,7217.23
SKU0169,Decor,2026-02-10,6,81.2,65.6,96.8,75,194,16.0,236,3724.35,7217.23
SKU0169,Decor,2026-02-17,7,79.9,64.5,95.2,75,194,16.0,236,3724.35,7217.23
SKU0169,Decor,2026-02-24,8,67.0,54.1,79.9,75,194,16.0,236,3724.35,7217.23
SKU0170,Furniture,2026-01-06,1,31.6,0.0,75.6,0,191,22.0,129,2474.21,3485.61
SKU0170,Furniture,2026-01-13,2,43.8,0.0,89.4,0,191,22.0,129,2474.21,3485.61
SKU0170,Furniture,2026-01-20,3,43.6,0.0,89.6,0,191,22.0,129,2474.21,3485.61
SKU0170,Furniture,2026-01-27,4,40.7,29.5,51.9,0,191,22.0,129,2474.21,3485.61
SKU0170,Furniture,2026-02-03,5,38.4,31.0,45.7,0,191,22.0,129,2474.21,3485.61
SKU0170,Furniture,2026-02-10,6,41.9,33.8,49.9,0,191,22.0,129,2474.21,3485.61
SKU0170,Furniture,2026-02-17,7,44.0,35.6,52.5,0,191,22.0,129,2474.21,3485.61
SKU0170,Furniture,2026-02-24,8,33.9,27.4,40.5,0,191,22.0,129,2474.21,3485.61
SKU0171,Small Appliances,2026-01-06,1,55.5,0.0,124.2,295,1092,28.0,1013,2608.33,6724.71
SKU0171,Small Appliances,2026-01-13,2,102.8,25.9,179.8,295,1092,28.0,1013,2608.33,6724.71
SKU0171,Small Appliances,2026-01-20,3,105.9,41.0,170.8,295,1092,28.0,1013,2608.33,6724.71
SKU0171,Small Appliances,2026-01-27,4,85.2,48.7,121.8,295,1092,28.0,1013,2608.33,6724.71
SKU0171,Small Appliances,2026-02-03,5,81.2,55.6,106.8,295,1092,28.0,1013,2608.33,6724.71
SKU0171,Small Appliances,2026-02-10,6,80.7,65.2,96.2,295,1092,28.0,1013,2608.33,6724.71
SKU0171,Small Appliances,2026-02-17,7,79.1,63.9,94.2,295,1092,28.0,1013,2608.33,6724.71
SKU0171,Small Appliances,2026-02-24,8,62.6,50.6,74.6,295,1092,28.0,1013,2608.33,6724.71
SKU0172,Bedding,2026-01-06,1,33.4,0.0,67.1,52,79,14.0,71,2014.52,4661.03
SKU0172,Bedding,2026-01-13,2,48.3,9.5,87.1,52,79,14.0,71,2014.52,4661.03
SKU0172,Bedding,2026-01-20,3,46.6,20.9,72.3,52,79,14.0,71,2014.52,4661.03
SKU0172,Bedding,2026-01-27,4,44.1,32.7,55.6,52,79,14.0,71,2014.52,4661.03
SKU0172,Bedding,2026-02-03,5,42.4,34.2,50.5,52,79,14.0,71,2014.52,4661.03
SKU0172,Bedding,2026-02-10,6,43.4,35.1,51.7,52,79,14.0,71,2014.52,4661.03
SKU0172,Bedding,2026-02-17,7,41.2,33.3,49.1,52,79,14.0,71,2014.52,4661.03
SKU0172,Bedding,2026-02-24,8,32.0,25.9,38.2,52,79,14.0,71,2014.52,4661.03
SKU0173,Bedding,2026-01-06,1,12.6,0.0,28.6,115,95,23.0,156,3860.2,9026.72
SKU0173,Bedding,2026-01-13,2,19.8,3.8,35.8,115,95,23.0,156,3860.2,9026.72
SKU0173,Bedding,2026-01-20,3,21.0,6.9,35.1,115,95,23.0,156,3860.2,9026.72
SKU0173,Bedding,2026-01-27,4,15.6,8.8,22.4,115,95,23.0,156,3860.2,9026.72
SKU0173,Bedding,2026-02-03,5,13.6,9.4,17.9,115,95,23.0,156,3860.2,9026.72
SKU0173,Bedding,2026-02-10,6,16.0,12.2,19.9,115,95,23.0,156,3860.2,9026.72
SKU0173,Bedding,2026-02-17,7,16.5,13.0,19.9,115,95,23.0,156,3860.2,9026.72
SKU0173,Bedding,2026-02-24,8,11.2,9.0,13.3,115,95,23.0,156,3860.2,9026.72
SKU0174,Bedding,2026-01-06,1,73.8,0.0,207.3,868,900,19.0,1282,633.6,1443.91
SKU0174,Bedding,2026-01-13,2,201.8,51.4,352.2,868,900,19.0,1282,633.6,1443.91
SKU0174,Bedding,2026-01-20,3,216.6,76.9,356.2,868,900,19.0,1282,633.6,1443.91
SKU0174,Bedding,2026-01-27,4,187.1,103.6,270.6,868,900,19.0,1282,633.6,1443.91
SKU0174,Bedding,2026-02-03,5,165.7,93.5,237.9,868,900,19.0,1282,633.6,1443.91
SKU0174,Bedding,2026-02-10,6,161.7,130.6,192.7,868,900,19.0,1282,633.6,1443.91
SKU0174,Bedding,2026-02-17,7,150.2,121.4,179.1,868,900,19.0,1282,633.6,1443.91
SKU0174,Bedding,2026-02-24,8,129.5,104.6,154.4,868,900,19.0,1282,633.6,1443.91
SKU0175,Kitchen,2026-01-06,1,82.9,0.0,200.2,750,710,20.0,970,2685.59,6885.26
SKU0175,Kitchen,2026-01-13,2,205.9,69.4,342.5,750,710,20.0,970,2685.59,6885.26
SKU0175,Kitchen,2026-01-20,3,182.8,60.1,305.5,750,710,20.0,970,2685.59,6885.26
SKU0175,Kitchen,2026-01-27,4,170.5,94.1,246.9,750,710,20.0,970,2685.59,6885.26
SKU0175,Kitchen,2026-02-03,5,151.2,91.6,210.9,750,710,20.0,970,2685.59,6885.26
SKU0175,Kitchen,2026-02-10,6,145.7,117.7,173.7,750,710,20.0,970,2685.59,6885.26
SKU0175,Kitchen,2026-02-17,7,134.2,108.4,159.9,750,710,20.0,970,2685.59,6885.26
SKU0175,Kitchen,2026-02-24,8,118.7,95.9,141.4,750,710,20.0,970,2685.59,6885.26
SKU0176,Small Appliances,2026-01-06,1,55.3,8.0,102.6,223,320,16.0,372,1295.27,2953.87
SKU0176,Small Appliances,2026-01-13,2,80.1,29.1,131.0,223,320,16.0,372,1295.27,2953.87
SKU0176,Small Appliances,2026-01-20,3,83.8,44.7,123.0,223,320,16.0,372,1295.27,2953.87
SKU0176,Small Appliances,2026-01-27,4,72.3,54.3,90.2,223,320,16.0,372,1295.27,2953.87
SKU0176,Small Appliances,2026-02-03,5,70.5,56.4,84.5,223,320,16.0,372,1295.27,2953.87
SKU0176,Small Appliances,2026-02-10,6,69.2,55.9,82.5,223,320,16.0,372,1295.27,2953.87
SKU0176,Small Appliances,2026-02-17,7,66.8,53.9,79.6,223,320,16.0,372,1295.27,2953.87
SKU0176,Small Appliances,2026-02-24,8,55.9,45.2,66.7,223,320,16.0,372,1295.27,2953.87
SKU0177,Kitchen,2026-01-06,1,91.8,0.0,199.9,0,262,10.0,125,670.71,971.95
SKU0177,Kitchen,2026-01-13,2,165.0,53.8,276.2,0,262,10.0,125,670.71,971.95
SKU0177,Kitchen,2026-01-20,3,167.7,85.1,250.3,0,262,10.0,125,670.71,971.95
SKU0177,Kitchen,2026-01-27,4,139.7,82.1,197.3,0,262,10.0,125,670.71,971.95
SKU0177,Kitchen,2026-02-03,5,130.4,91.4,169.4,0,262,10.0,125,670.71,971.95
SKU0177,Kitchen,2026-02-10,6,127.2,102.8,151.6,0,262,10.0,125,670.71,971.95
SKU0177,Kitchen,2026-02-17,7,122.8,99.2,146.4,0,262,10.0,125,670.71,971.95
SKU0177,Kitchen,2026-02-24,8,106.1,85.7,126.4,0,262,10.0,125,670.71,971.95
SKU0178,Decor,2026-01-06,1,6.6,0.0,16.6,47,62,18.0,72,2060.86,5322.48
SKU0178,Decor,2026-01-13,2,8.9,0.0,20.4,47,62,18.0,72,2060.86,5322.48
SKU0178,Decor,2026-01-20,3,10.3,0.0,21.1,47,62,18.0,72,2060.86,5322.48
SKU0178,Decor,2026-01-27,4,8.9,7.0,10.8,47,62,18.0,72,2060.86,5322.48
SKU0178,Decor,2026-02-03,5,9.1,7.3,10.8,47,62,18.0,72,2060.86,5322.48
SKU0178,Decor,2026-02-10,6,13.3,10.7,15.8,47,62,18.0,72,2060.86,5322.48
SKU0178,Decor,2026-02-17,7,15.1,12.2,18.1,47,62,18.0,72,2060.86,5322.48
SKU0178,Decor,2026-02-24,8,10.4,6.9,13.8,47,62,18.0,72,2060.86,5322.48
SKU0179,Kitchen,2026-01-06,1,83.0,0.0,190.0,520,718,9.0,528,1763.99,4149.64
SKU0179,Kitchen,2026-01-13,2,177.1,49.6,304.7,520,718,9.0,528,1763.99,4149.64
SKU0179,Kitchen,2026-01-20,3,168.0,82.9,253.2,520,718,9.0,528,1763.99,4149.64
SKU0179,Kitchen,2026-01-27,4,164.0,105.3,222.8,520,718,9.0,528,1763.99,4149.64
SKU0179,Kitchen,2026-02-03,5,134.7,86.3,183.2,520,718,9.0,528,1763.99,4149.64
SKU0179,Kitchen,2026-02-10,6,137.3,111.0,163.7,520,718,9.0,528,1763.99,4149.64
SKU0179,Kitchen,2026-02-17,7,122.5,99.0,146.0,520,718,9.0,528,1763.99,4149.64
SKU0179,Kitchen,2026-02-24,8,116.0,93.8,138.3,520,718,9.0,528,1763.99,4149.64
SKU0180,Kitchen,2026-01-06,1,85.6,0.0,257.4,943,912,23.0,1363,2310.75,5459.08
SKU0180,Kitchen,2026-01-13,2,226.9,24.9,429.0,943,912,23.0,1363,2310.75,5459.08
SKU0180,Kitchen,2026-01-20,3,214.6,29.4,399.8,943,912,23.0,1363,2310.75,5459.08
SKU0180,Kitchen,2026-01-27,4,191.9,100.3,283.5,943,912,23.0,1363,2310.75,5459.08
SKU0180,Kitchen,2026-02-03,5,179.8,108.4,251.2,943,912,23.0,1363,2310.75,5459.08
SKU0180,Kitchen,2026-02-10,6,174.0,140.6,207.4,943,912,23.0,1363,2310.75,5459.08
SKU0180,Kitchen,2026-02-17,7,167.4,135.3,199.5,943,912,23.0,1363,2310.75,5459.08
SKU0180,Kitchen,2026-02-24,8,137.6,111.2,164.0,943,912,23.0,1363,2310.75,5459.08
SKU0181,Decor,2026-01-06,1,13.2,0.0,26.5,51,74,13.0,70,340.49,628.97
SKU0181,Decor,2026-01-13,2,19.3,3.9,34.7,51,74,13.0,70,340.49,628.97
SKU0181,Decor,2026-01-20,3,21.9,7.5,36.2,51,74,13.0,70,340.49,628.97
SKU0181,Decor,2026-01-27,4,18.5,13.2,23.8,51,74,13.0,70,340.49,628.97
SKU0181,Decor,2026-02-03,5,15.8,11.8,19.9,51,74,13.0,70,340.49,628.97
SKU0181,Decor,2026-02-10,6,18.3,14.8,21.9,51,74,13.0,70,340.49,628.97
SKU0181,Decor,2026-02-17,7,18.7,15.1,22.2,51,74,13.0,70,340.49,628.97
SKU0181,Decor,2026-02-24,8,14.3,11.6,17.1,51,74,13.0,70,340.49,628.97
SKU0182,Kitchen,2026-01-06,1,51.7,0.0,133.9,397,439,23.0,714,615.27,1359.97
SKU0182,Kitchen,2026-01-13,2,117.0,23.3,210.7,397,439,23.0,714,615.27,1359.97
SKU0182,Kitchen,2026-01-20,3,122.1,44.2,200.0,397,439,23.0,714,615.27,1359.97
SKU0182,Kitchen,2026-01-27,4,95.4,47.5,143.3,397,439,23.0,714,615.27,1359.97
SKU0182,Kitchen,2026-02-03,5,89.2,53.6,124.7,397,439,23.0,714,615.27,1359.97
SKU0182,Kitchen,2026-02-10,6,89.3,71.4,107.1,397,439,23.0,714,615.27,1359.97
SKU0182,Kitchen,2026-02-17,7,81.9,64.5,99.3,397,439,23.0,714,615.27,1359.97
SKU0182,Kitchen,2026-02-24,8,69.0,55.8,82.3,397,439,23.0,714,615.27,1359.97
SKU0183,Bedding,2026-01-06,1,68.9,0.0,163.4,193,390,9.0,279,3488.73,7979.83
SKU0183,Bedding,2026-01-13,2,131.1,33.5,228.6,193,390,9.0,279,3488.73,7979.83
SKU0183,Bedding,2026-01-20,3,140.6,49.7,231.4,193,390,9.0,279,3488.73,7979.83
SKU0183,Bedding,2026-01-27,4,109.8,57.6,162.0,193,390,9.0,279,3488.73,7979.83
SKU0183,Bedding,2026-02-03,5,107.9,72.6,143.2,193,390,9.0,279,3488.73,7979.83
SKU0183,Bedding,2026-02-10,6,103.6,83.7,123.5,193,390,9.0,279,3488.73,7979.83
SKU0183,Bedding,2026-02-17,7,100.0,80.8,119.2,193,390,9.0,279,3488.73,7979.83
SKU0183,Bedding,2026-02-24,8,81.9,66.2,97.7,193,390,9.0,279,3488.73,7979.83
SKU0184,Bedding,2026-01-06,1,53.9,0.0,121.7,490,488,15.0,539,386.06,649.14
SKU0184,Bedding,2026-01-13,2,101.3,25.7,177.0,490,488,15.0,539,386.06,649.14
SKU0184,Bedding,2026-01-20,3,103.8,51.7,155.9,490,488,15.0,539,386.06,649.14
SKU0184,Bedding,2026-01-27,4,81.5,49.1,114.0,490,488,15.0,539,386.06,649.14
SKU0184,Bedding,2026-02-03,5,78.4,52.8,104.0,490,488,15.0,539,386.06,649.14
SKU0184,Bedding,2026-02-10,6,81.0,65.5,96.6,490,488,15.0,539,386.06,649.14
SKU0184,Bedding,2026-02-17,7,76.5,61.9,91.2,490,488,15.0,539,386.06,649.14
SKU0184,Bedding,2026-02-24,8,62.9,50.8,75.0,490,488,15.0,539,386.06,649.14
SKU0185,Furniture,2026-01-06,1,48.2,0.0,113.2,99,126,23.0,205,217.1,438.01
SKU0185,Furniture,2026-01-13,2,91.9,21.4,162.4,99,126,23.0,205,217.1,438.01
SKU0185,Furniture,2026-01-20,3,85.5,25.0,145.9,99,126,23.0,205,217.1,438.01
SKU0185,Furniture,2026-01-27,4,66.4,34.4,98.5,99,126,23.0,205,217.1,438.01
SKU0185,Furniture,2026-02-03,5,67.0,45.2,88.9,99,126,23.0,205,217.1,438.01
SKU0185,Furniture,2026-02-10,6,66.1,51.7,80.4,99,126,23.0,205,217.1,438.01
SKU0185,Furniture,2026-02-17,7,64.0,51.7,76.3,99,126,23.0,205,217.1,438.01
SKU0185,Furniture,2026-02-24,8,52.4,42.4,62.5,99,126,23.0,205,217.1,438.01
SKU0186,Kitchen,2026-01-06,1,56.5,0.0,131.9,186,235,22.0,364,312.51,588.03
SKU0186,Kitchen,2026-01-13,2,119.2,32.3,206.1,186,235,22.0,364,312.51,588.03
SKU0186,Kitchen,2026-01-20,3,113.0,35.2,190.9,186,235,22.0,364,312.51,588.03
SKU0186,Kitchen,2026-01-27,4,88.1,44.7,131.5,186,235,22.0,364,312.51,588.03
SKU0186,Kitchen,2026-02-03,5,82.2,50.6,113.8,186,235,22.0,364,312.51,588.03
SKU0186,Kitchen,2026-02-10,6,85.5,65.3,105.7,186,235,22.0,364,312.51,588.03
SKU0186,Kitchen,2026-02-17,7,85.8,69.3,102.2,186,235,22.0,364,312.51,588.03
SKU0186,Kitchen,2026-02-24,8,68.6,55.5,81.8,186,235,22.0,364,312.51,588.03
SKU0187,Bedding,2026-01-06,1,33.3,0.0,67.3,34,130,12.0,122,1103.1,2673.18
SKU0187,Bedding,2026-01-13,2,37.5,0.0,75.5,34,130,12.0,122,1103.1,2673.18
SKU0187,Bedding,2026-01-20,3,38.0,7.5,68.6,34,130,12.0,122,1103.1,2673.18
SKU0187,Bedding,2026-01-27,4,39.9,32.2,47.6,34,130,12.0,122,1103.1,2673.18
SKU0187,Bedding,2026-02-03,5,37.6,30.3,44.8,34,130,12.0,122,1103.1,2673.18
SKU0187,Bedding,2026-02-10,6,39.1,31.6,46.6,34,130,12.0,122,1103.1,2673.18
SKU0187,Bedding,2026-02-17,7,36.8,29.8,43.9,34,130,12.0,122,1103.1,2673.18
SKU0187,Bedding,2026-02-24,8,25.3,20.5,30.2,34,130,12.0,122,1103.1,2673.18
SKU0188,Bedding,2026-01-06,1,83.0,0.0,206.3,483,0,8.0,320,3442.71,6054.81
SKU0188,Bedding,2026-01-13,2,206.5,64.7,348.3,483,0,8.0,320,3442.71,6054.81
SKU0188,Bedding,2026-01-20,3,210.7,96.7,324.7,483,0,8.0,320,3442.71,6054.81
SKU0188,Bedding,2026-01-27,4,181.1,105.1,257.0,483,0,8.0,320,3442.71,6054.81
SKU0188,Bedding,2026-02-03,5,172.5,106.3,238.6,483,0,8.0,320,3442.71,6054.81
SKU0188,Bedding,2026-02-10,6,159.0,128.5,189.6,483,0,8.0,320,3442.71,6054.81
SKU0188,Bedding,2026-02-17,7,142.4,115.1,169.7,483,0,8.0,320,3442.71,6054.81
SKU0188,Bedding,2026-02-24,8,126.6,102.3,150.9,483,0,8.0,320,3442.71,6054.81
SKU0189,Bedding,2026-01-06,1,30.0,0.0,77.2,4,290,14.0,187,1244.34,3065.89
SKU0189,Bedding,2026-01-13,2,59.6,3.6,115.6,4,290,14.0,187,1244.34,3065.89
SKU0189,Bedding,2026-01-20,3,59.3,21.3,97.3,4,290,14.0,187,1244.34,3065.89
SKU0189,Bedding,2026-01-27,4,50.5,33.1,67.8,4,290,14.0,187,1244.34,3065.89
SKU0189,Bedding,2026-02-03,5,52.7,37.3,68.0,4,290,14.0,187,1244.34,3065.89
SKU0189,Bedding,2026-02-10,6,55.1,44.6,65.7,4,290,14.0,187,1244.34,3065.89
SKU0189,Bedding,2026-02-17,7,51.1,41.3,60.9,4,290,14.0,187,1244.34,3065.89
SKU0189,Bedding,2026-02-24,8,42.6,34.4,50.8,4,290,14.0,187,1244.34,3065.89
SKU0190,Decor,2026-01-06,1,88.0,0.0,210.5,689,854,13.0,814,522.28,945.49
SKU0190,Decor,2026-01-13,2,204.3,64.1,344.4,689,854,13.0,814,522.28,945.49
SKU0190,Decor,2026-01-20,3,214.0,91.1,336.8,689,854,13.0,814,522.28,945.49
SKU0190,Decor,2026-01-27,4,189.0,113.8,264.2,689,854,13.0,814,522.28,945.49
SKU0190,Decor,2026-02-03,5,167.3,102.9,231.8,689,854,13.0,814,522.28,945.49
SKU0190,Decor,2026-02-10,6,166.6,134.6,198.6,689,854,13.0,814,522.28,945.49
SKU0190,Decor,2026-02-17,7,155.5,125.6,185.3,689,854,13.0,814,522.28,945.49
SKU0190,Decor,2026-02-24,8,133.2,107.7,158.8,689,854,13.0,814,522.28,945.49
SKU0191,Small Appliances,2026-01-06,1,77.9,0.0,203.6,493,512,25.0,753,3995.22,7014.15
SKU0191,Small Appliances,2026-01-13,2,199.6,36.5,362.7,493,512,25.0,753,3995.22,7014.15
SKU0191,Small Appliances,2026-01-20,3,207.4,88.2,326.6,493,512,25.0,753,3995.22,7014.15
SKU0191,Small Appliances,2026-01-27,4,174.0,101.8,246.1,493,512,25.0,753,3995.22,7014.15
SKU0191,Small Appliances,2026-02-03,5,160.9,94.8,227.0,493,512,25.0,753,3995.22,7014.15
SKU0191,Small Appliances,2026-02-10,6,167.0,134.9,199.1,493,512,25.0,753,3995.22,7014.15
SKU0191,Small Appliances,2026-02-17,7,146.3,118.2,174.4,493,512,25.0,753,3995.22,7014.15
SKU0191,Small Appliances,2026-02-24,8,133.3,107.7,158.9,493,512,25.0,753,3995.22,7014.15
SKU0192,Kitchen,2026-01-06,1,33.2,0.0,88.5,257,0,10.0,188,719.92,1504.52
SKU0192,Kitchen,2026-01-13,2,58.1,0.0,119.0,257,0,10.0,188,719.92,1504.52
SKU0192,Kitchen,2026-01-20,3,63.3,3.4,123.3,257,0,10.0,188,719.92,1504.52
SKU0192,Kitchen,2026-01-27,4,53.5,31.1,75.8,257,0,10.0,188,719.92,1504.52
SKU0192,Kitchen,2026-02-03,5,52.3,37.7,66.9,257,0,10.0,188,719.92,1504.52
SKU0192,Kitchen,2026-02-10,6,55.5,44.9,66.2,257,0,10.0,188,719.92,1504.52
SKU0192,Kitchen,2026-02-17,7,56.3,45.5,67.1,257,0,10.0,188,719.92,1504.52
SKU0192,Kitchen,2026-02-24,8,44.8,36.2,53.4,257,0,10.0,188,719.92,1504.52
SKU0193,Furniture,2026-01-06,1,72.4,0.0,206.7,513,799,10.0,637,2461.81,4605.66
SKU0193,Furniture,2026-01-13,2,179.6,12.2,347.0,513,799,10.0,637,2461.81,4605.66
SKU0193,Furniture,2026-01-20,3,194.2,71.5,316.9,513,799,10.0,637,2461.81,4605.66
SKU0193,Furniture,2026-01-27,4,160.6,91.4,229.8,513,799,10.0,637,2461.81,4605.66
SKU0193,Furniture,2026-02-03,5,154.1,93.5,214.6,513,799,10.0,637,2461.81,4605.66
SKU0193,Furniture,2026-02-10,6,160.9,130.0,191.8,513,799,10.0,637,2461.81,4605.66
SKU0193,Furniture,2026-02-17,7,143.9,116.3,171.6,513,799,10.0,637,2461.81,4605.66
SKU0193,Furniture,2026-02-24,8,119.3,96.4,142.2,513,799,10.0,637,2461.81,4605.66
SKU0194,Bedding,2026-01-06,1,63.0,0.0,134.0,0,354,19.0,230,2088.28,3260.31
SKU0194,Bedding,2026-01-13,2,127.4,40.4,214.4,0,354,19.0,230,2088.28,3260.31
SKU0194,Bedding,2026-01-20,3,130.6,52.9,208.4,0,354,19.0,230,2088.28,3260.31
SKU0194,Bedding,2026-01-27,4,107.8,66.2,149.5,0,354,19.0,230,2088.28,3260.31
SKU0194,Bedding,2026-02-03,5,96.9,62.4,131.5,0,354,19.0,230,2088.28,3260.31
SKU0194,Bedding,2026-02-10,6,99.6,80.5,118.7,0,354,19.0,230,2088.28,3260.31
SKU0194,Bedding,2026-02-17,7,92.5,74.8,110.3,0,354,19.0,230,2088.28,3260.31
SKU0194,Bedding,2026-02-24,8,78.8,63.7,93.9,0,354,19.0,230,2088.28,3260.31
SKU0195,Furniture,2026-01-06,1,52.1,0.0,128.0,225,346,22.0,548,967.52,1375.04
SKU0195,Furniture,2026-01-13,2,100.0,16.8,183.1,225,346,22.0,548,967.52,1375.04
SKU0195,Furniture,2026-01-20,3,106.2,33.4,179.0,225,346,22.0,548,967.52,1375.04
SKU0195,Furniture,2026-01-27,4,84.2,43.6,124.9,225,346,22.0,548,967.52,1375.04
SKU0195,Furniture,2026-02-03,5,77.7,50.9,104.6,225,346,22.0,548,967.52,1375.04
SKU0195,Furniture,2026-02-10,6,79.2,64.0,94.4,225,346,22.0,548,967.52,1375.04
SKU0195,Furniture,2026-02-17,7,78.5,63.4,93.6,225,346,22.0,548,967.52,1375.04
SKU0195,Furniture,2026-02-24,8,62.7,50.6,74.7,225,346,22.0,548,967.52,1375.04
SKU0196,Furniture,2026-01-06,1,54.0,0.0,117.4,249,0,11.0,235,2611.25,4731.46
SKU0196,Furniture,2026-01-13,2,94.5,28.8,160.2,249,0,11.0,235,2611.25,4731.46
SKU0196,Furniture,2026-01-20,3,90.2,41.7,138.7,249,0,11.0,235,2611.25,4731.46
SKU0196,Furniture,2026-01-27,4,74.3,47.3,101.4,249,0,11.0,235,2611.25,4731.46
SKU0196,Furniture,2026-02-03,5,74.2,53.9,94.6,249,0,11.0,235,2611.25,4731.46
SKU0196,Furniture,2026-02-10,6,74.0,59.8,88.2,249,0,11.0,235,2611.25,4731.46
SKU0196,Furniture,2026-02-17,7,72.8,58.8,86.7,249,0,11.0,235,2611.25,4731.46
SKU0196,Furniture,2026-02-24,8,56.7,45.8,67.6,249,0,11.0,235,2611.25,4731.46
SKU0197,Small Appliances,2026-01-06,1,44.1,0.0,105.8,55,128,16.0,136,3057.46,6264.82
SKU0197,Small Appliances,2026-01-13,2,81.4,17.7,145.0,55,128,16.0,136,3057.46,6264.82
SKU0197,Small Appliances,2026-01-20,3,83.0,27.8,138.1,55,128,16.0,136,3057.46,6264.82
SKU0197,Small Appliances,2026-01-27,4,69.4,39.0,99.8,55,128,16.0,136,3057.46,6264.82
SKU0197,Small Appliances,2026-02-03,5,68.6,48.7,88.5,55,128,16.0,136,3057.46,6264.82
SKU0197,Small Appliances,2026-02-10,6,63.6,51.4,75.8,55,128,16.0,136,3057.46,6264.82
SKU0197,Small Appliances,2026-02-17,7,63.8,51.5,76.0,55,128,16.0,136,3057.46,6264.82
SKU0197,Small Appliances,2026-02-24,8,54.5,44.0,65.0,55,128,16.0,136,3057.46,6264.82
SKU0198,Kitchen,2026-01-06,1,77.4,0.0,201.6,0,502,18.0,311,3608.59,6070.07
SKU0198,Kitchen,2026-01-13,2,207.4,63.1,351.7,0,502,18.0,311,3608.59,6070.07
SKU0198,Kitchen,2026-01-20,3,212.3,82.0,342.7,0,502,18.0,311,3608.59,6070.07
SKU0198,Kitchen,2026-01-27,4,193.1,110.6,275.5,0,502,18.0,311,3608.59,6070.07
SKU0198,Kitchen,2026-02-03,5,155.6,84.7,226.5,0,502,18.0,311,3608.59,6070.07
SKU0198,Kitchen,2026-02-10,6,161.6,130.6,192.6,0,502,18.0,311,3608.59,6070.07
SKU0198,Kitchen,2026-02-17,7,140.9,111.2,170.6,0,502,18.0,311,3608.59,6070.07
SKU0198,Kitchen,2026-02-24,8,125.8,101.4,150.2,0,502,18.0,311,3608.59,6070.07
SKU0199,Small Appliances,2026-01-06,1,35.4,0.0,76.5,0,260,16.0,154,2212.26,5067.8
SKU0199,Small Appliances,2026-01-13,2,54.6,8.5,100.7,0,260,16.0,154,2212.26,5067.8
SKU0199,Small Appliances,2026-01-20,3,56.7,20.3,93.1,0,260,16.0,154,2212.26,5067.8
SKU0199,Small Appliances,2026-01-27,4,48.8,33.1,64.6,0,260,16.0,154,2212.26,5067.8
SKU0199,Small Appliances,2026-02-03,5,51.8,41.2,62.5,0,260,16.0,154,2212.26,5067.8
SKU0199,Small Appliances,2026-02-10,6,56.1,45.3,66.8,0,260,16.0,154,2212.26,5067.8
SKU0199,Small Appliances,2026-02-17,7,51.7,41.8,61.6,0,260,16.0,154,2212.26,5067.8
SKU0199,Small Appliances,2026-02-24,8,44.3,35.8,52.8,0,260,16.0,154,2212.26,5067.8
SKU0200,Kitchen,2026-01-06,1,63.4,0.0,159.3,505,549,21.0,809,2683.07,4720.22
SKU0200,Kitchen,2026-01-13,2,128.9,23.9,233.8,505,549,21.0,809,2683.07,4720.22
SKU0200,Kitchen,2026-01-20,3,133.4,55.9,210.9,505,549,21.0,809,2683.07,4720.22
SKU0200,Kitchen,2026-01-27,4,112.3,65.8,158.9,505,549,21.0,809,2683.07,4720.22
SKU0200,Kitchen,2026-02-03,5,109.3,73.8,144.8,505,549,21.0,809,2683.07,4720.22
SKU0200,Kitchen,2026-02-10,6,103.3,83.5,123.2,505,549,21.0,809,2683.07,4720.22
SKU0200,Kitchen,2026-02-17,7,96.2,77.7,114.7,505,549,21.0,809,2683.07,4720.22
SKU0200,Kitchen,2026-02-24,8,84.0,67.9,100.1,505,549,21.0,809,2683.07,4720.22
