date,sku_id,on_hand_units,on_order_units,lead_time_days,reorder_point
2024-01-01,SKU0001,915,0,25.0,683
2024-01-08,SKU0001,758,0,25.0,683
2024-01-15,SKU0001,601,394,25.0,683
2024-01-22,SKU0001,444,394,25.0,683
2024-01-29,SKU0001,287,775,25.0,683
2024-02-05,SKU0001,130,775,25.0,683
2024-02-12,SKU0001,367,381,25.0,683
2024-02-19,SKU0001,210,807,25.0,683
2024-02-26,SKU0001,435,426,25.0,683
2024-03-04,SKU0001,278,426,25.0,683
2024-03-11,SKU0001,121,807,25.0,683
2024-03-18,SKU0001,390,381,25.0,683
2024-03-25,SKU0001,233,784,25.0,683
2024-04-01,SKU0001,457,403,25.0,683
2024-04-08,SKU0001,300,403,25.0,683
2024-04-15,SKU0001,144,784,25.0,683
2024-04-22,SKU0001,390,381,25.0,683
2024-04-29,SKU0001,233,762,25.0,683
2024-05-06,SKU0001,457,381,25.0,683
2024-05-13,SKU0001,300,762,25.0,683
2024-05-20,SKU0001,143,762,25.0,683
2024-05-27,SKU0001,367,381,25.0,683
2024-06-03,SKU0001,210,762,25.0,683
2024-06-10,SKU0001,435,381,25.0,683
2024-06-17,SKU0001,278,762,25.0,683
2024-06-24,SKU0001,502,381,25.0,683
2024-07-01,SKU0001,345,381,25.0,683
2024-07-08,SKU0001,188,762,25.0,683
2024-07-15,SKU0001,412,381,25.0,683
2024-07-22,SKU0001,255,784,25.0,683
2024-07-29,SKU0001,479,403,25.0,683
2024-08-05,SKU0001,323,403,25.0,683
2024-08-12,SKU0001,166,784,25.0,683
2024-08-19,SKU0001,412,381,25.0,683
2024-08-26,SKU0001,255,762,25.0,683
2024-09-02,SKU0001,479,381,25.0,683
2024-09-09,SKU0001,322,381,25.0,683
2024-09-16,SKU0001,165,762,25.0,683
2024-09-23,SKU0001,389,381,25.0,683
2024-09-30,SKU0001,233,785,25.0,683
2024-10-07,SKU0001,457,404,25.0,683
2024-10-14,SKU0001,300,404,25.0,683
2024-10-21,SKU0001,143,785,25.0,683
2024-10-28,SKU0001,390,381,25.0,683
2024-11-04,SKU0001,233,762,25.0,683
2024-11-11,SKU0001,457,381,25.0,683
2024-11-18,SKU0001,300,381,25.0,683
2024-11-25,SKU0001,144,806,25.0,683
2024-12-02,SKU0001,368,425,25.0,683
2024-12-09,SKU0001,211,806,25.0,683
2024-12-16,SKU0001,479,381,25.0,683
2024-12-23,SKU0001,322,381,25.0,683
2024-12-30,SKU0001,165,785,25.0,683
2025-01-06,SKU0001,389,404,25.0,683
2025-01-13,SKU0001,233,807,25.0,683
2025-01-20,SKU0001,480,403,25.0,683
2025-01-27,SKU0001,323,403,25.0,683
2025-02-03,SKU0001,166,784,25.0,683
2025-02-10,SKU0001,412,381,25.0,683
2025-02-17,SKU0001,255,762,25.0,683
2025-02-24,SKU0001,479,381,25.0,683
2025-03-03,SKU0001,322,381,25.0,683
2025-03-10,SKU0001,166,762,25.0,683
2025-03-17,SKU0001,390,381,25.0,683
2025-03-24,SKU0001,233,762,25.0,683
2025-03-31,SKU0001,457,381,25.0,683
2025-04-07,SKU0001,306,381,25.0,683
2025-04-14,SKU0001,193,771,25.0,683
2025-04-21,SKU0001,470,390,25.0,683
2025-04-28,SKU0001,333,390,25.0,683
2025-05-05,SKU0001,611,380,25.0,683
2025-05-12,SKU0001,498,380,25.0,683
2025-05-19,SKU0001,363,380,25.0,683
2025-05-26,SKU0001,589,421,25.0,683
2025-06-02,SKU0001,485,421,25.0,683
2025-06-09,SKU0001,336,421,25.0,683
2025-06-16,SKU0001,167,801,25.0,683
2025-06-23,SKU0001,436,380,25.0,683
2025-06-30,SKU0001,277,765,25.0,683
2025-07-07,SKU0001,531,385,25.0,683
2025-07-14,SKU0001,383,385,25.0,683
2025-07-21,SKU0001,271,771,25.0,683
2025-07-28,SKU0001,524,386,25.0,683
2025-08-04,SKU0001,328,386,25.0,683
2025-08-11,SKU0001,123,795,25.0,683
2025-08-18,SKU0001,373,409,25.0,683
2025-08-25,SKU0001,272,790,25.0,683
2025-09-01,SKU0001,578,381,25.0,683
2025-09-08,SKU0001,405,381,25.0,683
2025-09-15,SKU0001,243,779,25.0,683
2025-09-22,SKU0001,489,398,25.0,683
2025-09-29,SKU0001,383,398,25.0,683
2025-10-06,SKU0001,227,784,25.0,683
2025-10-13,SKU0001,488,386,25.0,683
2025-10-20,SKU0001,205,767,25.0,683
2025-10-27,SKU0001,0,767,25.0,683
2025-11-03,SKU0001,242,772,25.0,683
2025-11-10,SKU0001,63,772,25.0,683
2025-11-17,SKU0001,292,391,25.0,683
2025-11-24,SKU0001,105,788,25.0,683
2025-12-01,SKU0001,194,827,25.0,683
2025-12-08,SKU0001,0,827,25.0,683
2025-12-15,SKU0001,301,430,25.0,683
2025-12-22,SKU0001,126,818,25.0,683
2025-12-29,SKU0001,413,388,25.0,683
2024-01-01,SKU0002,530,0,11.0,400
2024-01-08,SKU0002,324,525,11.0,400
2024-01-15,SKU0002,117,525,11.0,400
2024-01-22,SKU0002,435,0,11.0,400
2024-01-29,SKU0002,228,532,11.0,400
2024-02-05,SKU0002,21,532,11.0,400
2024-02-12,SKU0002,347,0,11.0,400
2024-02-19,SKU0002,140,650,11.0,400
2024-02-26,SKU0002,0,650,11.0,400
2024-03-04,SKU0002,473,0,11.0,400
2024-03-11,SKU0002,316,495,11.0,400
2024-03-18,SKU0002,137,495,11.0,400
2024-03-25,SKU0002,466,0,11.0,400
2024-04-01,SKU0002,299,524,11.0,400
2024-04-08,SKU0002,85,524,11.0,400
2024-04-15,SKU0002,424,0,11.0,400
2024-04-22,SKU0002,236,496,11.0,400
2024-04-29,SKU0002,590,0,11.0,400
2024-05-06,SKU0002,405,0,11.0,400
2024-05-13,SKU0002,257,559,11.0,400
2024-05-20,SKU0002,91,559,11.0,400
2024-05-27,SKU0002,461,0,11.0,400
2024-06-03,SKU0002,319,465,11.0,400
2024-06-10,SKU0002,119,465,11.0,400
2024-06-17,SKU0002,394,0,11.0,400
2024-06-24,SKU0002,226,492,11.0,400
2024-07-01,SKU0002,536,0,11.0,400
2024-07-08,SKU0002,357,0,11.0,400
2024-07-15,SKU0002,215,537,11.0,400
2024-07-22,SKU0002,543,0,11.0,400
2024-07-29,SKU0002,369,0,11.0,400
2024-08-05,SKU0002,97,495,11.0,400
2024-08-12,SKU0002,399,0,11.0,400
2024-08-19,SKU0002,225,0,11.0,400
2024-08-26,SKU0002,87,702,11.0,400
2024-09-02,SKU0002,0,702,11.0,400
2024-09-09,SKU0002,548,0,11.0,400
2024-09-16,SKU0002,359,0,11.0,400
2024-09-23,SKU0002,232,512,11.0,400
2024-09-30,SKU0002,578,0,11.0,400
2024-10-07,SKU0002,414,0,11.0,400
2024-10-14,SKU0002,199,0,11.0,400
2024-10-21,SKU0002,0,701,11.0,400
2024-10-28,SKU0002,604,0,11.0,400
2024-11-04,SKU0002,385,0,11.0,400
2024-11-11,SKU0002,167,486,11.0,400
2024-11-18,SKU0002,558,0,11.0,400
2024-11-25,SKU0002,293,556,11.0,400
2024-12-02,SKU0002,0,556,11.0,400
2024-12-09,SKU0002,397,452,11.0,400
2024-12-16,SKU0002,102,452,11.0,400
2024-12-23,SKU0002,194,539,11.0,400
2024-12-30,SKU0002,0,539,11.0,400
2025-01-06,SKU0002,131,718,11.0,400
2025-01-13,SKU0002,0,718,11.0,400
2025-01-20,SKU0002,592,0,11.0,400
2025-01-27,SKU0002,356,0,11.0,400
2025-02-03,SKU0002,142,561,11.0,400
2025-02-10,SKU0002,532,0,11.0,400
2025-02-17,SKU0002,354,468,11.0,400
2025-02-24,SKU0002,117,468,11.0,400
2025-03-03,SKU0002,411,0,11.0,400
2025-03-10,SKU0002,249,530,11.0,400
2025-03-17,SKU0002,34,530,11.0,400
2025-03-24,SKU0002,381,454,11.0,400
2025-03-31,SKU0002,180,454,11.0,400
2025-04-07,SKU0002,459,0,11.0,400
2025-04-14,SKU0002,289,462,11.0,400
2025-04-21,SKU0002,559,0,11.0,400
2025-04-28,SKU0002,373,0,11.0,400
2025-05-05,SKU0002,220,530,11.0,400
2025-05-12,SKU0002,586,0,11.0,400
2025-05-19,SKU0002,405,0,11.0,400
2025-05-26,SKU0002,232,557,11.0,400
2025-06-02,SKU0002,28,557,11.0,400
2025-06-09,SKU0002,385,0,11.0,400
2025-06-16,SKU0002,180,640,11.0,400
2025-06-23,SKU0002,31,640,11.0,400
2025-06-30,SKU0002,541,0,11.0,400
2025-07-07,SKU0002,334,515,11.0,400
2025-07-14,SKU0002,139,515,11.0,400
2025-07-21,SKU0002,470,0,11.0,400
2025-07-28,SKU0002,347,0,11.0,400
2025-08-04,SKU0002,111,556,11.0,400
2025-08-11,SKU0002,475,0,11.0,400
2025-08-18,SKU0002,313,492,11.0,400
2025-08-25,SKU0002,179,492,11.0,400
2025-09-01,SKU0002,511,0,11.0,400
2025-09-08,SKU0002,333,516,11.0,400
2025-09-15,SKU0002,213,516,11.0,400
2025-09-22,SKU0002,584,0,11.0,400
2025-09-29,SKU0002,428,0,11.0,400
2025-10-06,SKU0002,206,541,11.0,400
2025-10-13,SKU0002,0,541,11.0,400
2025-10-20,SKU0002,192,0,11.0,400
2025-10-27,SKU0002,0,703,11.0,400
2025-11-03,SKU0002,606,0,11.0,400
2025-11-10,SKU0002,429,0,11.0,400
2025-11-17,SKU0002,208,528,11.0,400
2025-11-24,SKU0002,43,528,11.0,400
2025-12-01,SKU0002,207,0,11.0,400
2025-12-08,SKU0002,0,698,11.0,400
2025-12-15,SKU0002,565,0,11.0,400
2025-12-22,SKU0002,334,515,11.0,400
2025-12-29,SKU0002,77,515,11.0,400
2024-01-01,SKU0003,313,0,10.0,151
2024-01-08,SKU0003,231,0,10.0,151
2024-01-15,SKU0003,149,188,10.0,151
2024-01-22,SKU0003,67,188,10.0,151
2024-01-29,SKU0003,173,0,10.0,151
2024-02-05,SKU0003,91,199,10.0,151
2024-02-12,SKU0003,208,0,10.0,151
2024-02-19,SKU0003,126,187,10.0,151
2024-02-26,SKU0003,44,187,10.0,151
2024-03-04,SKU0003,149,188,10.0,151
2024-03-11,SKU0003,67,188,10.0,151
2024-03-18,SKU0003,173,0,10.0,151
2024-03-25,SKU0003,91,199,10.0,151
2024-04-01,SKU0003,208,0,10.0,151
2024-04-08,SKU0003,126,187,10.0,151
2024-04-15,SKU0003,44,187,10.0,151
2024-04-22,SKU0003,149,0,10.0,151
2024-04-29,SKU0003,67,211,10.0,151
2024-05-06,SKU0003,196,0,10.0,151
2024-05-13,SKU0003,114,199,10.0,151
2024-05-20,SKU0003,32,199,10.0,151
2024-05-27,SKU0003,149,188,10.0,151
2024-06-03,SKU0003,67,188,10.0,151
2024-06-10,SKU0003,173,0,10.0,151
2024-06-17,SKU0003,91,187,10.0,151
2024-06-24,SKU0003,196,0,10.0,151
2024-07-01,SKU0003,114,188,10.0,151
2024-07-08,SKU0003,220,0,10.0,151
2024-07-15,SKU0003,138,187,10.0,151
2024-07-22,SKU0003,56,187,10.0,151
2024-07-29,SKU0003,161,0,10.0,151
2024-08-05,SKU0003,79,187,10.0,151
2024-08-12,SKU0003,184,0,10.0,151
2024-08-19,SKU0003,102,188,10.0,151
2024-08-26,SKU0003,208,0,10.0,151
2024-09-02,SKU0003,126,187,10.0,151
2024-09-09,SKU0003,44,187,10.0,151
2024-09-16,SKU0003,149,0,10.0,151
2024-09-23,SKU0003,67,199,10.0,151
2024-09-30,SKU0003,184,0,10.0,151
2024-10-07,SKU0003,102,188,10.0,151
2024-10-14,SKU0003,208,0,10.0,151
2024-10-21,SKU0003,126,199,10.0,151
2024-10-28,SKU0003,44,199,10.0,151
2024-11-04,SKU0003,161,0,10.0,151
2024-11-11,SKU0003,79,187,10.0,151
2024-11-18,SKU0003,184,0,10.0,151
2024-11-25,SKU0003,102,188,10.0,151
2024-12-02,SKU0003,208,0,10.0,151
2024-12-09,SKU0003,126,187,10.0,151
2024-12-16,SKU0003,44,187,10.0,151
2024-12-23,SKU0003,149,188,10.0,151
2024-12-30,SKU0003,64,188,10.0,151
2025-01-06,SKU0003,113,224,10.0,151
2025-01-13,SKU0003,0,224,10.0,151
2025-01-20,SKU0003,166,0,10.0,151
2025-01-27,SKU0003,54,213,10.0,151
2025-02-03,SKU0003,191,0,10.0,151
2025-02-10,SKU0003,103,193,10.0,151
2025-02-17,SKU0003,213,0,10.0,151
2025-02-24,SKU0003,134,193,10.0,151
2025-03-03,SKU0003,44,193,10.0,151
2025-03-10,SKU0003,168,0,10.0,151
2025-03-17,SKU0003,102,191,10.0,151
2025-03-24,SKU0003,229,0,10.0,151
2025-03-31,SKU0003,153,0,10.0,151
2025-04-07,SKU0003,86,194,10.0,151
2025-04-14,SKU0003,211,0,10.0,151
2025-04-21,SKU0003,144,193,10.0,151
2025-04-28,SKU0003,70,193,10.0,151
2025-05-05,SKU0003,199,0,10.0,151
2025-05-12,SKU0003,127,202,10.0,151
2025-05-19,SKU0003,52,202,10.0,151
2025-05-26,SKU0003,188,0,10.0,151
2025-06-02,SKU0003,113,192,10.0,151
2025-06-09,SKU0003,246,0,10.0,151
2025-06-16,SKU0003,186,0,10.0,151
2025-06-23,SKU0003,121,195,10.0,151
2025-06-30,SKU0003,246,0,10.0,151
2025-07-07,SKU0003,174,0,10.0,151
2025-07-14,SKU0003,104,192,10.0,151
2025-07-21,SKU0003,226,0,10.0,151
2025-07-28,SKU0003,178,0,10.0,151
2025-08-04,SKU0003,98,202,10.0,151
2025-08-11,SKU0003,197,0,10.0,151
2025-08-18,SKU0003,115,190,10.0,151
2025-08-25,SKU0003,253,0,10.0,151
2025-09-01,SKU0003,170,0,10.0,151
2025-09-08,SKU0003,116,188,10.0,151
2025-09-15,SKU0003,257,0,10.0,151
2025-09-22,SKU0003,190,0,10.0,151
2025-09-29,SKU0003,127,191,10.0,151
2025-10-06,SKU0003,51,191,10.0,151
2025-10-13,SKU0003,166,0,10.0,151
2025-10-20,SKU0003,22,197,10.0,151
2025-10-27,SKU0003,164,0,10.0,151
2025-11-03,SKU0003,105,189,10.0,151
2025-11-10,SKU0003,215,0,10.0,151
2025-11-17,SKU0003,139,189,10.0,151
2025-11-24,SKU0003,55,189,10.0,151
2025-12-01,SKU0003,56,201,10.0,151
2025-12-08,SKU0003,188,0,10.0,151
2025-12-15,SKU0003,107,191,10.0,151
2025-12-22,SKU0003,207,0,10.0,151
2025-12-29,SKU0003,107,207,10.0,151
2024-01-01,SKU0004,840,0,25.0,695
2024-01-08,SKU0004,692,389,25.0,695
2024-01-15,SKU0004,545,389,25.0,695
2024-01-22,SKU0004,397,389,25.0,695
2024-01-29,SKU0004,250,789,25.0,695
2024-02-05,SKU0004,491,400,25.0,695
2024-02-12,SKU0004,343,400,25.0,695
2024-02-19,SKU0004,196,801,25.0,695
2024-02-26,SKU0004,448,401,25.0,695
2024-03-04,SKU0004,301,401,25.0,695
2024-03-11,SKU0004,554,422,25.0,695
2024-03-18,SKU0004,406,422,25.0,695
2024-03-25,SKU0004,259,822,25.0,695
2024-04-01,SKU0004,533,400,25.0,695
2024-04-08,SKU0004,386,400,25.0,695
2024-04-15,SKU0004,238,843,25.0,695
2024-04-22,SKU0004,490,443,25.0,695
2024-04-29,SKU0004,343,443,25.0,695
2024-05-06,SKU0004,195,844,25.0,695
2024-05-13,SKU0004,491,401,25.0,695
2024-05-20,SKU0004,343,401,25.0,695
2024-05-27,SKU0004,195,843,25.0,695
2024-06-03,SKU0004,449,442,25.0,695
2024-06-10,SKU0004,301,442,25.0,695
2024-06-17,SKU0004,154,843,25.0,695
2024-06-24,SKU0004,448,401,25.0,695
2024-07-01,SKU0004,300,401,25.0,695
2024-07-08,SKU0004,554,401,25.0,695
2024-07-15,SKU0004,406,401,25.0,695
2024-07-22,SKU0004,259,801,25.0,695
2024-07-29,SKU0004,512,400,25.0,695
2024-08-05,SKU0004,364,400,25.0,695
2024-08-12,SKU0004,217,801,25.0,695
2024-08-19,SKU0004,469,401,25.0,695
2024-08-26,SKU0004,322,401,25.0,695
2024-09-02,SKU0004,174,802,25.0,695
2024-09-09,SKU0004,427,401,25.0,695
2024-09-16,SKU0004,280,801,25.0,695
2024-09-23,SKU0004,533,400,25.0,695
2024-09-30,SKU0004,386,400,25.0,695
2024-10-07,SKU0004,238,822,25.0,695
2024-10-14,SKU0004,490,422,25.0,695
2024-10-21,SKU0004,343,422,25.0,695
2024-10-28,SKU0004,195,823,25.0,695
2024-11-04,SKU0004,470,401,25.0,695
2024-11-11,SKU0004,322,401,25.0,695
2024-11-18,SKU0004,174,801,25.0,695
2024-11-25,SKU0004,428,400,25.0,695
2024-12-02,SKU0004,280,801,25.0,695
2024-12-09,SKU0004,533,401,25.0,695
2024-12-16,SKU0004,385,401,25.0,695
2024-12-23,SKU0004,237,801,25.0,695
2024-12-30,SKU0004,491,400,25.0,695
2025-01-06,SKU0004,343,400,25.0,695
2025-01-13,SKU0004,196,801,25.0,695
2025-01-20,SKU0004,448,401,25.0,695
2025-01-27,SKU0004,300,401,25.0,695
2025-02-03,SKU0004,554,401,25.0,695
2025-02-10,SKU0004,406,401,25.0,695
2025-02-17,SKU0004,259,801,25.0,695
2025-02-24,SKU0004,512,400,25.0,695
2025-03-03,SKU0004,364,400,25.0,695
2025-03-10,SKU0004,217,801,25.0,695
2025-03-17,SKU0004,469,401,25.0,695
2025-03-24,SKU0004,322,401,25.0,695
2025-03-31,SKU0004,174,823,25.0,695
2025-04-07,SKU0004,427,422,25.0,695
2025-04-14,SKU0004,280,422,25.0,695
2025-04-21,SKU0004,554,421,25.0,695
2025-04-28,SKU0004,407,421,25.0,695
2025-05-05,SKU0004,259,822,25.0,695
2025-05-12,SKU0004,532,401,25.0,695
2025-05-19,SKU0004,385,401,25.0,695
2025-05-26,SKU0004,237,802,25.0,695
2025-06-02,SKU0004,491,401,25.0,695
2025-06-09,SKU0004,343,401,25.0,695
2025-06-16,SKU0004,196,801,25.0,695
2025-06-23,SKU0004,449,400,25.0,695
2025-06-30,SKU0004,301,400,25.0,695
2025-07-07,SKU0004,554,401,25.0,695
2025-07-14,SKU0004,406,401,25.0,695
2025-07-21,SKU0004,259,822,25.0,695
2025-07-28,SKU0004,512,421,25.0,695
2025-08-04,SKU0004,364,421,25.0,695
2025-08-11,SKU0004,217,864,25.0,695
2025-08-18,SKU0004,490,443,25.0,695
2025-08-25,SKU0004,343,443,25.0,695
2025-09-01,SKU0004,195,844,25.0,695
2025-09-08,SKU0004,490,401,25.0,695
2025-09-15,SKU0004,343,401,25.0,695
2025-09-22,SKU0004,195,844,25.0,695
2025-09-29,SKU0004,449,443,25.0,695
2025-10-06,SKU0004,301,443,25.0,695
2025-10-13,SKU0004,153,903,25.0,695
2025-10-20,SKU0004,367,460,25.0,695
2025-10-27,SKU0004,209,850,25.0,695
2025-11-03,SKU0004,91,850,25.0,695
2025-11-10,SKU0004,428,390,25.0,695
2025-11-17,SKU0004,301,780,25.0,695
2025-11-24,SKU0004,554,390,25.0,695
2025-12-01,SKU0004,356,390,25.0,695
2025-12-08,SKU0004,173,797,25.0,695
2025-12-15,SKU0004,471,407,25.0,695
2025-12-22,SKU0004,362,407,25.0,695
2025-12-29,SKU0004,636,391,25.0,695
2024-01-01,SKU0005,959,0,12.0,621
2024-01-08,SKU0005,667,0,12.0,621
2024-01-15,SKU0005,375,766,12.0,621
2024-01-22,SKU0005,83,766,12.0,621
2024-01-29,SKU0005,557,709,12.0,621
2024-02-05,SKU0005,265,709,12.0,621
2024-02-12,SKU0005,682,0,12.0,621
2024-02-19,SKU0005,390,667,12.0,621
2024-02-26,SKU0005,765,0,12.0,621
2024-03-04,SKU0005,473,793,12.0,621
2024-03-11,SKU0005,181,793,12.0,621
2024-03-18,SKU0005,682,0,12.0,621
2024-03-25,SKU0005,390,709,12.0,621
2024-04-01,SKU0005,98,709,12.0,621
2024-04-08,SKU0005,515,668,12.0,621
2024-04-15,SKU0005,223,668,12.0,621
2024-04-22,SKU0005,599,0,12.0,621
2024-04-29,SKU0005,306,709,12.0,621
2024-05-06,SKU0005,723,0,12.0,621
2024-05-13,SKU0005,431,668,12.0,621
2024-05-20,SKU0005,139,668,12.0,621
2024-05-27,SKU0005,515,667,12.0,621
2024-06-03,SKU0005,223,667,12.0,621
2024-06-10,SKU0005,598,668,12.0,621
2024-06-17,SKU0005,306,668,12.0,621
2024-06-24,SKU0005,682,0,12.0,621
2024-07-01,SKU0005,390,751,12.0,621
2024-07-08,SKU0005,98,751,12.0,621
2024-07-15,SKU0005,557,709,12.0,621
2024-07-22,SKU0005,265,709,12.0,621
2024-07-29,SKU0005,682,0,12.0,621
2024-08-05,SKU0005,390,668,12.0,621
2024-08-12,SKU0005,766,0,12.0,621
2024-08-19,SKU0005,474,751,12.0,621
2024-08-26,SKU0005,182,751,12.0,621
2024-09-02,SKU0005,641,0,12.0,621
2024-09-09,SKU0005,349,667,12.0,621
2024-09-16,SKU0005,724,0,12.0,621
2024-09-23,SKU0005,431,751,12.0,621
2024-09-30,SKU0005,139,751,12.0,621
2024-10-07,SKU0005,598,668,12.0,621
2024-10-14,SKU0005,306,668,12.0,621
2024-10-21,SKU0005,682,0,12.0,621
2024-10-28,SKU0005,390,751,12.0,621
2024-11-04,SKU0005,98,751,12.0,621
2024-11-11,SKU0005,551,715,12.0,621
2024-11-18,SKU0005,299,715,12.0,621
2024-11-25,SKU0005,761,0,12.0,621
2024-12-02,SKU0005,225,656,12.0,621
2024-12-09,SKU0005,617,649,12.0,621
2024-12-16,SKU0005,139,649,12.0,621
2024-12-23,SKU0005,386,806,12.0,621
2024-12-30,SKU0005,15,806,12.0,621
2025-01-06,SKU0005,488,717,12.0,621
2025-01-13,SKU0005,78,717,12.0,621
2025-01-20,SKU0005,477,716,12.0,621
2025-01-27,SKU0005,241,716,12.0,621
2025-02-03,SKU0005,618,0,12.0,621
2025-02-10,SKU0005,383,690,12.0,621
2025-02-17,SKU0005,760,0,12.0,621
2025-02-24,SKU0005,511,675,12.0,621
2025-03-03,SKU0005,222,675,12.0,621
2025-03-10,SKU0005,624,0,12.0,621
2025-03-17,SKU0005,414,673,12.0,621
2025-03-24,SKU0005,838,0,12.0,621
2025-03-31,SKU0005,635,0,12.0,621
2025-04-07,SKU0005,420,681,12.0,621
2025-04-14,SKU0005,899,0,12.0,621
2025-04-21,SKU0005,685,0,12.0,621
2025-04-28,SKU0005,469,662,12.0,621
2025-05-05,SKU0005,922,0,12.0,621
2025-05-12,SKU0005,702,0,12.0,621
2025-05-19,SKU0005,454,733,12.0,621
2025-05-26,SKU0005,162,733,12.0,621
2025-06-02,SKU0005,632,0,12.0,621
2025-06-09,SKU0005,431,659,12.0,621
2025-06-16,SKU0005,810,0,12.0,621
2025-06-23,SKU0005,539,656,12.0,621
2025-06-30,SKU0005,311,656,12.0,621
2025-07-07,SKU0005,745,0,12.0,621
2025-07-14,SKU0005,445,652,12.0,621
2025-07-21,SKU0005,275,652,12.0,621
2025-07-28,SKU0005,723,0,12.0,621
2025-08-04,SKU0005,358,651,12.0,621
2025-08-11,SKU0005,0,651,12.0,621
2025-08-18,SKU0005,447,657,12.0,621
2025-08-25,SKU0005,912,0,12.0,621
2025-09-01,SKU0005,714,0,12.0,621
2025-09-08,SKU0005,534,674,12.0,621
2025-09-15,SKU0005,325,674,12.0,621
2025-09-22,SKU0005,827,0,12.0,621
2025-09-29,SKU0005,627,0,12.0,621
2025-10-06,SKU0005,365,760,12.0,621
2025-10-13,SKU0005,61,760,12.0,621
2025-10-20,SKU0005,327,661,12.0,621
2025-10-27,SKU0005,0,661,12.0,621
2025-11-03,SKU0005,412,652,12.0,621
2025-11-10,SKU0005,840,0,12.0,621
2025-11-17,SKU0005,596,670,12.0,621
2025-11-24,SKU0005,315,670,12.0,621
2025-12-01,SKU0005,478,0,12.0,621
2025-12-08,SKU0005,59,933,12.0,621
2025-12-15,SKU0005,867,0,12.0,621
2025-12-22,SKU0005,570,0,12.0,621
2025-12-29,SKU0005,197,741,12.0,621
2024-01-01,SKU0006,1407,0,20.0,1055
2024-01-08,SKU0006,1164,0,20.0,1055
2024-01-15,SKU0006,920,733,20.0,1055
2024-01-22,SKU0006,677,733,20.0,1055
2024-01-29,SKU0006,433,733,20.0,1055
2024-02-05,SKU0006,923,801,20.0,1055
2024-02-12,SKU0006,679,801,20.0,1055
2024-02-19,SKU0006,436,801,20.0,1055
2024-02-26,SKU0006,993,765,20.0,1055
2024-03-04,SKU0006,749,765,20.0,1055
2024-03-11,SKU0006,506,765,20.0,1055
2024-03-18,SKU0006,1027,0,20.0,1055
2024-03-25,SKU0006,784,765,20.0,1055
2024-04-01,SKU0006,540,765,20.0,1055
2024-04-08,SKU0006,1062,0,20.0,1055
2024-04-15,SKU0006,818,801,20.0,1055
2024-04-22,SKU0006,575,801,20.0,1055
2024-04-29,SKU0006,331,801,20.0,1055
2024-05-06,SKU0006,889,0,20.0,1055
2024-05-13,SKU0006,645,1113,20.0,1055
2024-05-20,SKU0006,402,1113,20.0,1055
2024-05-27,SKU0006,158,1113,20.0,1055
2024-06-03,SKU0006,1043,0,20.0,1055
2024-06-10,SKU0006,800,958,20.0,1055
2024-06-17,SKU0006,556,958,20.0,1055
2024-06-24,SKU0006,313,958,20.0,1055
2024-07-01,SKU0006,1027,0,20.0,1055
2024-07-08,SKU0006,784,835,20.0,1055
2024-07-15,SKU0006,540,835,20.0,1055
2024-07-22,SKU0006,297,835,20.0,1055
2024-07-29,SKU0006,888,0,20.0,1055
2024-08-05,SKU0006,645,939,20.0,1055
2024-08-12,SKU0006,401,939,20.0,1055
2024-08-19,SKU0006,158,939,20.0,1055
2024-08-26,SKU0006,853,731,20.0,1055
2024-09-02,SKU0006,610,731,20.0,1055
2024-09-09,SKU0006,366,731,20.0,1055
2024-09-16,SKU0006,854,800,20.0,1055
2024-09-23,SKU0006,610,800,20.0,1055
2024-09-30,SKU0006,366,800,20.0,1055
2024-10-07,SKU0006,923,0,20.0,1055
2024-10-14,SKU0006,679,974,20.0,1055
2024-10-21,SKU0006,436,974,20.0,1055
2024-10-28,SKU0006,192,974,20.0,1055
2024-11-04,SKU0006,923,766,20.0,1055
2024-11-11,SKU0006,679,766,20.0,1055
2024-11-18,SKU0006,436,766,20.0,1055
2024-11-25,SKU0006,958,800,20.0,1055
2024-12-02,SKU0006,715,800,20.0,1055
2024-12-09,SKU0006,471,800,20.0,1055
2024-12-16,SKU0006,1028,730,20.0,1055
2024-12-23,SKU0006,784,730,20.0,1055
2024-12-30,SKU0006,541,730,20.0,1055
2025-01-06,SKU0006,1027,0,20.0,1055
2025-01-13,SKU0006,784,800,20.0,1055
2025-01-20,SKU0006,540,800,20.0,1055
2025-01-27,SKU0006,297,800,20.0,1055
2025-02-03,SKU0006,853,766,20.0,1055
2025-02-10,SKU0006,609,766,20.0,1055
2025-02-17,SKU0006,366,766,20.0,1055
2025-02-24,SKU0006,888,730,20.0,1055
2025-03-03,SKU0006,645,730,20.0,1055
2025-03-10,SKU0006,401,730,20.0,1055
2025-03-17,SKU0006,888,766,20.0,1055
2025-03-24,SKU0006,644,766,20.0,1055
2025-03-31,SKU0006,401,766,20.0,1055
2025-04-07,SKU0006,923,765,20.0,1055
2025-04-14,SKU0006,680,765,20.0,1055
2025-04-21,SKU0006,436,765,20.0,1055
2025-04-28,SKU0006,958,731,20.0,1055
2025-05-05,SKU0006,714,731,20.0,1055
2025-05-12,SKU0006,471,731,20.0,1055
2025-05-19,SKU0006,958,765,20.0,1055
2025-05-26,SKU0006,715,765,20.0,1055
2025-06-02,SKU0006,471,765,20.0,1055
2025-06-09,SKU0006,993,731,20.0,1055
2025-06-16,SKU0006,749,731,20.0,1055
2025-06-23,SKU0006,505,731,20.0,1055
2025-06-30,SKU0006,993,765,20.0,1055
2025-07-07,SKU0006,749,765,20.0,1055
2025-07-14,SKU0006,506,765,20.0,1055
2025-07-21,SKU0006,1027,0,20.0,1055
2025-07-28,SKU0006,784,835,20.0,1055
2025-08-04,SKU0006,482,835,20.0,1055
2025-08-11,SKU0006,189,1540,20.0,1055
2025-08-18,SKU0006,825,705,20.0,1055
2025-08-25,SKU0006,656,705,20.0,1055
2025-09-01,SKU0006,1185,0,20.0,1055
2025-09-08,SKU0006,1045,0,20.0,1055
2025-09-15,SKU0006,854,759,20.0,1055
2025-09-22,SKU0006,646,759,20.0,1055
2025-09-29,SKU0006,446,759,20.0,1055
2025-10-06,SKU0006,966,753,20.0,1055
2025-10-13,SKU0006,710,753,20.0,1055
2025-10-20,SKU0006,305,753,20.0,1055
2025-10-27,SKU0006,728,919,20.0,1055
2025-11-03,SKU0006,517,919,20.0,1055
2025-11-10,SKU0006,335,919,20.0,1055
2025-11-17,SKU0006,1011,0,20.0,1055
2025-11-24,SKU0006,777,799,20.0,1055
2025-12-01,SKU0006,367,799,20.0,1055
2025-12-08,SKU0006,59,1503,20.0,1055
2025-12-15,SKU0006,619,704,20.0,1055
2025-12-22,SKU0006,396,704,20.0,1055
2025-12-29,SKU0006,886,840,20.0,1055
2024-01-01,SKU0007,103,0,26.0,75
2024-01-08,SKU0007,85,0,26.0,75
2024-01-15,SKU0007,68,48,26.0,75
2024-01-22,SKU0007,51,48,26.0,75
2024-01-29,SKU0007,34,48,26.0,75
2024-02-05,SKU0007,17,94,26.0,75
2024-02-12,SKU0007,48,46,26.0,75
2024-02-19,SKU0007,29,46,26.0,75
2024-02-26,SKU0007,8,98,26.0,75
2024-03-04,SKU0007,42,52,26.0,75
2024-03-11,SKU0007,28,52,26.0,75
2024-03-18,SKU0007,12,96,26.0,75
2024-03-25,SKU0007,50,44,26.0,75
2024-04-01,SKU0007,37,44,26.0,75
2024-04-08,SKU0007,24,88,26.0,75
2024-04-15,SKU0007,56,44,26.0,75
2024-04-22,SKU0007,39,44,26.0,75
2024-04-29,SKU0007,25,88,26.0,75
2024-05-06,SKU0007,54,44,26.0,75
2024-05-13,SKU0007,37,44,26.0,75
2024-05-20,SKU0007,25,89,26.0,75
2024-05-27,SKU0007,52,45,26.0,75
2024-06-03,SKU0007,34,45,26.0,75
2024-06-10,SKU0007,20,88,26.0,75
2024-06-17,SKU0007,50,43,26.0,75
2024-06-24,SKU0007,35,43,26.0,75
2024-07-01,SKU0007,21,85,26.0,75
2024-07-08,SKU0007,54,42,26.0,75
2024-07-15,SKU0007,42,42,26.0,75
2024-07-22,SKU0007,67,45,26.0,75
2024-07-29,SKU0007,53,45,26.0,75
2024-08-05,SKU0007,29,45,26.0,75
2024-08-12,SKU0007,8,95,26.0,75
2024-08-19,SKU0007,37,50,26.0,75
2024-08-26,SKU0007,24,50,26.0,75
2024-09-02,SKU0007,11,95,26.0,75
2024-09-09,SKU0007,54,45,26.0,75
2024-09-16,SKU0007,39,45,26.0,75
2024-09-23,SKU0007,70,0,26.0,75
2024-09-30,SKU0007,58,49,26.0,75
2024-10-07,SKU0007,40,49,26.0,75
2024-10-14,SKU0007,24,91,26.0,75
2024-10-21,SKU0007,0,91,26.0,75
2024-10-28,SKU0007,22,94,26.0,75
2024-11-04,SKU0007,2,94,26.0,75
2024-11-11,SKU0007,31,52,26.0,75
2024-11-18,SKU0007,13,103,26.0,75
2024-11-25,SKU0007,51,51,26.0,75
2024-12-02,SKU0007,18,98,26.0,75
2024-12-09,SKU0007,0,98,26.0,75
2024-12-16,SKU0007,38,47,26.0,75
2024-12-23,SKU0007,3,92,26.0,75
2024-12-30,SKU0007,37,45,26.0,75
2025-01-06,SKU0007,3,87,26.0,75
2025-01-13,SKU0007,0,87,26.0,75
2025-01-20,SKU0007,26,88,26.0,75
2025-01-27,SKU0007,48,46,26.0,75
2025-02-03,SKU0007,31,46,26.0,75
2025-02-10,SKU0007,14,89,26.0,75
2025-02-17,SKU0007,41,43,26.0,75
2025-02-24,SKU0007,23,43,26.0,75
2025-03-03,SKU0007,48,64,26.0,75
2025-03-10,SKU0007,34,64,26.0,75
2025-03-17,SKU0007,17,64,26.0,75
2025-03-24,SKU0007,1,106,26.0,75
2025-03-31,SKU0007,56,42,26.0,75
2025-04-07,SKU0007,44,42,26.0,75
2025-04-14,SKU0007,27,84,26.0,75
2025-04-21,SKU0007,54,42,26.0,75
2025-04-28,SKU0007,41,42,26.0,75
2025-05-05,SKU0007,24,92,26.0,75
2025-05-12,SKU0007,53,50,26.0,75
2025-05-19,SKU0007,38,50,26.0,75
2025-05-26,SKU0007,25,50,26.0,75
2025-06-02,SKU0007,57,48,26.0,75
2025-06-09,SKU0007,41,48,26.0,75
2025-06-16,SKU0007,28,48,26.0,75
2025-06-23,SKU0007,14,93,26.0,75
2025-06-30,SKU0007,49,45,26.0,75
2025-07-07,SKU0007,36,45,26.0,75
2025-07-14,SKU0007,26,90,26.0,75
2025-07-21,SKU0007,61,45,26.0,75
2025-07-28,SKU0007,47,45,26.0,75
2025-08-04,SKU0007,24,89,26.0,75
2025-08-11,SKU0007,45,44,26.0,75
2025-08-18,SKU0007,27,44,26.0,75
2025-08-25,SKU0007,17,90,26.0,75
2025-09-01,SKU0007,48,46,26.0,75
2025-09-08,SKU0007,33,46,26.0,75
2025-09-15,SKU0007,66,44,26.0,75
2025-09-22,SKU0007,53,44,26.0,75
2025-09-29,SKU0007,39,44,26.0,75
2025-10-06,SKU0007,24,44,26.0,75
2025-10-13,SKU0007,54,50,26.0,75
2025-10-20,SKU0007,22,94,26.0,75
2025-10-27,SKU0007,0,94,26.0,75
2025-11-03,SKU0007,45,44,26.0,75
2025-11-10,SKU0007,21,87,26.0,75
2025-11-17,SKU0007,48,43,26.0,75
2025-11-24,SKU0007,29,43,26.0,75
2025-12-01,SKU0007,0,114,26.0,75
2025-12-08,SKU0007,30,71,26.0,75
2025-12-15,SKU0007,15,71,26.0,75
2025-12-22,SKU0007,0,116,26.0,75
2025-12-29,SKU0007,60,45,26.0,75
2024-01-01,SKU0008,243,241,18.0,280
2024-01-08,SKU0008,50,241,18.0,280
2024-01-15,SKU0008,0,484,18.0,280
2024-01-22,SKU0008,131,243,18.0,280
2024-01-29,SKU0008,188,241,18.0,280
2024-02-05,SKU0008,0,241,18.0,280
2024-02-12,SKU0008,0,484,18.0,280
2024-02-19,SKU0008,75,243,18.0,280
2024-02-26,SKU0008,215,221,18.0,280
2024-03-04,SKU0008,22,434,18.0,280
2024-03-11,SKU0008,166,213,18.0,280
2024-03-18,SKU0008,0,429,18.0,280
2024-03-25,SKU0008,75,216,18.0,280
2024-04-01,SKU0008,0,437,18.0,280
2024-04-08,SKU0008,23,221,18.0,280
2024-04-15,SKU0008,138,263,18.0,280
2024-04-22,SKU0008,0,484,18.0,280
2024-04-29,SKU0008,208,221,18.0,280
2024-05-06,SKU0008,15,442,18.0,280
2024-05-13,SKU0008,111,221,18.0,280
2024-05-20,SKU0008,0,429,18.0,280
2024-05-27,SKU0008,146,208,18.0,280
2024-06-03,SKU0008,228,205,18.0,280
2024-06-10,SKU0008,15,448,18.0,280
2024-06-17,SKU0008,0,448,18.0,280
2024-06-24,SKU0008,74,243,18.0,280
2024-07-01,SKU0008,148,211,18.0,280
2024-07-08,SKU0008,51,429,18.0,280
2024-07-15,SKU0008,168,218,18.0,280
2024-07-22,SKU0008,0,218,18.0,280
2024-07-29,SKU0008,103,306,18.0,280
2024-08-05,SKU0008,0,306,18.0,280
2024-08-12,SKU0008,287,0,18.0,280
2024-08-19,SKU0008,90,283,18.0,280
2024-08-26,SKU0008,7,283,18.0,280
2024-09-02,SKU0008,283,0,18.0,280
2024-09-09,SKU0008,152,252,18.0,280
2024-09-16,SKU0008,0,474,18.0,280
2024-09-23,SKU0008,239,222,18.0,280
2024-09-30,SKU0008,43,441,18.0,280
2024-10-07,SKU0008,0,219,18.0,280
2024-10-14,SKU0008,0,484,18.0,280
2024-10-21,SKU0008,0,265,18.0,280
2024-10-28,SKU0008,179,219,18.0,280
2024-11-04,SKU0008,0,436,18.0,280
2024-11-11,SKU0008,126,217,18.0,280
2024-11-18,SKU0008,0,444,18.0,280
2024-11-25,SKU0008,46,438,18.0,280
2024-12-02,SKU0008,177,211,18.0,280
2024-12-09,SKU0008,0,430,18.0,280
2024-12-16,SKU0008,75,219,18.0,280
2024-12-23,SKU0008,170,243,18.0,280
2024-12-30,SKU0008,0,460,18.0,280
2025-01-06,SKU0008,49,435,18.0,280
2025-01-13,SKU0008,169,218,18.0,280
2025-01-20,SKU0008,0,433,18.0,280
2025-01-27,SKU0008,90,215,18.0,280
2025-02-03,SKU0008,0,449,18.0,280
2025-02-10,SKU0008,0,234,18.0,280
2025-02-17,SKU0008,151,250,18.0,280
2025-02-24,SKU0008,4,480,18.0,280
2025-03-03,SKU0008,186,230,18.0,280
2025-03-10,SKU0008,0,458,18.0,280
2025-03-17,SKU0008,148,228,18.0,280
2025-03-24,SKU0008,23,228,18.0,280
2025-03-31,SKU0008,109,234,18.0,280
2025-04-07,SKU0008,0,441,18.0,280
2025-04-14,SKU0008,187,207,18.0,280
2025-04-21,SKU0008,308,0,18.0,280
2025-04-28,SKU0008,163,225,18.0,280
2025-05-05,SKU0008,18,443,18.0,280
2025-05-12,SKU0008,190,218,18.0,280
2025-05-19,SKU0008,0,479,,280
2025-05-26,SKU0008,47,261,18.0,280
2025-06-02,SKU0008,0,484,18.0,280
2025-06-09,SKU0008,149,223,18.0,280
2025-06-16,SKU0008,248,211,18.0,280
2025-06-23,SKU0008,89,211,18.0,280
2025-06-30,SKU0008,0,433,18.0,280
2025-07-07,SKU0008,79,222,18.0,280
2025-07-14,SKU0008,171,208,18.0,280
2025-07-21,SKU0008,0,425,18.0,280
2025-07-28,SKU0008,189,217,18.0,280
2025-08-04,SKU0008,20,435,18.0,280
2025-08-11,SKU0008,8,423,18.0,280
2025-08-18,SKU0008,0,423,18.0,280
2025-08-25,SKU0008,86,205,18.0,280
2025-09-01,SKU0008,132,216,18.0,280
2025-09-08,SKU0008,2,437,18.0,280
2025-09-15,SKU0008,95,221,18.0,280
2025-09-22,SKU0008,3,435,18.0,280
2025-09-29,SKU0008,117,214,18.0,280
2025-10-06,SKU0008,180,249,18.0,280
2025-10-13,SKU0008,57,249,18.0,280
2025-10-20,SKU0008,0,484,18.0,280
2025-10-27,SKU0008,38,235,18.0,280
2025-11-03,SKU0008,171,216,18.0,280
2025-11-10,SKU0008,14,439,18.0,280
2025-11-17,SKU0008,93,223,18.0,280
2025-11-24,SKU0008,0,465,18.0,280
2025-12-01,SKU0008,0,484,18.0,280
2025-12-08,SKU0008,0,484,18.0,280
2025-12-15,SKU0008,10,242,18.0,280
2025-12-22,SKU0008,59,294,18.0,280
2025-12-29,SKU0008,0,294,18.0,280
2024-01-01,SKU0009,869,0,28.0,692
2024-01-08,SKU0009,558,352,28.0,692
2024-01-15,SKU0009,246,708,28.0,692
2024-01-22,SKU0009,0,708,28.0,692
2024-01-29,SKU0009,0,708,28.0,692
2024-02-05,SKU0009,174,736,28.0,692
2024-02-12,SKU0009,222,732,28.0,692
2024-02-19,SKU0009,0,732,28.0,692
2024-02-26,SKU0009,0,732,28.0,692
2024-03-04,SKU0009,202,797,28.0,692
2024-03-11,SKU0009,242,801,28.0,692
2024-03-18,SKU0009,0,801,28.0,692
2024-03-25,SKU0009,0,801,28.0,692
2024-04-01,SKU0009,356,356,28.0,692
2024-04-08,SKU0009,400,420,28.0,692
2024-04-15,SKU0009,88,955,28.0,692
2024-04-22,SKU0009,0,955,28.0,692
2024-04-29,SKU0009,0,955,28.0,692
2024-05-06,SKU0009,153,535,28.0,692
2024-05-13,SKU0009,490,400,28.0,692
2024-05-20,SKU0009,179,864,28.0,692
2024-05-27,SKU0009,0,864,28.0,692
2024-06-03,SKU0009,0,864,28.0,692
2024-06-10,SKU0009,88,910,28.0,692
2024-06-17,SKU0009,419,446,28.0,692
2024-06-24,SKU0009,108,446,28.0,692
2024-07-01,SKU0009,0,980,28.0,692
2024-07-08,SKU0009,357,534,28.0,692
2024-07-15,SKU0009,45,909,28.0,692
2024-07-22,SKU0009,0,909,28.0,692
2024-07-29,SKU0009,222,821,28.0,692
2024-08-05,SKU0009,0,821,28.0,692
2024-08-12,SKU0009,241,446,28.0,692
2024-08-19,SKU0009,0,846,28.0,692
2024-08-26,SKU0009,401,400,28.0,692
2024-09-02,SKU0009,90,909,28.0,692
2024-09-09,SKU0009,0,909,28.0,692
2024-09-16,SKU0009,88,910,28.0,692
2024-09-23,SKU0009,0,910,28.0,692
2024-09-30,SKU0009,420,401,28.0,692
2024-10-07,SKU0009,108,801,28.0,692
2024-10-14,SKU0009,312,400,28.0,692
2024-10-21,SKU0009,0,820,28.0,692
2024-10-28,SKU0009,0,820,28.0,692
2024-11-04,SKU0009,222,777,28.0,692
2024-11-11,SKU0009,0,777,28.0,692
2024-11-18,SKU0009,153,801,28.0,692
2024-11-25,SKU0009,0,801,28.0,692
2024-12-02,SKU0009,268,444,28.0,692
2024-12-09,SKU0009,0,864,28.0,692
2024-12-16,SKU0009,310,420,28.0,692
2024-12-23,SKU0009,0,866,28.0,692
2024-12-30,SKU0009,0,866,28.0,692
2025-01-06,SKU0009,153,446,28.0,692
2025-01-13,SKU0009,0,979,28.0,692
2025-01-20,SKU0009,223,533,28.0,692
2025-01-27,SKU0009,0,909,28.0,692
2025-02-03,SKU0009,0,909,28.0,692
2025-02-10,SKU0009,266,733,28.0,692
2025-02-17,SKU0009,0,733,28.0,692
2025-02-24,SKU0009,109,712,28.0,692
2025-03-03,SKU0009,0,712,28.0,692
2025-03-10,SKU0009,268,731,28.0,692
2025-03-17,SKU0009,0,731,28.0,692
2025-03-24,SKU0009,88,733,28.0,692
2025-03-31,SKU0009,0,733,28.0,692
2025-04-07,SKU0009,287,756,28.0,692
2025-04-14,SKU0009,0,756,28.0,692
2025-04-21,SKU0009,90,820,28.0,692
2025-04-28,SKU0009,0,820,28.0,692
2025-05-05,SKU0009,354,421,28.0,692
2025-05-12,SKU0009,43,822,28.0,692
2025-05-19,SKU0009,243,800,28.0,692
2025-05-26,SKU0009,0,800,28.0,692
2025-06-02,SKU0009,0,800,28.0,692
2025-06-09,SKU0009,239,751,28.0,692
2025-06-16,SKU0009,410,352,28.0,692
2025-06-23,SKU0009,133,765,28.0,692
2025-06-30,SKU0009,0,765,28.0,692
2025-07-07,SKU0009,245,798,28.0,692
2025-07-14,SKU0009,11,798,28.0,692
2025-07-21,SKU0009,281,741,28.0,692
2025-07-28,SKU0009,0,741,28.0,692
2025-08-04,SKU0009,345,356,28.0,692
2025-08-11,SKU0009,0,736,28.0,692
2025-08-18,SKU0009,208,773,28.0,692
2025-08-25,SKU0009,0,773,28.0,692
2025-09-01,SKU0009,0,773,28.0,692
2025-09-08,SKU0009,106,757,28.0,692
2025-09-15,SKU0009,326,717,28.0,692
2025-09-22,SKU0009,126,717,28.0,692
2025-09-29,SKU0009,0,717,28.0,692
2025-10-06,SKU0009,96,749,28.0,692
2025-10-13,SKU0009,321,396,28.0,692
2025-10-20,SKU0009,0,966,28.0,692
2025-10-27,SKU0009,0,966,28.0,692
2025-11-03,SKU0009,152,570,28.0,692
2025-11-10,SKU0009,0,1043,28.0,692
2025-11-17,SKU0009,363,473,28.0,692
2025-11-24,SKU0009,71,893,28.0,692
2025-12-01,SKU0009,0,893,28.0,692
2025-12-08,SKU0009,294,420,28.0,692
2025-12-15,SKU0009,0,809,28.0,692
2025-12-22,SKU0009,295,748,28.0,692
2025-12-29,SKU0009,0,748,28.0,692
2024-01-01,SKU0010,988,0,14.0,623
2024-01-08,SKU0010,728,0,14.0,623
2024-01-15,SKU0010,467,571,14.0,623
2024-01-22,SKU0010,207,571,14.0,623
2024-01-29,SKU0010,518,595,14.0,623
2024-02-05,SKU0010,257,595,14.0,623
2024-02-12,SKU0010,592,595,14.0,623
2024-02-19,SKU0010,332,595,14.0,623
2024-02-26,SKU0010,667,0,14.0,623
2024-03-04,SKU0010,406,595,14.0,623
2024-03-11,SKU0010,146,595,14.0,623
2024-03-18,SKU0010,481,595,14.0,623
2024-03-25,SKU0010,220,595,14.0,623
2024-04-01,SKU0010,555,595,14.0,623
2024-04-08,SKU0010,295,595,14.0,623
2024-04-15,SKU0010,630,0,14.0,623
2024-04-22,SKU0010,369,595,14.0,623
2024-04-29,SKU0010,109,595,14.0,623
2024-05-06,SKU0010,444,594,14.0,623
2024-05-13,SKU0010,183,594,14.0,623
2024-05-20,SKU0010,517,595,14.0,623
2024-05-27,SKU0010,257,595,14.0,623
2024-06-03,SKU0010,592,595,14.0,623
2024-06-10,SKU0010,331,595,14.0,623
2024-06-17,SKU0010,666,0,14.0,623
2024-06-24,SKU0010,406,595,14.0,623
2024-07-01,SKU0010,146,595,14.0,623
2024-07-08,SKU0010,480,595,14.0,623
2024-07-15,SKU0010,220,595,14.0,623
2024-07-22,SKU0010,555,595,14.0,623
2024-07-29,SKU0010,294,595,14.0,623
2024-08-05,SKU0010,629,0,14.0,623
2024-08-12,SKU0010,369,632,14.0,623
2024-08-19,SKU0010,148,632,14.0,623
2024-08-26,SKU0010,591,570,14.0,623
2024-09-02,SKU0010,357,570,14.0,623
2024-09-09,SKU0010,768,0,14.0,623
2024-09-16,SKU0010,540,576,14.0,623
2024-09-23,SKU0010,317,576,14.0,623
2024-09-30,SKU0010,627,0,14.0,623
2024-10-07,SKU0010,313,611,14.0,623
2024-10-14,SKU0010,10,1177,14.0,623
2024-10-21,SKU0010,135,566,14.0,623
2024-10-28,SKU0010,527,588,14.0,623
2024-11-04,SKU0010,266,588,14.0,623
2024-11-11,SKU0010,569,572,14.0,623
2024-11-18,SKU0010,315,572,14.0,623
2024-11-25,SKU0010,609,0,14.0,623
2024-12-02,SKU0010,159,647,14.0,623
2024-12-09,SKU0010,0,647,14.0,623
2024-12-16,SKU0010,331,571,14.0,623
2024-12-23,SKU0010,0,1187,14.0,623
2024-12-30,SKU0010,255,616,14.0,623
2025-01-06,SKU0010,417,626,14.0,623
2025-01-13,SKU0010,47,626,14.0,623
2025-01-20,SKU0010,514,586,14.0,623
2025-01-27,SKU0010,209,586,14.0,623
2025-02-03,SKU0010,549,599,14.0,623
2025-02-10,SKU0010,321,599,14.0,623
2025-02-17,SKU0010,667,0,14.0,623
2025-02-24,SKU0010,412,598,14.0,623
2025-03-03,SKU0010,184,598,14.0,623
2025-03-10,SKU0010,605,0,14.0,623
2025-03-17,SKU0010,377,613,14.0,623
2025-03-24,SKU0010,187,613,14.0,623
2025-03-31,SKU0010,622,565,14.0,623
2025-04-07,SKU0010,397,565,14.0,623
2025-04-14,SKU0010,769,0,14.0,623
2025-04-21,SKU0010,520,611,14.0,623
2025-04-28,SKU0010,352,611,14.0,623
2025-05-05,SKU0010,738,0,14.0,623
2025-05-12,SKU0010,577,593,14.0,623
2025-05-19,SKU0010,367,593,14.0,623
2025-05-26,SKU0010,742,0,14.0,623
2025-06-02,SKU0010,519,602,14.0,623
2025-06-09,SKU0010,295,602,14.0,623
2025-06-16,SKU0010,656,0,14.0,623
2025-06-23,SKU0010,442,593,14.0,623
2025-06-30,SKU0010,224,593,14.0,623
2025-07-07,SKU0010,672,0,14.0,623
2025-07-14,SKU0010,480,598,14.0,623
2025-07-21,SKU0010,297,598,14.0,623
2025-07-28,SKU0010,712,0,14.0,623
2025-08-04,SKU0010,419,616,14.0,623
2025-08-11,SKU0010,60,616,14.0,623
2025-08-18,SKU0010,478,571,14.0,623
2025-08-25,SKU0010,319,571,14.0,623
2025-09-01,SKU0010,664,0,14.0,623
2025-09-08,SKU0010,447,584,14.0,623
2025-09-15,SKU0010,257,584,14.0,623
2025-09-22,SKU0010,613,574,14.0,623
2025-09-29,SKU0010,494,574,14.0,623
2025-10-06,SKU0010,760,0,14.0,623
2025-10-13,SKU0010,521,628,14.0,623
2025-10-20,SKU0010,17,628,14.0,623
2025-10-27,SKU0010,528,603,14.0,623
2025-11-03,SKU0010,283,603,14.0,623
2025-11-10,SKU0010,603,0,14.0,623
2025-11-17,SKU0010,408,612,14.0,623
2025-11-24,SKU0010,231,612,14.0,623
2025-12-01,SKU0010,370,609,14.0,623
2025-12-08,SKU0010,25,609,14.0,623
2025-12-15,SKU0010,483,578,14.0,623
2025-12-22,SKU0010,161,578,14.0,623
2025-12-29,SKU0010,467,584,14.0,623
2024-01-01,SKU0011,195,0,14.0,181
2024-01-08,SKU0011,122,170,14.0,181
2024-01-15,SKU0011,49,170,14.0,181
2024-01-22,SKU0011,145,167,14.0,181
2024-01-29,SKU0011,72,167,14.0,181
2024-02-05,SKU0011,166,167,14.0,181
2024-02-12,SKU0011,93,167,14.0,181
2024-02-19,SKU0011,187,0,14.0,181
2024-02-26,SKU0011,114,167,14.0,181
2024-03-04,SKU0011,41,167,,181
2024-03-11,SKU0011,135,167,14.0,181
2024-03-18,SKU0011,62,167,14.0,181
2024-03-25,SKU0011,156,167,14.0,181
2024-04-01,SKU0011,83,167,14.0,181
2024-04-08,SKU0011,177,167,14.0,181
2024-04-15,SKU0011,104,167,14.0,181
2024-04-22,SKU0011,198,0,14.0,181
2024-04-29,SKU0011,125,177,14.0,181
2024-05-06,SKU0011,52,177,14.0,181
2024-05-13,SKU0011,156,167,14.0,181
2024-05-20,SKU0011,83,167,14.0,181
2024-05-27,SKU0011,177,167,14.0,181
2024-06-03,SKU0011,104,167,14.0,181
2024-06-10,SKU0011,198,0,14.0,181
2024-06-17,SKU0011,125,177,14.0,181
2024-06-24,SKU0011,52,177,14.0,181
2024-07-01,SKU0011,156,167,14.0,181
2024-07-08,SKU0011,83,167,14.0,181
2024-07-15,SKU0011,177,167,14.0,181
2024-07-22,SKU0011,104,167,14.0,181
2024-07-29,SKU0011,198,0,14.0,181
2024-08-05,SKU0011,125,177,14.0,181
2024-08-12,SKU0011,52,177,14.0,181
2024-08-19,SKU0011,156,178,14.0,181
2024-08-26,SKU0011,83,178,14.0,181
2024-09-02,SKU0011,188,0,14.0,181
2024-09-09,SKU0011,115,167,14.0,181
2024-09-16,SKU0011,42,167,14.0,181
2024-09-23,SKU0011,136,167,14.0,181
2024-09-30,SKU0011,63,167,14.0,181
2024-10-07,SKU0011,157,167,14.0,181
2024-10-14,SKU0011,84,167,14.0,181
2024-10-21,SKU0011,178,166,14.0,181
2024-10-28,SKU0011,105,166,14.0,181
2024-11-04,SKU0011,197,0,14.0,181
2024-11-11,SKU0011,124,167,14.0,181
2024-11-18,SKU0011,51,167,14.0,181
2024-11-25,SKU0011,153,0,14.0,181
2024-12-02,SKU0011,18,208,14.0,181
2024-12-09,SKU0011,0,208,14.0,181
2024-12-16,SKU0011,116,164,14.0,181
2024-12-23,SKU0011,0,344,14.0,181
2024-12-30,SKU0011,118,180,14.0,181
2025-01-06,SKU0011,170,0,14.0,181
2025-01-13,SKU0011,66,209,14.0,181
2025-01-20,SKU0011,0,209,14.0,181
2025-01-27,SKU0011,144,165,14.0,181
2025-02-03,SKU0011,62,165,14.0,181
2025-02-10,SKU0011,135,177,14.0,181
2025-02-17,SKU0011,75,177,14.0,181
2025-02-24,SKU0011,181,0,14.0,181
2025-03-03,SKU0011,116,173,14.0,181
2025-03-10,SKU0011,65,173,14.0,181
2025-03-17,SKU0011,172,0,14.0,181
2025-03-24,SKU0011,106,180,14.0,181
2025-03-31,SKU0011,51,180,14.0,181
2025-04-07,SKU0011,182,0,14.0,181
2025-04-14,SKU0011,123,168,14.0,181
2025-04-21,SKU0011,86,168,14.0,181
2025-04-28,SKU0011,202,0,14.0,181
2025-05-05,SKU0011,145,168,14.0,181
2025-05-12,SKU0011,84,168,14.0,181
2025-05-19,SKU0011,203,0,14.0,181
2025-05-26,SKU0011,141,169,14.0,181
2025-06-02,SKU0011,93,169,14.0,181
2025-06-09,SKU0011,205,0,14.0,181
2025-06-16,SKU0011,134,164,14.0,181
2025-06-23,SKU0011,82,164,14.0,181
2025-06-30,SKU0011,185,0,14.0,181
2025-07-07,SKU0011,128,170,14.0,181
2025-07-14,SKU0011,75,170,14.0,181
2025-07-21,SKU0011,189,0,14.0,181
2025-07-28,SKU0011,114,175,14.0,181
2025-08-04,SKU0011,38,175,14.0,181
2025-08-11,SKU0011,111,171,14.0,181
2025-08-18,SKU0011,53,171,14.0,181
2025-08-25,SKU0011,167,165,14.0,181
2025-09-01,SKU0011,116,165,14.0,181
2025-09-08,SKU0011,237,0,14.0,181
2025-09-15,SKU0011,177,167,14.0,181
2025-09-22,SKU0011,123,167,14.0,181
2025-09-29,SKU0011,235,0,14.0,181
2025-10-06,SKU0011,166,170,14.0,181
2025-10-13,SKU0011,101,170,14.0,181
2025-10-20,SKU0011,143,179,14.0,181
2025-10-27,SKU0011,45,179,14.0,181
2025-11-03,SKU0011,162,182,14.0,181
2025-11-10,SKU0011,84,182,14.0,181
2025-11-17,SKU0011,215,0,14.0,181
2025-11-24,SKU0011,134,172,14.0,181
2025-12-01,SKU0011,2,172,14.0,181
2025-12-08,SKU0011,130,172,14.0,181
2025-12-15,SKU0011,51,172,14.0,181
2025-12-22,SKU0011,143,165,14.0,181
2025-12-29,SKU0011,65,165,14.0,181
2024-01-01,SKU0012,1345,0,21.0,924
2024-01-08,SKU0012,1031,0,21.0,924
2024-01-15,SKU0012,718,619,21.0,924
2024-01-22,SKU0012,404,619,21.0,924
2024-01-29,SKU0012,90,1292,21.0,924
2024-02-05,SKU0012,395,673,21.0,924
2024-02-12,SKU0012,81,1300,21.0,924
2024-02-19,SKU0012,494,627,21.0,924
2024-02-26,SKU0012,180,1246,21.0,924
2024-03-04,SKU0012,493,619,21.0,924
2024-03-11,SKU0012,179,1292,21.0,924
2024-03-18,SKU0012,485,673,21.0,924
2024-03-25,SKU0012,171,1300,21.0,924
2024-04-01,SKU0012,583,627,21.0,924
2024-04-08,SKU0012,270,627,21.0,924
2024-04-15,SKU0012,583,664,21.0,924
2024-04-22,SKU0012,269,664,21.0,924
2024-04-29,SKU0012,0,1337,21.0,924
2024-05-06,SKU0012,350,673,21.0,924
2024-05-13,SKU0012,36,1300,21.0,924
2024-05-20,SKU0012,404,627,21.0,924
2024-05-27,SKU0012,90,1291,21.0,924
2024-06-03,SKU0012,403,664,21.0,924
2024-06-10,SKU0012,90,1292,21.0,924
2024-06-17,SKU0012,485,628,21.0,924
2024-06-24,SKU0012,171,1345,21.0,924
2024-07-01,SKU0012,485,717,21.0,924
2024-07-08,SKU0012,171,717,21.0,924
2024-07-15,SKU0012,672,673,21.0,924
2024-07-22,SKU0012,358,673,21.0,924
2024-07-29,SKU0012,45,1292,21.0,924
2024-08-05,SKU0012,404,619,21.0,924
2024-08-12,SKU0012,90,1336,21.0,924
2024-08-19,SKU0012,395,717,21.0,924
2024-08-26,SKU0012,81,1435,21.0,924
2024-09-02,SKU0012,583,718,21.0,924
2024-09-09,SKU0012,269,718,21.0,924
2024-09-16,SKU0012,673,619,21.0,924
2024-09-23,SKU0012,359,619,21.0,924
2024-09-30,SKU0012,46,1246,21.0,924
2024-10-07,SKU0012,351,627,21.0,924
2024-10-14,SKU0012,37,1255,21.0,924
2024-10-21,SKU0012,358,628,21.0,924
2024-10-28,SKU0012,44,1248,21.0,924
2024-11-04,SKU0012,359,620,21.0,924
2024-11-11,SKU0012,45,1291,21.0,924
2024-11-18,SKU0012,351,671,21.0,924
2024-11-25,SKU0012,38,1389,21.0,924
2024-12-02,SKU0012,447,718,21.0,924
2024-12-09,SKU0012,133,718,21.0,924
2024-12-16,SKU0012,584,710,21.0,924
2024-12-23,SKU0012,270,710,21.0,924
2024-12-30,SKU0012,0,1336,21.0,924
2025-01-06,SKU0012,396,626,21.0,924
2025-01-13,SKU0012,82,1254,21.0,924
2025-01-20,SKU0012,395,628,21.0,924
2025-01-27,SKU0012,81,1301,21.0,924
2025-02-03,SKU0012,404,673,21.0,924
2025-02-10,SKU0012,90,1291,21.0,924
2025-02-17,SKU0012,494,618,21.0,924
2025-02-24,SKU0012,180,1246,21.0,924
2025-03-03,SKU0012,484,628,21.0,924
2025-03-10,SKU0012,170,1256,21.0,924
2025-03-17,SKU0012,494,628,21.0,924
2025-03-24,SKU0012,180,628,21.0,924
2025-03-31,SKU0012,494,753,21.0,924
2025-04-07,SKU0012,180,753,21.0,924
2025-04-14,SKU0012,0,1426,21.0,924
2025-04-21,SKU0012,467,673,21.0,924
2025-04-28,SKU0012,202,1314,21.0,924
2025-05-05,SKU0012,570,641,21.0,924
2025-05-12,SKU0012,323,641,21.0,924
2025-05-19,SKU0012,661,772,21.0,924
2025-05-26,SKU0012,438,772,21.0,924
2025-06-02,SKU0012,206,772,21.0,924
2025-06-09,SKU0012,724,642,21.0,924
2025-06-16,SKU0012,450,642,21.0,924
2025-06-23,SKU0012,235,1258,21.0,924
2025-06-30,SKU0012,614,616,21.0,924
2025-07-07,SKU0012,337,616,21.0,924
2025-07-14,SKU0012,697,757,21.0,924
2025-07-21,SKU0012,443,757,21.0,924
2025-07-28,SKU0012,183,757,21.0,924
2025-08-04,SKU0012,653,638,21.0,924
2025-08-11,SKU0012,271,1245,21.0,924
2025-08-18,SKU0012,0,1245,21.0,924
2025-08-25,SKU0012,385,607,21.0,924
2025-09-01,SKU0012,742,636,21.0,924
2025-09-08,SKU0012,516,636,21.0,924
2025-09-15,SKU0012,169,1310,21.0,924
2025-09-22,SKU0012,515,674,21.0,924
2025-09-29,SKU0012,270,674,21.0,924
2025-10-06,SKU0012,674,842,21.0,924
2025-10-13,SKU0012,361,842,21.0,924
2025-10-20,SKU0012,0,1516,21.0,924
2025-10-27,SKU0012,793,674,21.0,924
2025-11-03,SKU0012,439,674,21.0,924
2025-11-10,SKU0012,751,633,21.0,924
2025-11-17,SKU0012,449,633,21.0,924
2025-11-24,SKU0012,111,1255,21.0,924
2025-12-01,SKU0012,351,622,21.0,924
2025-12-08,SKU0012,0,1272,21.0,924
2025-12-15,SKU0012,379,650,21.0,924
2025-12-22,SKU0012,92,1396,21.0,924
2025-12-29,SKU0012,366,746,21.0,924
2024-01-01,SKU0013,211,0,7.0,110
2024-01-08,SKU0013,79,217,7.0,110
2024-01-15,SKU0013,198,0,7.0,110
2024-01-22,SKU0013,66,192,7.0,110
2024-01-29,SKU0013,135,0,7.0,110
2024-02-05,SKU0013,3,198,7.0,110
2024-02-12,SKU0013,85,192,7.0,110
2024-02-19,SKU0013,154,0,7.0,110
2024-02-26,SKU0013,22,198,7.0,110
2024-03-04,SKU0013,104,192,7.0,110
2024-03-11,SKU0013,179,0,7.0,110
2024-03-18,SKU0013,38,193,7.0,110
2024-03-25,SKU0013,119,0,7.0,110
2024-04-01,SKU0013,0,190,7.0,110
2024-04-08,SKU0013,91,199,7.0,110
2024-04-15,SKU0013,192,0,7.0,110
2024-04-22,SKU0013,75,200,7.0,110
2024-04-29,SKU0013,171,0,7.0,110
2024-05-06,SKU0013,59,190,7.0,110
2024-05-13,SKU0013,147,0,7.0,110
2024-05-20,SKU0013,27,211,7.0,110
2024-05-27,SKU0013,138,0,7.0,110
2024-06-03,SKU0013,41,197,7.0,110
2024-06-10,SKU0013,128,0,7.0,110
2024-06-17,SKU0013,10,211,7.0,110
2024-06-24,SKU0013,121,0,7.0,110
2024-07-01,SKU0013,16,208,7.0,110
2024-07-08,SKU0013,122,0,7.0,110
2024-07-15,SKU0013,7,195,7.0,110
2024-07-22,SKU0013,117,0,7.0,110
2024-07-29,SKU0013,46,196,7.0,110
2024-08-05,SKU0013,121,0,7.0,110
2024-08-12,SKU0013,0,200,7.0,110
2024-08-19,SKU0013,86,197,7.0,110
2024-08-26,SKU0013,187,0,7.0,110
2024-09-02,SKU0013,102,194,7.0,110
2024-09-09,SKU0013,192,0,7.0,110
2024-09-16,SKU0013,73,206,7.0,110
2024-09-23,SKU0013,186,0,7.0,110
2024-09-30,SKU0013,60,195,7.0,110
2024-10-07,SKU0013,141,0,7.0,110
2024-10-14,SKU0013,0,196,7.0,110
2024-10-21,SKU0013,0,195,7.0,110
2024-10-28,SKU0013,105,191,7.0,110
2024-11-04,SKU0013,166,0,7.0,110
2024-11-11,SKU0013,13,192,7.0,110
2024-11-18,SKU0013,70,211,7.0,110
2024-11-25,SKU0013,153,0,7.0,110
2024-12-02,SKU0013,0,194,7.0,110
2024-12-09,SKU0013,71,194,7.0,110
2024-12-16,SKU0013,93,203,7.0,110
2024-12-23,SKU0013,168,0,7.0,110
2024-12-30,SKU0013,25,205,7.0,110
2025-01-06,SKU0013,13,201,7.0,110
2025-01-13,SKU0013,134,0,7.0,110
2025-01-20,SKU0013,6,198,7.0,110
2025-01-27,SKU0013,83,204,7.0,110
2025-02-03,SKU0013,166,0,7.0,110
2025-02-10,SKU0013,18,209,7.0,110
2025-02-17,SKU0013,102,194,7.0,110
2025-02-24,SKU0013,161,0,7.0,110
2025-03-03,SKU0013,40,196,7.0,110
2025-03-10,SKU0013,142,0,7.0,110
2025-03-17,SKU0013,35,204,7.0,110
2025-03-24,SKU0013,132,0,7.0,110
2025-03-31,SKU0013,32,200,7.0,110
2025-04-07,SKU0013,110,0,7.0,110
2025-04-14,SKU0013,7,196,7.0,110
2025-04-21,SKU0013,78,203,7.0,110
2025-04-28,SKU0013,168,0,7.0,110
2025-05-05,SKU0013,73,189,7.0,110
2025-05-12,SKU0013,137,0,7.0,110
2025-05-19,SKU0013,13,207,7.0,110
2025-05-26,SKU0013,129,0,7.0,110
2025-06-02,SKU0013,24,202,7.0,110
2025-06-09,SKU0013,117,0,7.0,110
2025-06-16,SKU0013,25,195,7.0,110
2025-06-23,SKU0013,100,196,7.0,110
2025-06-30,SKU0013,209,0,7.0,110
2025-07-07,SKU0013,92,204,7.0,110
2025-07-14,SKU0013,198,0,7.0,110
2025-07-21,SKU0013,77,199,7.0,110
2025-07-28,SKU0013,177,0,7.0,110
2025-08-04,SKU0013,2,213,7.0,110
2025-08-11,SKU0013,95,189,7.0,110
2025-08-18,SKU0013,146,0,7.0,110
2025-08-25,SKU0013,14,203,7.0,110
2025-09-01,SKU0013,126,0,7.0,110
2025-09-08,SKU0013,8,208,7.0,110
2025-09-15,SKU0013,110,0,7.0,110
2025-09-22,SKU0013,0,201,7.0,110
2025-09-29,SKU0013,98,198,7.0,110
2025-10-06,SKU0013,182,0,7.0,110
2025-10-13,SKU0013,66,198,7.0,110
2025-10-20,SKU0013,64,232,7.0,110
2025-10-27,SKU0013,222,0,7.0,110
2025-11-03,SKU0013,64,207,7.0,110
2025-11-10,SKU0013,167,0,7.0,110
2025-11-17,SKU0013,42,190,7.0,110
2025-11-24,SKU0013,103,193,7.0,110
2025-12-01,SKU0013,161,0,7.0,110
2025-12-08,SKU0013,0,188,7.0,110
2025-12-15,SKU0013,86,199,7.0,110
2025-12-22,SKU0013,161,0,7.0,110
2025-12-29,SKU0013,27,190,7.0,110
2024-01-01,SKU0014,769,0,13.0,465
2024-01-08,SKU0014,423,491,13.0,465
2024-01-15,SKU0014,78,491,13.0,465
2024-01-22,SKU0014,392,472,13.0,465
2024-01-29,SKU0014,47,472,13.0,465
2024-02-05,SKU0014,324,541,13.0,465
2024-02-12,SKU0014,0,541,13.0,465
2024-02-19,SKU0014,393,0,13.0,465
2024-02-26,SKU0014,47,570,13.0,465
2024-03-04,SKU0014,521,0,13.0,465
2024-03-11,SKU0014,175,541,13.0,465
2024-03-18,SKU0014,0,541,13.0,465
2024-03-25,SKU0014,245,620,13.0,465
2024-04-01,SKU0014,0,620,13.0,465
2024-04-08,SKU0014,472,0,13.0,465
2024-04-15,SKU0014,126,640,13.0,465
2024-04-22,SKU0014,0,640,13.0,465
2024-04-29,SKU0014,393,471,13.0,465
2024-05-06,SKU0014,48,471,13.0,465
2024-05-13,SKU0014,323,492,13.0,465
2024-05-20,SKU0014,0,492,13.0,465
2024-05-27,SKU0014,295,570,13.0,465
2024-06-03,SKU0014,0,570,13.0,465
2024-06-10,SKU0014,422,0,13.0,465
2024-06-17,SKU0014,76,541,13.0,465
2024-06-24,SKU0014,492,0,13.0,465
2024-07-01,SKU0014,146,521,13.0,465
2024-07-08,SKU0014,0,521,13.0,465
2024-07-15,SKU0014,175,492,13.0,465
2024-07-22,SKU0014,0,492,13.0,465
2024-07-29,SKU0014,146,471,13.0,465
2024-08-05,SKU0014,422,0,13.0,465
2024-08-12,SKU0014,76,542,13.0,465
2024-08-19,SKU0014,493,0,13.0,465
2024-08-26,SKU0014,147,471,13.0,465
2024-09-02,SKU0014,422,0,13.0,465
2024-09-09,SKU0014,76,542,13.0,465
2024-09-16,SKU0014,493,0,13.0,465
2024-09-23,SKU0014,147,471,13.0,465
2024-09-30,SKU0014,433,0,13.0,465
2024-10-07,SKU0014,54,546,13.0,465
2024-10-14,SKU0014,492,0,13.0,465
2024-10-21,SKU0014,0,499,13.0,465
2024-10-28,SKU0014,459,0,13.0,465
2024-11-04,SKU0014,67,598,13.0,465
2024-11-11,SKU0014,0,598,13.0,465
2024-11-18,SKU0014,328,563,13.0,465
2024-11-25,SKU0014,45,563,13.0,465
2024-12-02,SKU0014,313,0,13.0,465
2024-12-09,SKU0014,0,784,13.0,465
2024-12-16,SKU0014,0,784,13.0,465
2024-12-23,SKU0014,175,456,13.0,465
2024-12-30,SKU0014,0,914,13.0,465
2025-01-06,SKU0014,0,914,13.0,465
2025-01-13,SKU0014,53,456,13.0,465
2025-01-20,SKU0014,323,453,13.0,465
2025-01-27,SKU0014,0,914,13.0,465
2025-02-03,SKU0014,124,461,13.0,465
2025-02-10,SKU0014,365,453,13.0,465
2025-02-17,SKU0014,0,453,13.0,465
2025-02-24,SKU0014,162,461,13.0,465
2025-03-03,SKU0014,412,502,13.0,465
2025-03-10,SKU0014,133,502,13.0,465
2025-03-17,SKU0014,425,464,13.0,465
2025-03-24,SKU0014,173,464,13.0,465
2025-03-31,SKU0014,335,469,13.0,465
2025-04-07,SKU0014,67,469,13.0,465
2025-04-14,SKU0014,303,491,13.0,465
2025-04-21,SKU0014,0,491,13.0,465
2025-04-28,SKU0014,323,456,13.0,465
2025-05-05,SKU0014,28,456,13.0,465
2025-05-12,SKU0014,208,458,13.0,465
2025-05-19,SKU0014,434,480,13.0,465
2025-05-26,SKU0014,177,480,13.0,465
2025-06-02,SKU0014,403,477,13.0,465
2025-06-09,SKU0014,68,477,13.0,465
2025-06-16,SKU0014,377,468,13.0,465
2025-06-23,SKU0014,164,468,13.0,465
2025-06-30,SKU0014,365,528,13.0,465
2025-07-07,SKU0014,96,528,13.0,465
2025-07-14,SKU0014,392,0,13.0,465
2025-07-21,SKU0014,164,543,13.0,465
2025-07-28,SKU0014,507,0,13.0,465
2025-08-04,SKU0014,209,457,13.0,465
2025-08-11,SKU0014,0,914,13.0,465
2025-08-18,SKU0014,198,457,13.0,465
2025-08-25,SKU0014,367,547,13.0,465
2025-09-01,SKU0014,67,547,13.0,465
2025-09-08,SKU0014,476,0,13.0,465
2025-09-15,SKU0014,250,506,13.0,465
2025-09-22,SKU0014,0,506,13.0,465
2025-09-29,SKU0014,272,479,13.0,465
2025-10-06,SKU0014,0,479,13.0,465
2025-10-13,SKU0014,232,459,13.0,465
2025-10-20,SKU0014,0,914,13.0,465
2025-10-27,SKU0014,0,914,13.0,465
2025-11-03,SKU0014,185,459,13.0,465
2025-11-10,SKU0014,291,451,13.0,465
2025-11-17,SKU0014,0,914,13.0,465
2025-11-24,SKU0014,166,463,13.0,465
2025-12-01,SKU0014,191,451,13.0,465
2025-12-08,SKU0014,0,914,13.0,465
2025-12-15,SKU0014,77,463,13.0,465
2025-12-22,SKU0014,397,451,13.0,465
2025-12-29,SKU0014,34,451,13.0,465
2024-01-01,SKU0015,375,0,14.0,332
2024-01-08,SKU0015,157,320,14.0,332
2024-01-15,SKU0015,0,631,14.0,332
2024-01-22,SKU0015,134,311,14.0,332
2024-01-29,SKU0015,227,313,14.0,332
2024-02-05,SKU0015,9,624,14.0,332
2024-02-12,SKU0015,189,311,14.0,332
2024-02-19,SKU0015,282,320,14.0,332
2024-02-26,SKU0015,65,320,14.0,332
2024-03-04,SKU0015,258,311,14.0,332
2024-03-11,SKU0015,40,311,14.0,332
2024-03-18,SKU0015,134,313,14.0,332
2024-03-25,SKU0015,0,624,14.0,332
2024-04-01,SKU0015,95,311,14.0,332
2024-04-08,SKU0015,189,413,14.0,332
2024-04-15,SKU0015,0,413,14.0,332
2024-04-22,SKU0015,351,0,14.0,332
2024-04-29,SKU0015,133,375,14.0,332
2024-05-06,SKU0015,0,375,14.0,332
2024-05-13,SKU0015,220,320,14.0,332
2024-05-20,SKU0015,2,631,14.0,332
2024-05-27,SKU0015,196,311,14.0,332
2024-06-03,SKU0015,289,313,14.0,332
2024-06-10,SKU0015,72,313,14.0,332
2024-06-17,SKU0015,251,311,14.0,332
2024-06-24,SKU0015,33,311,14.0,332
2024-07-01,SKU0015,127,351,14.0,332
2024-07-08,SKU0015,0,351,14.0,332
2024-07-15,SKU0015,165,313,14.0,332
2024-07-22,SKU0015,0,633,14.0,332
2024-07-29,SKU0015,127,320,14.0,332
2024-08-05,SKU0015,258,311,14.0,332
2024-08-12,SKU0015,40,311,14.0,332
2024-08-19,SKU0015,187,322,14.0,332
2024-08-26,SKU0015,0,633,14.0,332
2024-09-02,SKU0015,167,311,14.0,332
2024-09-09,SKU0015,260,311,14.0,332
2024-09-16,SKU0015,42,311,14.0,332
2024-09-23,SKU0015,218,311,14.0,332
2024-09-30,SKU0015,0,633,14.0,332
2024-10-07,SKU0015,94,322,14.0,332
2024-10-14,SKU0015,291,311,14.0,332
2024-10-21,SKU0015,73,311,14.0,332
2024-10-28,SKU0015,167,342,14.0,332
2024-11-04,SKU0015,0,342,14.0,332
2024-11-11,SKU0015,187,353,14.0,332
2024-11-18,SKU0015,0,353,14.0,332
2024-11-25,SKU0015,229,311,14.0,332
2024-12-02,SKU0015,11,622,14.0,332
2024-12-09,SKU0015,187,311,14.0,332
2024-12-16,SKU0015,280,322,14.0,332
2024-12-23,SKU0015,63,322,14.0,332
2024-12-30,SKU0015,260,311,14.0,332
2025-01-06,SKU0015,42,311,14.0,332
2025-01-13,SKU0015,136,311,14.0,332
2025-01-20,SKU0015,0,633,14.0,332
2025-01-27,SKU0015,93,322,14.0,332
2025-02-03,SKU0015,229,311,14.0,332
2025-02-10,SKU0015,11,622,14.0,332
2025-02-17,SKU0015,187,311,14.0,332
2025-02-24,SKU0015,280,322,14.0,332
2025-03-03,SKU0015,63,322,14.0,332
2025-03-10,SKU0015,260,311,14.0,332
2025-03-17,SKU0015,42,311,14.0,332
2025-03-24,SKU0015,156,311,14.0,332
2025-03-31,SKU0015,0,633,14.0,332
2025-04-07,SKU0015,93,322,14.0,332
2025-04-14,SKU0015,260,311,14.0,332
2025-04-21,SKU0015,42,311,14.0,332
2025-04-28,SKU0015,156,311,14.0,332
2025-05-05,SKU0015,0,633,14.0,332
2025-05-12,SKU0015,93,322,14.0,332
2025-05-19,SKU0015,229,311,14.0,332
2025-05-26,SKU0015,11,311,14.0,332
2025-06-02,SKU0015,187,322,14.0,332
2025-06-09,SKU0015,0,633,14.0,332
2025-06-16,SKU0015,104,311,14.0,332
2025-06-23,SKU0015,249,311,14.0,332
2025-06-30,SKU0015,31,311,14.0,332
2025-07-07,SKU0015,156,322,14.0,332
2025-07-14,SKU0015,0,633,14.0,332
2025-07-21,SKU0015,104,311,14.0,332
2025-07-28,SKU0015,218,322,14.0,332
2025-08-04,SKU0015,0,633,14.0,332
2025-08-11,SKU0015,138,311,14.0,332
2025-08-18,SKU0015,295,322,14.0,332
2025-08-25,SKU0015,148,322,14.0,332
2025-09-01,SKU0015,346,0,14.0,332
2025-09-08,SKU0015,145,394,14.0,332
2025-09-15,SKU0015,0,394,14.0,332
2025-09-22,SKU0015,311,322,14.0,332
2025-09-29,SKU0015,149,322,14.0,332
2025-10-06,SKU0015,294,311,14.0,332
2025-10-13,SKU0015,103,311,14.0,332
2025-10-20,SKU0015,195,302,14.0,332
2025-10-27,SKU0015,0,633,14.0,332
2025-11-03,SKU0015,150,331,14.0,332
2025-11-10,SKU0015,272,0,14.0,332
2025-11-17,SKU0015,48,437,14.0,332
2025-11-24,SKU0015,0,437,14.0,332
2025-12-01,SKU0015,147,348,14.0,332
2025-12-08,SKU0015,0,348,14.0,332
2025-12-15,SKU0015,210,326,14.0,332
2025-12-22,SKU0015,7,326,14.0,332
2025-12-29,SKU0015,186,307,14.0,332
2024-01-01,SKU0016,563,0,29.0,445
2024-01-08,SKU0016,462,0,29.0,445
2024-01-15,SKU0016,361,232,29.0,445
2024-01-22,SKU0016,260,232,29.0,445
2024-01-29,SKU0016,159,477,29.0,445
2024-02-05,SKU0016,58,477,29.0,445
2024-02-12,SKU0016,190,475,29.0,445
2024-02-19,SKU0016,89,475,29.0,445
2024-02-26,SKU0016,233,230,29.0,445
2024-03-04,SKU0016,132,490,29.0,445
2024-03-11,SKU0016,31,490,29.0,445
2024-03-18,SKU0016,161,490,29.0,445
2024-03-25,SKU0016,60,490,29.0,445
2024-04-01,SKU0016,219,230,29.0,445
2024-04-08,SKU0016,118,504,29.0,445
2024-04-15,SKU0016,247,274,29.0,445
2024-04-22,SKU0016,146,519,29.0,445
2024-04-29,SKU0016,46,519,29.0,445
2024-05-06,SKU0016,231,245,29.0,445
2024-05-13,SKU0016,130,477,29.0,445
2024-05-20,SKU0016,29,477,29.0,445
2024-05-27,SKU0016,173,492,29.0,445
2024-06-03,SKU0016,72,492,29.0,445
2024-06-10,SKU0016,204,260,29.0,445
2024-06-17,SKU0016,103,490,29.0,445
2024-06-24,SKU0016,2,490,29.0,445
2024-07-01,SKU0016,161,475,29.0,445
2024-07-08,SKU0016,60,475,29.0,445
2024-07-15,SKU0016,190,245,29.0,445
2024-07-22,SKU0016,89,490,29.0,445
2024-07-29,SKU0016,233,245,29.0,445
2024-08-05,SKU0016,132,504,29.0,445
2024-08-12,SKU0016,31,504,29.0,445
2024-08-19,SKU0016,175,490,29.0,445
2024-08-26,SKU0016,75,490,29.0,445
2024-09-02,SKU0016,233,231,29.0,445
2024-09-09,SKU0016,132,504,29.0,445
2024-09-16,SKU0016,31,504,29.0,445
2024-09-23,SKU0016,161,504,29.0,445
2024-09-30,SKU0016,60,504,29.0,445
2024-10-07,SKU0016,244,231,29.0,445
2024-10-14,SKU0016,143,464,29.0,445
2024-10-21,SKU0016,43,464,29.0,445
2024-10-28,SKU0016,173,478,29.0,445
2024-11-04,SKU0016,72,478,29.0,445
2024-11-11,SKU0016,204,245,29.0,445
2024-11-18,SKU0016,103,475,29.0,445
2024-11-25,SKU0016,247,230,29.0,445
2024-12-02,SKU0016,147,461,29.0,445
2024-12-09,SKU0016,46,461,29.0,445
2024-12-16,SKU0016,175,461,29.0,445
2024-12-23,SKU0016,74,461,29.0,445
2024-12-30,SKU0016,204,461,29.0,445
2025-01-06,SKU0016,103,461,29.0,445
2025-01-13,SKU0016,233,231,29.0,445
2025-01-20,SKU0016,132,476,29.0,445
2025-01-27,SKU0016,31,476,29.0,445
2025-02-03,SKU0016,161,475,29.0,445
2025-02-10,SKU0016,60,475,29.0,445
2025-02-17,SKU0016,204,230,29.0,445
2025-02-24,SKU0016,104,561,29.0,445
2025-03-03,SKU0016,233,331,29.0,445
2025-03-10,SKU0016,132,331,29.0,445
2025-03-17,SKU0016,31,562,29.0,445
2025-03-24,SKU0016,0,562,29.0,445
2025-03-31,SKU0016,230,231,29.0,445
2025-04-07,SKU0016,129,521,29.0,445
2025-04-14,SKU0016,280,290,29.0,445
2025-04-21,SKU0016,198,290,29.0,445
2025-04-28,SKU0016,112,531,29.0,445
2025-05-05,SKU0016,318,241,29.0,445
2025-05-12,SKU0016,237,241,29.0,445
2025-05-19,SKU0016,163,462,29.0,445
2025-05-26,SKU0016,309,221,29.0,445
2025-06-02,SKU0016,228,221,29.0,445
2025-06-09,SKU0016,143,445,29.0,445
2025-06-16,SKU0016,268,224,29.0,445
2025-06-23,SKU0016,194,224,29.0,445
2025-06-30,SKU0016,115,488,29.0,445
2025-07-07,SKU0016,259,264,29.0,445
2025-07-14,SKU0016,168,497,29.0,445
2025-07-21,SKU0016,78,497,29.0,445
2025-07-28,SKU0016,260,233,29.0,445
2025-08-04,SKU0016,135,460,29.0,445
2025-08-11,SKU0016,0,460,29.0,445
2025-08-18,SKU0016,141,490,29.0,445
2025-08-25,SKU0016,51,490,29.0,445
2025-09-01,SKU0016,220,263,29.0,445
2025-09-08,SKU0016,132,486,29.0,445
2025-09-15,SKU0016,305,223,29.0,445
2025-09-22,SKU0016,222,223,29.0,445
2025-09-29,SKU0016,146,454,29.0,445
2025-10-06,SKU0016,247,231,29.0,445
2025-10-13,SKU0016,165,500,29.0,445
2025-10-20,SKU0016,0,500,29.0,445
2025-10-27,SKU0016,105,526,29.0,445
2025-11-03,SKU0016,11,526,29.0,445
2025-11-10,SKU0016,0,526,29.0,445
2025-11-17,SKU0016,163,487,29.0,445
2025-11-24,SKU0016,317,230,29.0,445
2025-12-01,SKU0016,136,529,29.0,445
2025-12-08,SKU0016,0,529,29.0,445
2025-12-15,SKU0016,219,299,29.0,445
2025-12-22,SKU0016,127,299,29.0,445
2025-12-29,SKU0016,2,555,29.0,445
2024-01-01,SKU0017,583,0,24.0,505
2024-01-08,SKU0017,461,300,24.0,505
2024-01-15,SKU0017,339,300,24.0,505
2024-01-22,SKU0017,217,300,24.0,505
2024-01-29,SKU0017,96,596,24.0,505
2024-02-05,SKU0017,274,296,24.0,505
2024-02-12,SKU0017,152,609,24.0,505
2024-02-19,SKU0017,326,313,24.0,505
2024-02-26,SKU0017,205,313,24.0,505
2024-03-04,SKU0017,83,609,24.0,505
2024-03-11,SKU0017,274,296,24.0,505
2024-03-18,SKU0017,152,592,24.0,505
2024-03-25,SKU0017,326,296,24.0,505
2024-04-01,SKU0017,205,591,24.0,505
2024-04-08,SKU0017,379,295,24.0,505
2024-04-15,SKU0017,257,295,24.0,505
2024-04-22,SKU0017,135,643,24.0,505
2024-04-29,SKU0017,309,348,24.0,505
2024-05-06,SKU0017,187,348,24.0,505
2024-05-13,SKU0017,65,644,24.0,505
2024-05-20,SKU0017,291,296,24.0,505
2024-05-27,SKU0017,170,609,24.0,505
2024-06-03,SKU0017,344,313,24.0,505
2024-06-10,SKU0017,222,313,24.0,505
2024-06-17,SKU0017,100,626,24.0,505
2024-06-24,SKU0017,292,313,24.0,505
2024-07-01,SKU0017,170,626,24.0,505
2024-07-08,SKU0017,361,313,24.0,505
2024-07-15,SKU0017,239,313,24.0,505
2024-07-22,SKU0017,118,609,24.0,505
2024-07-29,SKU0017,309,296,24.0,505
2024-08-05,SKU0017,187,296,24.0,505
2024-08-12,SKU0017,361,330,24.0,505
2024-08-19,SKU0017,240,330,24.0,505
2024-08-26,SKU0017,118,643,24.0,505
2024-09-02,SKU0017,326,313,24.0,505
2024-09-09,SKU0017,204,313,24.0,505
2024-09-16,SKU0017,83,609,24.0,505
2024-09-23,SKU0017,274,296,24.0,505
2024-09-30,SKU0017,152,609,24.0,505
2024-10-07,SKU0017,326,313,24.0,505
2024-10-14,SKU0017,204,313,24.0,505
2024-10-21,SKU0017,83,626,24.0,505
2024-10-28,SKU0017,274,313,24.0,505
2024-11-04,SKU0017,152,609,24.0,505
2024-11-11,SKU0017,343,296,24.0,505
2024-11-18,SKU0017,222,296,24.0,505
2024-11-25,SKU0017,100,644,24.0,505
2024-12-02,SKU0017,274,348,24.0,505
2024-12-09,SKU0017,152,644,24.0,505
2024-12-16,SKU0017,379,296,24.0,505
2024-12-23,SKU0017,189,607,24.0,505
2024-12-30,SKU0017,56,607,24.0,505
2025-01-06,SKU0017,135,311,24.0,505
2025-01-13,SKU0017,0,687,24.0,505
2025-01-20,SKU0017,187,376,24.0,505
2025-01-27,SKU0017,31,721,24.0,505
2025-02-03,SKU0017,302,345,24.0,505
2025-02-10,SKU0017,149,647,24.0,505
2025-02-17,SKU0017,21,647,24.0,505
2025-02-24,SKU0017,246,302,24.0,505
2025-03-03,SKU0017,144,600,24.0,505
2025-03-10,SKU0017,346,298,24.0,505
2025-03-17,SKU0017,257,298,24.0,505
2025-03-24,SKU0017,489,296,24.0,505
2025-03-31,SKU0017,388,296,24.0,505
2025-04-07,SKU0017,267,296,24.0,505
2025-04-14,SKU0017,160,608,24.0,505
2025-04-21,SKU0017,367,312,24.0,505
2025-04-28,SKU0017,259,312,24.0,505
2025-05-05,SKU0017,140,312,24.0,505
2025-05-12,SKU0017,343,348,24.0,505
2025-05-19,SKU0017,240,348,24.0,505
2025-05-26,SKU0017,141,653,24.0,505
2025-06-02,SKU0017,382,305,24.0,505
2025-06-09,SKU0017,278,305,24.0,505
2025-06-16,SKU0017,191,599,24.0,505
2025-06-23,SKU0017,390,294,24.0,505
2025-06-30,SKU0017,290,294,24.0,505
2025-07-07,SKU0017,199,590,24.0,505
2025-07-14,SKU0017,414,296,24.0,505
2025-07-21,SKU0017,322,296,24.0,505
2025-07-28,SKU0017,211,296,24.0,505
2025-08-04,SKU0017,374,303,24.0,505
2025-08-11,SKU0017,194,303,24.0,505
2025-08-18,SKU0017,86,615,24.0,505
2025-08-25,SKU0017,289,312,24.0,505
2025-09-01,SKU0017,199,312,24.0,505
2025-09-08,SKU0017,399,305,24.0,505
2025-09-15,SKU0017,302,305,24.0,505
2025-09-22,SKU0017,227,305,24.0,505
2025-09-29,SKU0017,430,310,24.0,505
2025-10-06,SKU0017,305,310,24.0,505
2025-10-13,SKU0017,207,310,24.0,505
2025-10-20,SKU0017,312,314,24.0,505
2025-10-27,SKU0017,149,626,24.0,505
2025-11-03,SKU0017,19,626,24.0,505
2025-11-10,SKU0017,273,312,24.0,505
2025-11-17,SKU0017,165,620,24.0,505
2025-11-24,SKU0017,363,308,24.0,505
2025-12-01,SKU0017,131,632,24.0,505
2025-12-08,SKU0017,0,632,24.0,505
2025-12-15,SKU0017,198,324,24.0,505
2025-12-22,SKU0017,73,621,24.0,505
2025-12-29,SKU0017,275,297,24.0,505
2024-01-01,SKU0018,405,0,22.0,285
2024-01-08,SKU0018,310,0,22.0,285
2024-01-15,SKU0018,214,179,22.0,285
2024-01-22,SKU0018,119,179,22.0,285
2024-01-29,SKU0018,23,370,22.0,285
2024-02-05,SKU0018,111,191,22.0,285
2024-02-12,SKU0018,15,391,22.0,285
2024-02-19,SKU0018,123,200,22.0,285
2024-02-26,SKU0018,27,379,22.0,285
2024-03-04,SKU0018,145,179,22.0,285
2024-03-11,SKU0018,50,357,22.0,285
2024-03-18,SKU0018,133,178,22.0,285
2024-03-25,SKU0018,38,355,22.0,285
2024-04-01,SKU0018,123,177,22.0,285
2024-04-08,SKU0018,28,365,22.0,285
2024-04-15,SKU0018,109,188,22.0,285
2024-04-22,SKU0018,14,366,22.0,285
2024-04-29,SKU0018,120,178,22.0,285
2024-05-06,SKU0018,24,355,22.0,285
2024-05-13,SKU0018,106,355,22.0,285
2024-05-20,SKU0018,11,355,22.0,285
2024-05-27,SKU0018,95,366,22.0,285
2024-06-03,SKU0018,0,366,22.0,285
2024-06-10,SKU0018,82,365,22.0,285
2024-06-17,SKU0018,0,365,22.0,285
2024-06-24,SKU0018,92,355,22.0,285
2024-07-01,SKU0018,174,178,22.0,285
2024-07-08,SKU0018,78,356,22.0,285
2024-07-15,SKU0018,164,178,22.0,285
2024-07-22,SKU0018,69,365,22.0,285
2024-07-29,SKU0018,151,187,22.0,285
2024-08-05,SKU0018,56,365,22.0,285
2024-08-12,SKU0018,160,178,22.0,285
2024-08-19,SKU0018,64,356,22.0,285
2024-08-26,SKU0018,146,178,22.0,285
2024-09-02,SKU0018,51,356,22.0,285
2024-09-09,SKU0018,137,178,22.0,285
2024-09-16,SKU0018,41,365,22.0,285
2024-09-23,SKU0018,124,187,22.0,285
2024-09-30,SKU0018,28,365,22.0,285
2024-10-07,SKU0018,132,178,22.0,285
2024-10-14,SKU0018,37,356,22.0,285
2024-10-21,SKU0018,119,178,22.0,285
2024-10-28,SKU0018,24,356,22.0,285
2024-11-04,SKU0018,110,178,22.0,285
2024-11-11,SKU0018,14,365,22.0,285
2024-11-18,SKU0018,96,365,22.0,285
2024-11-25,SKU0018,1,365,22.0,285
2024-12-02,SKU0018,105,178,22.0,285
2024-12-09,SKU0018,9,370,22.0,285
2024-12-16,SKU0018,92,192,22.0,285
2024-12-23,SKU0018,0,383,22.0,285
2024-12-30,SKU0018,110,191,22.0,285
2025-01-06,SKU0018,14,378,22.0,285
2025-01-13,SKU0018,110,187,22.0,285
2025-01-20,SKU0018,14,365,22.0,285
2025-01-27,SKU0018,119,178,22.0,285
2025-02-03,SKU0018,23,356,22.0,285
2025-02-10,SKU0018,105,356,22.0,285
2025-02-17,SKU0018,10,356,22.0,285
2025-02-24,SKU0018,96,365,22.0,285
2025-03-03,SKU0018,0,365,22.0,285
2025-03-10,SKU0018,83,378,22.0,285
2025-03-17,SKU0018,0,378,22.0,285
2025-03-24,SKU0018,91,370,22.0,285
2025-03-31,SKU0018,0,370,22.0,285
2025-04-07,SKU0018,95,366,22.0,285
2025-04-14,SKU0018,3,366,22.0,285
2025-04-21,SKU0018,113,187,22.0,285
2025-04-28,SKU0018,29,365,22.0,285
2025-05-05,SKU0018,153,178,22.0,285
2025-05-12,SKU0018,65,357,22.0,285
2025-05-19,SKU0018,128,179,22.0,285
2025-05-26,SKU0018,58,356,22.0,285
2025-06-02,SKU0018,143,177,22.0,285
2025-06-09,SKU0018,73,363,22.0,285
2025-06-16,SKU0018,183,186,22.0,285
2025-06-23,SKU0018,84,363,22.0,285
2025-06-30,SKU0018,220,177,22.0,285
2025-07-07,SKU0018,144,177,22.0,285
2025-07-14,SKU0018,254,179,22.0,285
2025-07-21,SKU0018,175,179,22.0,285
2025-07-28,SKU0018,97,362,22.0,285
2025-08-04,SKU0018,168,183,22.0,285
2025-08-11,SKU0018,57,374,22.0,285
2025-08-18,SKU0018,174,191,22.0,285
2025-08-25,SKU0018,84,371,22.0,285
2025-09-01,SKU0018,205,180,22.0,285
2025-09-08,SKU0018,112,180,22.0,285
2025-09-15,SKU0018,231,186,22.0,285
2025-09-22,SKU0018,162,186,22.0,285
2025-09-29,SKU0018,77,370,22.0,285
2025-10-06,SKU0018,159,184,22.0,285
2025-10-13,SKU0018,77,365,22.0,285
2025-10-20,SKU0018,155,181,22.0,285
2025-10-27,SKU0018,20,366,22.0,285
2025-11-03,SKU0018,149,185,22.0,285
2025-11-10,SKU0018,69,363,22.0,285
2025-11-17,SKU0018,141,178,22.0,285
2025-11-24,SKU0018,47,360,22.0,285
2025-12-01,SKU0018,131,182,22.0,285
2025-12-08,SKU0018,0,363,22.0,285
2025-12-15,SKU0018,129,181,22.0,285
2025-12-22,SKU0018,10,363,22.0,285
2025-12-29,SKU0018,74,387,22.0,285
2024-01-01,SKU0019,423,335,29.0,507
2024-01-08,SKU0019,330,335,29.0,507
2024-01-15,SKU0019,236,335,29.0,507
2024-01-22,SKU0019,143,615,29.0,507
2024-01-29,SKU0019,50,615,29.0,507
2024-02-05,SKU0019,292,280,29.0,507
2024-02-12,SKU0019,199,559,29.0,507
2024-02-19,SKU0019,106,559,29.0,507
2024-02-26,SKU0019,293,279,29.0,507
2024-03-04,SKU0019,199,279,29.0,507
2024-03-11,SKU0019,106,572,29.0,507
2024-03-18,SKU0019,292,293,29.0,507
2024-03-25,SKU0019,199,546,29.0,507
2024-04-01,SKU0019,106,546,29.0,507
2024-04-08,SKU0019,306,253,29.0,507
2024-04-15,SKU0019,213,253,29.0,507
2024-04-22,SKU0019,373,359,29.0,507
2024-04-29,SKU0019,279,359,29.0,507
2024-05-06,SKU0019,186,359,29.0,507
2024-05-13,SKU0019,93,612,29.0,507
2024-05-20,SKU0019,359,253,29.0,507
2024-05-27,SKU0019,266,253,29.0,507
2024-06-03,SKU0019,173,519,29.0,507
2024-06-10,SKU0019,333,266,29.0,507
2024-06-17,SKU0019,239,519,29.0,507
2024-06-24,SKU0019,146,519,29.0,507
2024-07-01,SKU0019,319,253,29.0,507
2024-07-08,SKU0019,226,532,29.0,507
2024-07-15,SKU0019,133,532,29.0,507
2024-07-22,SKU0019,293,279,29.0,507
2024-07-29,SKU0019,200,545,29.0,507
2024-08-05,SKU0019,107,545,29.0,507
2024-08-12,SKU0019,292,266,29.0,507
2024-08-19,SKU0019,199,519,29.0,507
2024-08-26,SKU0019,372,253,29.0,507
2024-09-02,SKU0019,279,253,29.0,507
2024-09-09,SKU0019,186,519,29.0,507
2024-09-16,SKU0019,346,266,29.0,507
2024-09-23,SKU0019,253,266,29.0,507
2024-09-30,SKU0019,159,532,29.0,507
2024-10-07,SKU0019,332,266,29.0,507
2024-10-14,SKU0019,239,266,29.0,507
2024-10-21,SKU0019,146,532,29.0,507
2024-10-28,SKU0019,319,266,29.0,507
2024-11-04,SKU0019,226,519,29.0,507
2024-11-11,SKU0019,133,519,29.0,507
2024-11-18,SKU0019,306,253,29.0,507
2024-11-25,SKU0019,212,519,29.0,507
2024-12-02,SKU0019,372,266,29.0,507
2024-12-09,SKU0019,279,266,29.0,507
2024-12-16,SKU0019,186,519,29.0,507
2024-12-23,SKU0019,359,253,29.0,507
2024-12-30,SKU0019,266,253,29.0,507
2025-01-06,SKU0019,173,506,29.0,507
2025-01-13,SKU0019,332,253,29.0,507
2025-01-20,SKU0019,239,253,29.0,507
2025-01-27,SKU0019,146,612,29.0,507
2025-02-03,SKU0019,306,359,29.0,507
2025-02-10,SKU0019,206,359,29.0,507
2025-02-17,SKU0019,95,626,29.0,507
2025-02-24,SKU0019,2,626,29.0,507
2025-03-03,SKU0019,268,267,29.0,507
2025-03-10,SKU0019,193,523,29.0,507
2025-03-17,SKU0019,380,256,29.0,507
2025-03-24,SKU0019,296,256,29.0,507
2025-03-31,SKU0019,199,256,29.0,507
2025-04-07,SKU0019,383,313,29.0,507
2025-04-14,SKU0019,305,313,29.0,507
2025-04-21,SKU0019,217,313,29.0,507
2025-04-28,SKU0019,143,612,29.0,507
2025-05-05,SKU0019,397,299,29.0,507
2025-05-12,SKU0019,321,299,29.0,507
2025-05-19,SKU0019,225,299,29.0,507
2025-05-26,SKU0019,445,265,29.0,507
2025-06-02,SKU0019,378,265,29.0,507
2025-06-09,SKU0019,302,265,29.0,507
2025-06-16,SKU0019,214,265,29.0,507
2025-06-23,SKU0019,410,312,29.0,507
2025-06-30,SKU0019,324,312,29.0,507
2025-07-07,SKU0019,254,312,29.0,507
2025-07-14,SKU0019,182,312,29.0,507
2025-07-21,SKU0019,422,281,29.0,507
2025-07-28,SKU0019,339,281,29.0,507
2025-08-04,SKU0019,234,281,29.0,507
2025-08-11,SKU0019,121,551,29.0,507
2025-08-18,SKU0019,332,270,29.0,507
2025-08-25,SKU0019,253,270,29.0,507
2025-09-01,SKU0019,173,566,29.0,507
2025-09-08,SKU0019,358,296,29.0,507
2025-09-15,SKU0019,277,296,29.0,507
2025-09-22,SKU0019,212,296,29.0,507
2025-09-29,SKU0019,430,294,29.0,507
2025-10-06,SKU0019,328,294,29.0,507
2025-10-13,SKU0019,247,294,29.0,507
2025-10-20,SKU0019,51,707,29.0,507
2025-10-27,SKU0019,230,413,29.0,507
2025-11-03,SKU0019,124,413,29.0,507
2025-11-10,SKU0019,28,712,29.0,507
2025-11-17,SKU0019,0,712,29.0,507
2025-11-24,SKU0019,320,299,29.0,507
2025-12-01,SKU0019,157,601,29.0,507
2025-12-08,SKU0019,314,302,29.0,507
2025-12-15,SKU0019,208,302,29.0,507
2025-12-22,SKU0019,112,612,29.0,507
2025-12-29,SKU0019,3,612,29.0,507
2024-01-01,SKU0020,102,0,22.0,92
2024-01-08,SKU0020,63,64,22.0,92
2024-01-15,SKU0020,25,64,22.0,92
2024-01-22,SKU0020,0,141,22.0,92
2024-01-29,SKU0020,42,77,22.0,92
2024-02-05,SKU0020,4,134,22.0,92
2024-02-12,SKU0020,55,57,22.0,92
2024-02-19,SKU0020,17,116,22.0,92
2024-02-26,SKU0020,46,59,22.0,92
2024-03-04,SKU0020,8,59,22.0,92
2024-03-11,SKU0020,43,88,22.0,92
2024-03-18,SKU0020,4,88,22.0,92
2024-03-25,SKU0020,0,149,22.0,92
2024-04-01,SKU0020,55,61,22.0,92
2024-04-08,SKU0020,17,61,22.0,92
2024-04-15,SKU0020,40,93,22.0,92
2024-04-22,SKU0020,1,93,22.0,92
2024-04-29,SKU0020,0,93,22.0,92
2024-05-06,SKU0020,77,67,22.0,92
2024-05-13,SKU0020,38,67,22.0,92
2024-05-20,SKU0020,0,138,22.0,92
2024-05-27,SKU0020,62,71,22.0,92
2024-06-03,SKU0020,23,71,22.0,92
2024-06-10,SKU0020,60,66,22.0,92
2024-06-17,SKU0020,22,127,22.0,92
2024-06-24,SKU0020,0,127,22.0,92
2024-07-01,SKU0020,39,61,22.0,92
2024-07-08,SKU0020,0,121,22.0,92
2024-07-15,SKU0020,23,121,22.0,92
2024-07-22,SKU0020,0,121,22.0,92
2024-07-29,SKU0020,33,61,22.0,92
2024-08-05,SKU0020,53,88,22.0,92
2024-08-12,SKU0020,25,88,22.0,92
2024-08-19,SKU0020,0,88,22.0,92
2024-08-26,SKU0020,88,61,22.0,92
2024-09-02,SKU0020,60,61,22.0,92
2024-09-09,SKU0020,30,61,22.0,92
2024-09-16,SKU0020,64,64,22.0,92
2024-09-23,SKU0020,35,64,22.0,92
2024-09-30,SKU0020,8,122,22.0,92
2024-10-07,SKU0020,32,117,22.0,92
2024-10-14,SKU0020,0,117,22.0,92
2024-10-21,SKU0020,13,59,22.0,92
2024-10-28,SKU0020,0,149,22.0,92
2024-11-04,SKU0020,30,90,22.0,92
2024-11-11,SKU0020,0,149,22.0,92
2024-11-18,SKU0020,83,59,22.0,92
2024-11-25,SKU0020,37,59,22.0,92
2024-12-02,SKU0020,48,73,22.0,92
2024-12-09,SKU0020,0,131,22.0,92
2024-12-16,SKU0020,0,131,22.0,92
2024-12-23,SKU0020,35,58,22.0,92
2024-12-30,SKU0020,40,102,22.0,92
2025-01-06,SKU0020,0,102,22.0,92
2025-01-13,SKU0020,0,102,22.0,92
2025-01-20,SKU0020,91,58,22.0,92
2025-01-27,SKU0020,45,58,22.0,92
2025-02-03,SKU0020,1,120,22.0,92
2025-02-10,SKU0020,0,120,22.0,92
2025-02-17,SKU0020,16,125,22.0,92
2025-02-24,SKU0020,45,63,22.0,92
2025-03-03,SKU0020,9,63,22.0,92
2025-03-10,SKU0020,57,84,22.0,92
2025-03-17,SKU0020,20,84,22.0,92
2025-03-24,SKU0020,0,149,22.0,92
2025-03-31,SKU0020,63,65,22.0,92
2025-04-07,SKU0020,30,65,22.0,92
2025-04-14,SKU0020,7,128,22.0,92
2025-04-21,SKU0020,33,63,22.0,92
2025-04-28,SKU0020,16,124,22.0,92
2025-05-05,SKU0020,49,61,22.0,92
2025-05-12,SKU0020,17,121,22.0,92
2025-05-19,SKU0020,42,60,22.0,92
2025-05-26,SKU0020,17,60,22.0,92
2025-06-02,SKU0020,54,87,22.0,92
2025-06-09,SKU0020,28,87,22.0,92
2025-06-16,SKU0020,6,87,22.0,92
2025-06-23,SKU0020,77,62,22.0,92
2025-06-30,SKU0020,46,62,22.0,92
2025-07-07,SKU0020,22,120,22.0,92
2025-07-14,SKU0020,51,58,22.0,92
2025-07-21,SKU0020,23,116,22.0,92
2025-07-28,SKU0020,56,58,22.0,92
2025-08-04,SKU0020,10,58,22.0,92
2025-08-11,SKU0020,49,89,22.0,92
2025-08-18,SKU0020,14,89,22.0,92
2025-08-25,SKU0020,0,148,22.0,92
2025-09-01,SKU0020,68,59,22.0,92
2025-09-08,SKU0020,39,59,22.0,92
2025-09-15,SKU0020,74,0,22.0,92
2025-09-22,SKU0020,45,89,22.0,92
2025-09-29,SKU0020,24,89,22.0,92
2025-10-06,SKU0020,0,89,22.0,92
2025-10-13,SKU0020,69,60,22.0,92
2025-10-20,SKU0020,15,134,22.0,92
2025-10-27,SKU0020,0,134,22.0,92
2025-11-03,SKU0020,25,74,22.0,92
2025-11-10,SKU0020,0,134,22.0,92
2025-11-17,SKU0020,34,60,22.0,92
2025-11-24,SKU0020,0,141,22.0,92
2025-12-01,SKU0020,1,81,22.0,92
2025-12-08,SKU0020,0,149,22.0,92
2025-12-15,SKU0020,74,68,22.0,92
2025-12-22,SKU0020,34,68,22.0,92
2025-12-29,SKU0020,60,0,22.0,92
2024-01-01,SKU0021,450,0,26.0,440
2024-01-08,SKU0021,334,244,26.0,440
2024-01-15,SKU0021,219,244,26.0,440
2024-01-22,SKU0021,104,491,26.0,440
2024-01-29,SKU0021,233,247,26.0,440
2024-02-05,SKU0021,118,510,26.0,440
2024-02-12,SKU0021,250,263,26.0,440
2024-02-19,SKU0021,135,263,26.0,440
2024-02-26,SKU0021,20,592,26.0,440
2024-03-04,SKU0021,168,329,26.0,440
2024-03-11,SKU0021,52,592,26.0,440
2024-03-18,SKU0021,0,592,26.0,440
2024-03-25,SKU0021,214,263,26.0,440
2024-04-01,SKU0021,99,529,26.0,440
2024-04-08,SKU0021,247,266,26.0,440
2024-04-15,SKU0021,132,266,26.0,440
2024-04-22,SKU0021,16,611,26.0,440
2024-04-29,SKU0021,167,345,26.0,440
2024-05-06,SKU0021,52,592,26.0,440
2024-05-13,SKU0021,0,592,26.0,440
2024-05-20,SKU0021,246,247,26.0,440
2024-05-27,SKU0021,131,546,26.0,440
2024-06-03,SKU0021,263,299,26.0,440
2024-06-10,SKU0021,148,299,26.0,440
2024-06-17,SKU0021,33,545,26.0,440
2024-06-24,SKU0021,250,246,26.0,440
2024-07-01,SKU0021,135,510,26.0,440
2024-07-08,SKU0021,265,264,26.0,440
2024-07-15,SKU0021,137,540,26.0,440
2024-07-22,SKU0021,43,540,26.0,440
2024-07-29,SKU0021,210,276,26.0,440
2024-08-05,SKU0021,52,546,26.0,440
2024-08-12,SKU0021,220,270,26.0,440
2024-08-19,SKU0021,145,270,26.0,440
2024-08-26,SKU0021,58,619,26.0,440
2024-09-02,SKU0021,232,349,26.0,440
2024-09-09,SKU0021,146,349,26.0,440
2024-09-16,SKU0021,56,621,26.0,440
2024-09-23,SKU0021,294,272,26.0,440
2024-09-30,SKU0021,218,272,26.0,440
2024-10-07,SKU0021,119,515,26.0,440
2024-10-14,SKU0021,293,243,26.0,440
2024-10-21,SKU0021,95,243,26.0,440
2024-10-28,SKU0021,0,620,26.0,440
2024-11-04,SKU0021,116,377,26.0,440
2024-11-11,SKU0021,0,661,26.0,440
2024-11-18,SKU0021,333,284,26.0,440
2024-11-25,SKU0021,206,284,26.0,440
2024-12-02,SKU0021,16,568,26.0,440
2024-12-09,SKU0021,216,284,26.0,440
2024-12-16,SKU0021,75,579,26.0,440
2024-12-23,SKU0021,0,579,26.0,440
2024-12-30,SKU0021,181,295,26.0,440
2025-01-06,SKU0021,0,570,26.0,440
2025-01-13,SKU0021,214,275,26.0,440
2025-01-20,SKU0021,121,556,26.0,440
2025-01-27,SKU0021,0,556,26.0,440
2025-02-03,SKU0021,149,281,26.0,440
2025-02-10,SKU0021,25,540,26.0,440
2025-02-17,SKU0021,221,259,26.0,440
2025-02-24,SKU0021,100,516,26.0,440
2025-03-03,SKU0021,272,257,26.0,440
2025-03-10,SKU0021,187,257,26.0,440
2025-03-17,SKU0021,73,505,26.0,440
2025-03-24,SKU0021,258,248,26.0,440
2025-03-31,SKU0021,153,514,26.0,440
2025-04-07,SKU0021,320,266,26.0,440
2025-04-14,SKU0021,233,266,26.0,440
2025-04-21,SKU0021,142,535,26.0,440
2025-04-28,SKU0021,318,269,26.0,440
2025-05-05,SKU0021,209,269,26.0,440
2025-05-12,SKU0021,111,269,26.0,440
2025-05-19,SKU0021,286,350,26.0,440
2025-05-26,SKU0021,199,350,26.0,440
2025-06-02,SKU0021,131,350,26.0,440
2025-06-09,SKU0021,25,605,26.0,440
2025-06-16,SKU0021,271,255,26.0,440
2025-06-23,SKU0021,175,502,26.0,440
2025-06-30,SKU0021,109,502,26.0,440
2025-07-07,SKU0021,286,247,26.0,440
2025-07-14,SKU0021,187,247,26.0,440
2025-07-21,SKU0021,327,286,26.0,440
2025-07-28,SKU0021,226,286,26.0,440
2025-08-04,SKU0021,85,541,26.0,440
2025-08-11,SKU0021,0,541,26.0,440
2025-08-18,SKU0021,191,255,26.0,440
2025-08-25,SKU0021,122,504,26.0,440
2025-09-01,SKU0021,317,249,26.0,440
2025-09-08,SKU0021,228,249,26.0,440
2025-09-15,SKU0021,368,256,26.0,440
2025-09-22,SKU0021,281,256,26.0,440
2025-09-29,SKU0021,184,256,26.0,440
2025-10-06,SKU0021,66,256,26.0,440
2025-10-13,SKU0021,220,388,26.0,440
2025-10-20,SKU0021,6,634,26.0,440
2025-10-27,SKU0021,0,634,26.0,440
2025-11-03,SKU0021,0,634,26.0,440
2025-11-10,SKU0021,292,246,26.0,440
2025-11-17,SKU0021,420,257,26.0,440
2025-11-24,SKU0021,304,257,26.0,440
2025-12-01,SKU0021,113,257,26.0,440
2025-12-08,SKU0021,0,591,26.0,440
2025-12-15,SKU0021,208,334,26.0,440
2025-12-22,SKU0021,80,597,26.0,440
2025-12-29,SKU0021,307,263,26.0,440
2024-01-01,SKU0022,1348,0,14.0,775
2024-01-08,SKU0022,1032,0,14.0,775
2024-01-15,SKU0022,716,714,14.0,775
2024-01-22,SKU0022,401,714,14.0,775
2024-01-29,SKU0022,799,0,14.0,775
2024-02-05,SKU0022,483,812,14.0,775
2024-02-12,SKU0022,158,812,14.0,775
2024-02-19,SKU0022,649,780,14.0,775
2024-02-26,SKU0022,356,780,14.0,775
2024-03-04,SKU0022,872,0,14.0,775
2024-03-11,SKU0022,657,726,14.0,775
2024-03-18,SKU0022,380,726,14.0,775
2024-03-25,SKU0022,837,0,14.0,775
2024-04-01,SKU0022,559,772,14.0,775
2024-04-08,SKU0022,251,772,14.0,775
2024-04-15,SKU0022,686,0,14.0,775
2024-04-22,SKU0022,387,966,14.0,775
2024-04-29,SKU0022,105,966,14.0,775
2024-05-06,SKU0022,834,0,14.0,775
2024-05-13,SKU0022,528,0,14.0,775
2024-05-20,SKU0022,181,1180,14.0,775
2024-05-27,SKU0022,0,1180,14.0,775
2024-06-03,SKU0022,1078,0,14.0,775
2024-06-10,SKU0022,827,0,14.0,775
2024-06-17,SKU0022,631,791,14.0,775
2024-06-24,SKU0022,342,791,14.0,775
2024-07-01,SKU0022,881,0,14.0,775
2024-07-08,SKU0022,622,809,14.0,775
2024-07-15,SKU0022,439,809,14.0,775
2024-07-22,SKU0022,987,0,14.0,775
2024-07-29,SKU0022,764,0,14.0,775
2024-08-05,SKU0022,384,934,14.0,775
2024-08-12,SKU0022,0,934,14.0,775
2024-08-19,SKU0022,799,0,14.0,775
2024-08-26,SKU0022,479,729,14.0,775
2024-09-02,SKU0022,226,729,14.0,775
2024-09-09,SKU0022,647,744,14.0,775
2024-09-16,SKU0022,399,744,14.0,775
2024-09-23,SKU0022,943,0,14.0,775
2024-09-30,SKU0022,694,744,14.0,775
2024-10-07,SKU0022,347,744,14.0,775
2024-10-14,SKU0022,812,0,14.0,775
2024-10-21,SKU0022,203,831,14.0,775
2024-10-28,SKU0022,0,831,14.0,775
2024-11-04,SKU0022,500,871,14.0,775
2024-11-11,SKU0022,177,871,14.0,775
2024-11-18,SKU0022,656,731,14.0,775
2024-11-25,SKU0022,296,731,14.0,775
2024-12-02,SKU0022,545,745,14.0,775
2024-12-09,SKU0022,161,745,14.0,775
2024-12-16,SKU0022,492,0,14.0,775
2024-12-23,SKU0022,43,1252,14.0,775
2024-12-30,SKU0022,0,1252,14.0,775
2025-01-06,SKU0022,873,0,14.0,775
2025-01-13,SKU0022,390,990,14.0,775
2025-01-20,SKU0022,98,990,14.0,775
2025-01-27,SKU0022,840,0,14.0,775
2025-02-03,SKU0022,473,713,14.0,775
2025-02-10,SKU0022,171,713,14.0,775
2025-02-17,SKU0022,582,750,14.0,775
2025-02-24,SKU0022,267,750,14.0,775
2025-03-03,SKU0022,709,745,14.0,775
2025-03-10,SKU0022,482,745,14.0,775
2025-03-17,SKU0022,942,0,14.0,775
2025-03-24,SKU0022,631,746,14.0,775
2025-03-31,SKU0022,317,746,14.0,775
2025-04-07,SKU0022,771,705,14.0,775
2025-04-14,SKU0022,451,705,14.0,775
2025-04-21,SKU0022,908,0,14.0,775
2025-04-28,SKU0022,722,709,14.0,775
2025-05-05,SKU0022,467,709,14.0,775
2025-05-12,SKU0022,916,0,14.0,775
2025-05-19,SKU0022,689,705,14.0,775
2025-05-26,SKU0022,445,705,14.0,775
2025-06-02,SKU0022,907,0,14.0,775
2025-06-09,SKU0022,650,761,14.0,775
2025-06-16,SKU0022,316,761,14.0,775
2025-06-23,SKU0022,768,708,14.0,775
2025-06-30,SKU0022,540,708,14.0,775
2025-07-07,SKU0022,987,0,14.0,775
2025-07-14,SKU0022,765,0,14.0,775
2025-07-21,SKU0022,598,711,14.0,775
2025-07-28,SKU0022,349,711,14.0,775
2025-08-04,SKU0022,669,746,14.0,775
2025-08-11,SKU0022,254,746,14.0,775
2025-08-18,SKU0022,734,0,14.0,775
2025-08-25,SKU0022,485,816,14.0,775
2025-09-01,SKU0022,338,816,14.0,775
2025-09-08,SKU0022,880,0,14.0,775
2025-09-15,SKU0022,638,729,14.0,775
2025-09-22,SKU0022,345,729,14.0,775
2025-09-29,SKU0022,860,0,14.0,775
2025-10-06,SKU0022,580,706,14.0,775
2025-10-13,SKU0022,212,706,14.0,775
2025-10-20,SKU0022,339,750,14.0,775
2025-10-27,SKU0022,0,750,14.0,775
2025-11-03,SKU0022,524,726,14.0,775
2025-11-10,SKU0022,193,726,14.0,775
2025-11-17,SKU0022,532,748,14.0,775
2025-11-24,SKU0022,168,748,14.0,775
2025-12-01,SKU0022,412,728,14.0,775
2025-12-08,SKU0022,0,1436,14.0,775
2025-12-15,SKU0022,495,708,14.0,775
2025-12-22,SKU0022,887,0,14.0,775
2025-12-29,SKU0022,452,855,14.0,775
2024-01-01,SKU0023,757,0,16.0,869
2024-01-08,SKU0023,461,940,16.0,869
2024-01-15,SKU0023,166,940,16.0,869
2024-01-22,SKU0023,813,0,16.0,869
2024-01-29,SKU0023,518,0,16.0,869
2024-02-05,SKU0023,223,1094,16.0,869
2024-02-12,SKU0023,0,1094,16.0,869
2024-02-19,SKU0023,883,0,16.0,869
2024-02-26,SKU0023,588,0,16.0,869
2024-03-04,SKU0023,292,1025,16.0,869
2024-03-11,SKU0023,0,1025,16.0,869
2024-03-18,SKU0023,814,756,16.0,869
2024-03-25,SKU0023,519,756,16.0,869
2024-04-01,SKU0023,264,756,16.0,869
2024-04-08,SKU0023,737,0,16.0,869
2024-04-15,SKU0023,467,882,16.0,869
2024-04-22,SKU0023,259,882,16.0,869
2024-04-29,SKU0023,829,0,16.0,869
2024-05-06,SKU0023,537,851,16.0,869
2024-05-13,SKU0023,278,851,16.0,869
2024-05-20,SKU0023,895,0,16.0,869
2024-05-27,SKU0023,683,717,16.0,869
2024-06-03,SKU0023,427,717,16.0,869
2024-06-10,SKU0023,906,0,16.0,869
2024-06-17,SKU0023,632,718,16.0,869
2024-06-24,SKU0023,425,718,16.0,869
2024-07-01,SKU0023,842,0,16.0,869
2024-07-08,SKU0023,569,823,16.0,869
2024-07-15,SKU0023,373,823,16.0,869
2024-07-22,SKU0023,990,0,16.0,869
2024-07-29,SKU0023,761,0,16.0,869
2024-08-05,SKU0023,371,843,16.0,869
2024-08-12,SKU0023,32,843,16.0,869
2024-08-19,SKU0023,697,873,16.0,869
2024-08-26,SKU0023,517,873,16.0,869
2024-09-02,SKU0023,285,873,16.0,869
2024-09-09,SKU0023,931,0,16.0,869
2024-09-16,SKU0023,727,705,16.0,869
2024-09-23,SKU0023,523,705,16.0,869
2024-09-30,SKU0023,1007,0,16.0,869
2024-10-07,SKU0023,686,848,16.0,869
2024-10-14,SKU0023,426,848,16.0,869
2024-10-21,SKU0023,0,1570,16.0,869
2024-10-28,SKU0023,477,722,16.0,869
2024-11-04,SKU0023,141,722,16.0,869
2024-11-11,SKU0023,585,903,16.0,869
2024-11-18,SKU0023,255,903,16.0,869
2024-11-25,SKU0023,831,0,16.0,869
2024-12-02,SKU0023,314,1099,16.0,869
2024-12-09,SKU0023,0,1099,16.0,869
2024-12-16,SKU0023,1013,0,16.0,869
2024-12-23,SKU0023,441,722,16.0,869
2024-12-30,SKU0023,73,722,16.0,869
2025-01-06,SKU0023,417,825,16.0,869
2025-01-13,SKU0023,0,1570,16.0,869
2025-01-20,SKU0023,585,745,16.0,869
2025-01-27,SKU0023,228,745,16.0,869
2025-02-03,SKU0023,648,0,16.0,869
2025-02-10,SKU0023,364,955,16.0,869
2025-02-17,SKU0023,11,955,16.0,869
2025-02-24,SKU0023,730,777,16.0,869
2025-03-03,SKU0023,490,777,16.0,869
2025-03-10,SKU0023,247,777,16.0,869
2025-03-17,SKU0023,756,814,16.0,869
2025-03-24,SKU0023,518,814,16.0,869
2025-03-31,SKU0023,284,814,16.0,869
2025-04-07,SKU0023,860,0,16.0,869
2025-04-14,SKU0023,557,814,16.0,869
2025-04-21,SKU0023,346,814,16.0,869
2025-04-28,SKU0023,951,0,16.0,869
2025-05-05,SKU0023,728,0,16.0,869
2025-05-12,SKU0023,454,885,16.0,869
2025-05-19,SKU0023,225,885,16.0,869
2025-05-26,SKU0023,872,0,16.0,869
2025-06-02,SKU0023,680,779,16.0,869
2025-06-09,SKU0023,390,779,16.0,869
2025-06-16,SKU0023,994,0,16.0,869
2025-06-23,SKU0023,749,767,16.0,869
2025-06-30,SKU0023,489,767,16.0,869
2025-07-07,SKU0023,1042,0,16.0,869
2025-07-14,SKU0023,807,711,16.0,869
2025-07-21,SKU0023,555,711,16.0,869
2025-07-28,SKU0023,1002,0,16.0,869
2025-08-04,SKU0023,599,0,16.0,869
2025-08-11,SKU0023,231,1339,16.0,869
2025-08-18,SKU0023,0,1339,16.0,869
2025-08-25,SKU0023,0,1339,16.0,869
2025-09-01,SKU0023,1159,0,16.0,869
2025-09-08,SKU0023,940,0,16.0,869
2025-09-15,SKU0023,705,834,16.0,869
2025-09-22,SKU0023,508,834,16.0,869
2025-09-29,SKU0023,299,834,16.0,869
2025-10-06,SKU0023,833,0,16.0,869
2025-10-13,SKU0023,514,872,16.0,869
2025-10-20,SKU0023,0,872,16.0,869
2025-10-27,SKU0023,719,851,16.0,869
2025-11-03,SKU0023,434,851,16.0,869
2025-11-10,SKU0023,108,851,16.0,869
2025-11-17,SKU0023,637,0,16.0,869
2025-11-24,SKU0023,345,1078,16.0,869
2025-12-01,SKU0023,0,1078,16.0,869
2025-12-08,SKU0023,1001,0,16.0,869
2025-12-15,SKU0023,656,710,16.0,869
2025-12-22,SKU0023,305,710,16.0,869
2025-12-29,SKU0023,708,0,16.0,869
2024-01-01,SKU0024,212,261,16.0,262
2024-01-08,SKU0024,0,473,16.0,262
2024-01-15,SKU0024,0,473,16.0,262
2024-01-22,SKU0024,0,212,16.0,262
2024-01-29,SKU0024,0,473,16.0,262
2024-02-05,SKU0024,0,473,16.0,262
2024-02-12,SKU0024,32,441,16.0,262
2024-02-19,SKU0024,0,229,16.0,262
2024-02-26,SKU0024,0,473,16.0,262
2024-03-04,SKU0024,0,473,16.0,262
2024-03-11,SKU0024,15,229,16.0,262
2024-03-18,SKU0024,0,473,16.0,262
2024-03-25,SKU0024,0,473,16.0,262
2024-04-01,SKU0024,15,458,16.0,262
2024-04-08,SKU0024,183,229,16.0,262
2024-04-15,SKU0024,0,473,16.0,262
2024-04-22,SKU0024,0,473,16.0,262
2024-04-29,SKU0024,198,229,16.0,262
2024-05-06,SKU0024,0,458,16.0,262
2024-05-13,SKU0024,0,473,16.0,262
2024-05-20,SKU0024,137,244,16.0,262
2024-05-27,SKU0024,0,473,16.0,262
2024-06-03,SKU0024,0,458,16.0,262
2024-06-10,SKU0024,137,229,16.0,262
2024-06-17,SKU0024,0,473,16.0,262
2024-06-24,SKU0024,0,473,16.0,262
2024-07-01,SKU0024,152,229,16.0,262
2024-07-08,SKU0024,0,473,16.0,262
2024-07-15,SKU0024,0,473,16.0,262
2024-07-22,SKU0024,152,229,16.0,262
2024-07-29,SKU0024,183,229,16.0,262
2024-08-05,SKU0024,0,473,16.0,262
2024-08-12,SKU0024,91,244,16.0,262
2024-08-19,SKU0024,0,473,16.0,262
2024-08-26,SKU0024,0,458,16.0,262
2024-09-02,SKU0024,45,229,16.0,262
2024-09-09,SKU0024,183,244,16.0,262
2024-09-16,SKU0024,0,473,16.0,262
2024-09-23,SKU0024,60,229,16.0,262
2024-09-30,SKU0024,0,473,16.0,262
2024-10-07,SKU0024,0,473,16.0,262
2024-10-14,SKU0024,96,229,16.0,262
2024-10-21,SKU0024,156,244,16.0,262
2024-10-28,SKU0024,0,473,16.0,262
2024-11-04,SKU0024,84,229,16.0,262
2024-11-11,SKU0024,70,244,16.0,262
2024-11-18,SKU0024,0,473,16.0,262
2024-11-25,SKU0024,140,229,16.0,262
2024-12-02,SKU0024,95,244,16.0,262
2024-12-09,SKU0024,0,473,16.0,262
2024-12-16,SKU0024,0,229,16.0,262
2024-12-23,SKU0024,0,473,16.0,262
2024-12-30,SKU0024,0,473,16.0,262
2025-01-06,SKU0024,0,229,16.0,262
2025-01-13,SKU0024,0,339,16.0,262
2025-01-20,SKU0024,0,339,16.0,262
2025-01-27,SKU0024,255,218,16.0,262
2025-02-03,SKU0024,0,473,16.0,262
2025-02-10,SKU0024,0,473,16.0,262
2025-02-17,SKU0024,38,255,16.0,262
2025-02-24,SKU0024,0,237,16.0,262
2025-03-03,SKU0024,0,473,16.0,262
2025-03-10,SKU0024,0,469,16.0,262
2025-03-17,SKU0024,0,473,16.0,262
2025-03-24,SKU0024,0,473,16.0,262
2025-03-31,SKU0024,0,240,16.0,262
2025-04-07,SKU0024,0,473,16.0,262
2025-04-14,SKU0024,0,473,16.0,262
2025-04-21,SKU0024,141,225,16.0,262
2025-04-28,SKU0024,11,338,16.0,262
2025-05-05,SKU0024,0,338,16.0,262
2025-05-12,SKU0024,330,0,16.0,262
2025-05-19,SKU0024,94,236,16.0,262
2025-05-26,SKU0024,0,473,16.0,262
2025-06-02,SKU0024,112,237,16.0,262
2025-06-09,SKU0024,152,245,16.0,262
2025-06-16,SKU0024,0,473,16.0,262
2025-06-23,SKU0024,225,228,16.0,262
2025-06-30,SKU0024,203,245,16.0,262
2025-07-07,SKU0024,0,473,16.0,262
2025-07-14,SKU0024,0,473,16.0,262
2025-07-21,SKU0024,14,459,16.0,262
2025-07-28,SKU0024,0,231,16.0,262
2025-08-04,SKU0024,0,473,16.0,262
2025-08-11,SKU0024,0,473,16.0,262
2025-08-18,SKU0024,51,231,16.0,262
2025-08-25,SKU0024,0,473,16.0,262
2025-09-01,SKU0024,0,473,16.0,262
2025-09-08,SKU0024,1,231,16.0,262
2025-09-15,SKU0024,231,242,16.0,262
2025-09-22,SKU0024,0,472,16.0,262
2025-09-29,SKU0024,95,230,16.0,262
2025-10-06,SKU0024,0,473,16.0,262
2025-10-13,SKU0024,0,473,16.0,262
2025-10-20,SKU0024,0,473,16.0,262
2025-10-27,SKU0024,0,473,16.0,262
2025-11-03,SKU0024,0,473,16.0,262
2025-11-10,SKU0024,3,230,16.0,262
2025-11-17,SKU0024,165,243,16.0,262
2025-11-24,SKU0024,0,473,16.0,262
2025-12-01,SKU0024,7,230,16.0,262
2025-12-08,SKU0024,83,243,16.0,262
2025-12-15,SKU0024,0,473,16.0,262
2025-12-22,SKU0024,115,230,16.0,262
2025-12-29,SKU0024,69,246,16.0,262
2024-01-01,SKU0025,1160,0,18.0,704
2024-01-08,SKU0025,848,0,18.0,704
2024-01-15,SKU0025,535,548,18.0,704
2024-01-22,SKU0025,222,548,18.0,704
2024-01-29,SKU0025,0,1084,18.0,704
2024-02-05,SKU0025,235,536,18.0,704
2024-02-12,SKU0025,458,580,18.0,704
2024-02-19,SKU0025,146,580,18.0,704
2024-02-26,SKU0025,535,536,18.0,704
2024-03-04,SKU0025,223,536,18.0,704
2024-03-11,SKU0025,446,548,18.0,704
2024-03-18,SKU0025,165,548,18.0,704
2024-03-25,SKU0025,425,544,18.0,704
2024-04-01,SKU0025,168,544,18.0,704
2024-04-08,SKU0025,486,524,18.0,704
2024-04-15,SKU0025,212,524,18.0,704
2024-04-22,SKU0025,480,542,18.0,704
2024-04-29,SKU0025,271,542,18.0,704
2024-05-06,SKU0025,506,532,18.0,704
2024-05-13,SKU0025,244,532,18.0,704
2024-05-20,SKU0025,0,1053,18.0,704
2024-05-27,SKU0025,352,521,18.0,704
2024-06-03,SKU0025,599,522,18.0,704
2024-06-10,SKU0025,367,522,18.0,704
2024-06-17,SKU0025,68,1059,18.0,704
2024-06-24,SKU0025,316,537,18.0,704
2024-07-01,SKU0025,91,1082,18.0,704
2024-07-08,SKU0025,403,545,18.0,704
2024-07-15,SKU0025,156,1061,18.0,704
2024-07-22,SKU0025,482,516,18.0,704
2024-07-29,SKU0025,198,516,18.0,704
2024-08-05,SKU0025,332,526,18.0,704
2024-08-12,SKU0025,0,1079,18.0,704
2024-08-19,SKU0025,393,553,18.0,704
2024-08-26,SKU0025,663,516,18.0,704
2024-09-02,SKU0025,431,516,18.0,704
2024-09-09,SKU0025,209,516,18.0,704
2024-09-16,SKU0025,450,556,18.0,704
2024-09-23,SKU0025,195,556,18.0,704
2024-09-30,SKU0025,514,521,18.0,704
2024-10-07,SKU0025,164,1053,18.0,704
2024-10-14,SKU0025,314,532,18.0,704
2024-10-21,SKU0025,0,1075,18.0,704
2024-10-28,SKU0025,321,543,18.0,704
2024-11-04,SKU0025,417,563,18.0,704
2024-11-11,SKU0025,56,1109,18.0,704
2024-11-18,SKU0025,514,546,18.0,704
2024-11-25,SKU0025,147,1070,18.0,704
2024-12-02,SKU0025,69,1055,18.0,704
2024-12-09,SKU0025,0,1055,18.0,704
2024-12-16,SKU0025,240,531,18.0,704
2024-12-23,SKU0025,168,678,18.0,704
2024-12-30,SKU0025,0,1196,18.0,704
2025-01-06,SKU0025,591,518,18.0,704
2025-01-13,SKU0025,612,567,18.0,704
2025-01-20,SKU0025,227,567,18.0,704
2025-01-27,SKU0025,0,1120,18.0,704
2025-02-03,SKU0025,360,553,18.0,704
2025-02-10,SKU0025,605,539,18.0,704
2025-02-17,SKU0025,189,539,18.0,704
2025-02-24,SKU0025,0,1064,18.0,704
2025-03-03,SKU0025,297,525,18.0,704
2025-03-10,SKU0025,584,520,18.0,704
2025-03-17,SKU0025,328,520,18.0,704
2025-03-24,SKU0025,132,1085,18.0,704
2025-03-31,SKU0025,336,565,18.0,704
2025-04-07,SKU0025,144,565,18.0,704
2025-04-14,SKU0025,474,558,18.0,704
2025-04-21,SKU0025,143,1074,18.0,704
2025-04-28,SKU0025,451,516,18.0,704
2025-05-05,SKU0025,212,516,18.0,704
2025-05-12,SKU0025,488,521,18.0,704
2025-05-19,SKU0025,293,521,18.0,704
2025-05-26,SKU0025,558,547,18.0,704
2025-06-02,SKU0025,351,547,18.0,704
2025-06-09,SKU0025,13,1099,18.0,704
2025-06-16,SKU0025,311,552,18.0,704
2025-06-23,SKU0025,38,1097,18.0,704
2025-06-30,SKU0025,393,545,18.0,704
2025-07-07,SKU0025,215,545,18.0,704
2025-07-14,SKU0025,556,547,18.0,704
2025-07-21,SKU0025,274,547,18.0,704
2025-07-28,SKU0025,632,514,18.0,704
2025-08-04,SKU0025,302,514,18.0,704
2025-08-11,SKU0025,0,1056,18.0,704
2025-08-18,SKU0025,241,542,18.0,704
2025-08-25,SKU0025,507,530,18.0,704
2025-09-01,SKU0025,297,530,18.0,704
2025-09-08,SKU0025,599,549,18.0,704
2025-09-15,SKU0025,344,549,18.0,704
2025-09-22,SKU0025,180,549,18.0,704
2025-09-29,SKU0025,449,563,18.0,704
2025-10-06,SKU0025,138,1079,18.0,704
2025-10-13,SKU0025,465,516,18.0,704
2025-10-20,SKU0025,0,1100,18.0,704
2025-10-27,SKU0025,263,584,18.0,704
2025-11-03,SKU0025,0,1122,18.0,704
2025-11-10,SKU0025,358,538,18.0,704
2025-11-17,SKU0025,88,1091,18.0,704
2025-11-24,SKU0025,323,553,18.0,704
2025-12-01,SKU0025,0,1070,18.0,704
2025-12-08,SKU0025,305,517,18.0,704
2025-12-15,SKU0025,496,516,18.0,704
2025-12-22,SKU0025,179,1038,18.0,704
2025-12-29,SKU0025,498,522,18.0,704
2024-01-01,SKU0026,580,0,14.0,412
2024-01-08,SKU0026,378,407,14.0,412
2024-01-15,SKU0026,176,407,14.0,412
2024-01-22,SKU0026,381,375,14.0,412
2024-01-29,SKU0026,179,375,14.0,412
2024-02-05,SKU0026,351,376,14.0,412
2024-02-12,SKU0026,149,376,14.0,412
2024-02-19,SKU0026,323,375,14.0,412
2024-02-26,SKU0026,121,375,14.0,412
2024-03-04,SKU0026,294,376,14.0,412
2024-03-11,SKU0026,92,376,14.0,412
2024-03-18,SKU0026,266,375,14.0,412
2024-03-25,SKU0026,64,375,14.0,412
2024-04-01,SKU0026,236,375,14.0,412
2024-04-08,SKU0026,34,751,14.0,412
2024-04-15,SKU0026,207,376,14.0,412
2024-04-22,SKU0026,400,375,14.0,412
2024-04-29,SKU0026,244,375,14.0,412
2024-05-06,SKU0026,429,0,14.0,412
2024-05-13,SKU0026,273,385,14.0,412
2024-05-20,SKU0026,110,385,14.0,412
2024-05-27,SKU0026,324,394,14.0,412
2024-06-03,SKU0026,205,394,14.0,412
2024-06-10,SKU0026,469,0,14.0,412
2024-06-17,SKU0026,270,384,14.0,412
2024-06-24,SKU0026,126,384,14.0,412
2024-07-01,SKU0026,320,419,14.0,412
2024-07-08,SKU0026,134,419,14.0,412
2024-07-15,SKU0026,374,411,14.0,412
2024-07-22,SKU0026,205,411,14.0,412
2024-07-29,SKU0026,451,0,14.0,412
2024-08-05,SKU0026,173,376,14.0,412
2024-08-12,SKU0026,0,785,14.0,412
2024-08-19,SKU0026,199,409,14.0,412
2024-08-26,SKU0026,421,0,14.0,412
2024-09-02,SKU0026,258,398,14.0,412
2024-09-09,SKU0026,103,398,14.0,412
2024-09-16,SKU0026,330,401,14.0,412
2024-09-23,SKU0026,155,401,14.0,412
2024-09-30,SKU0026,395,390,14.0,412
2024-10-07,SKU0026,130,390,14.0,412
2024-10-14,SKU0026,354,0,14.0,412
2024-10-21,SKU0026,20,479,14.0,412
2024-10-28,SKU0026,0,479,14.0,412
2024-11-04,SKU0026,248,395,14.0,412
2024-11-11,SKU0026,47,395,14.0,412
2024-11-18,SKU0026,286,385,14.0,412
2024-11-25,SKU0026,50,385,14.0,412
2024-12-02,SKU0026,109,442,14.0,412
2024-12-09,SKU0026,0,442,14.0,412
2024-12-16,SKU0026,218,402,14.0,412
2024-12-23,SKU0026,0,785,14.0,412
2024-12-30,SKU0026,213,383,14.0,412
2025-01-06,SKU0026,282,0,14.0,412
2025-01-13,SKU0026,0,636,14.0,412
2025-01-20,SKU0026,0,636,14.0,412
2025-01-27,SKU0026,463,0,14.0,412
2025-02-03,SKU0026,271,391,14.0,412
2025-02-10,SKU0026,38,391,14.0,412
2025-02-17,SKU0026,262,394,14.0,412
2025-02-24,SKU0026,80,394,14.0,412
2025-03-03,SKU0026,225,402,14.0,412
2025-03-10,SKU0026,44,402,14.0,412
2025-03-17,SKU0026,302,380,14.0,412
2025-03-24,SKU0026,134,380,14.0,412
2025-03-31,SKU0026,377,387,14.0,412
2025-04-07,SKU0026,215,387,14.0,412
2025-04-14,SKU0026,426,0,14.0,412
2025-04-21,SKU0026,269,395,14.0,412
2025-04-28,SKU0026,142,395,14.0,412
2025-05-05,SKU0026,360,412,14.0,412
2025-05-12,SKU0026,204,412,14.0,412
2025-05-19,SKU0026,402,383,14.0,412
2025-05-26,SKU0026,255,383,14.0,412
2025-06-02,SKU0026,454,0,14.0,412
2025-06-09,SKU0026,316,461,14.0,412
2025-06-16,SKU0026,144,461,14.0,412
2025-06-23,SKU0026,448,0,14.0,412
2025-06-30,SKU0026,290,408,14.0,412
2025-07-07,SKU0026,127,408,14.0,412
2025-07-14,SKU0026,372,395,14.0,412
2025-07-21,SKU0026,191,395,14.0,412
2025-07-28,SKU0026,396,389,14.0,412
2025-08-04,SKU0026,147,389,14.0,412
2025-08-11,SKU0026,375,396,14.0,412
2025-08-18,SKU0026,175,396,14.0,412
2025-08-25,SKU0026,467,0,14.0,412
2025-09-01,SKU0026,316,421,14.0,412
2025-09-08,SKU0026,146,421,14.0,412
2025-09-15,SKU0026,439,0,14.0,412
2025-09-22,SKU0026,265,421,14.0,412
2025-09-29,SKU0026,84,421,14.0,412
2025-10-06,SKU0026,305,395,14.0,412
2025-10-13,SKU0026,82,395,14.0,412
2025-10-20,SKU0026,141,374,14.0,412
2025-10-27,SKU0026,0,785,14.0,412
2025-11-03,SKU0026,217,411,14.0,412
2025-11-10,SKU0026,450,0,14.0,412
2025-11-17,SKU0026,245,387,14.0,412
2025-11-24,SKU0026,84,387,14.0,412
2025-12-01,SKU0026,103,566,14.0,412
2025-12-08,SKU0026,0,566,14.0,412
2025-12-15,SKU0026,445,0,14.0,412
2025-12-22,SKU0026,206,419,14.0,412
2025-12-29,SKU0026,0,419,14.0,412
2024-01-01,SKU0027,218,0,17.0,164
2024-01-08,SKU0027,158,132,17.0,164
2024-01-15,SKU0027,97,132,17.0,164
2024-01-22,SKU0027,37,132,17.0,164
2024-01-29,SKU0027,108,130,17.0,164
2024-02-05,SKU0027,48,130,17.0,164
2024-02-12,SKU0027,117,138,17.0,164
2024-02-19,SKU0027,57,138,17.0,164
2024-02-26,SKU0027,134,138,17.0,164
2024-03-04,SKU0027,74,138,17.0,164
2024-03-11,SKU0027,13,268,17.0,164
2024-03-18,SKU0027,91,130,17.0,164
2024-03-25,SKU0027,30,130,17.0,164
2024-04-01,SKU0027,100,147,17.0,164
2024-04-08,SKU0027,40,147,17.0,164
2024-04-15,SKU0027,126,129,17.0,164
2024-04-22,SKU0027,66,129,17.0,164
2024-04-29,SKU0027,134,130,17.0,164
2024-05-06,SKU0027,74,130,17.0,164
2024-05-13,SKU0027,143,130,17.0,164
2024-05-20,SKU0027,83,130,17.0,164
2024-05-27,SKU0027,22,259,17.0,164
2024-06-03,SKU0027,92,129,17.0,164
2024-06-10,SKU0027,31,129,17.0,164
2024-06-17,SKU0027,100,139,17.0,164
2024-06-24,SKU0027,39,139,17.0,164
2024-07-01,SKU0027,118,129,17.0,164
2024-07-08,SKU0027,57,129,17.0,164
2024-07-15,SKU0027,126,130,17.0,164
2024-07-22,SKU0027,65,130,17.0,164
2024-07-29,SKU0027,135,129,17.0,164
2024-08-05,SKU0027,74,129,17.0,164
2024-08-12,SKU0027,143,130,17.0,164
2024-08-19,SKU0027,82,130,17.0,164
2024-08-26,SKU0027,22,260,17.0,164
2024-09-02,SKU0027,91,130,17.0,164
2024-09-09,SKU0027,31,130,17.0,164
2024-09-16,SKU0027,100,138,17.0,164
2024-09-23,SKU0027,40,138,17.0,164
2024-09-30,SKU0027,117,138,17.0,164
2024-10-07,SKU0027,57,138,17.0,164
2024-10-14,SKU0027,134,138,17.0,164
2024-10-21,SKU0027,74,138,17.0,164
2024-10-28,SKU0027,13,138,17.0,164
2024-11-04,SKU0027,91,147,17.0,164
2024-11-11,SKU0027,30,147,17.0,164
2024-11-18,SKU0027,117,130,17.0,164
2024-11-25,SKU0027,56,130,17.0,164
2024-12-02,SKU0027,126,130,17.0,164
2024-12-09,SKU0027,65,130,17.0,164
2024-12-16,SKU0027,114,133,17.0,164
2024-12-23,SKU0027,0,264,17.0,164
2024-12-30,SKU0027,121,131,17.0,164
2025-01-06,SKU0027,39,131,17.0,164
2025-01-13,SKU0027,64,137,17.0,164
2025-01-20,SKU0027,7,273,17.0,164
2025-01-27,SKU0027,96,136,17.0,164
2025-02-03,SKU0027,27,263,17.0,164
2025-02-10,SKU0027,103,127,17.0,164
2025-02-17,SKU0027,29,127,17.0,164
2025-02-24,SKU0027,95,153,17.0,164
2025-03-03,SKU0027,29,153,17.0,164
2025-03-10,SKU0027,140,134,17.0,164
2025-03-17,SKU0027,92,134,17.0,164
2025-03-24,SKU0027,181,0,17.0,164
2025-03-31,SKU0027,138,130,17.0,164
2025-04-07,SKU0027,96,130,17.0,164
2025-04-14,SKU0027,180,0,17.0,164
2025-04-21,SKU0027,143,127,17.0,164
2025-04-28,SKU0027,90,127,17.0,164
2025-05-05,SKU0027,165,0,17.0,164
2025-05-12,SKU0027,108,130,17.0,164
2025-05-19,SKU0027,58,130,17.0,164
2025-05-26,SKU0027,152,127,17.0,164
2025-06-02,SKU0027,110,127,17.0,164
2025-06-09,SKU0027,65,127,17.0,164
2025-06-16,SKU0027,145,141,17.0,164
2025-06-23,SKU0027,95,141,17.0,164
2025-06-30,SKU0027,40,141,17.0,164
2025-07-07,SKU0027,137,130,17.0,164
2025-07-14,SKU0027,86,130,17.0,164
2025-07-21,SKU0027,171,0,17.0,164
2025-07-28,SKU0027,122,132,17.0,164
2025-08-04,SKU0027,46,132,17.0,164
2025-08-11,SKU0027,103,128,17.0,164
2025-08-18,SKU0027,57,128,17.0,164
2025-08-25,SKU0027,124,127,17.0,164
2025-09-01,SKU0027,71,127,17.0,164
2025-09-08,SKU0027,150,140,17.0,164
2025-09-15,SKU0027,96,140,17.0,164
2025-09-22,SKU0027,40,140,17.0,164
2025-09-29,SKU0027,133,133,17.0,164
2025-10-06,SKU0027,76,133,17.0,164
2025-10-13,SKU0027,157,128,17.0,164
2025-10-20,SKU0027,45,128,17.0,164
2025-10-27,SKU0027,0,260,17.0,164
2025-11-03,SKU0027,81,132,17.0,164
2025-11-10,SKU0027,145,127,17.0,164
2025-11-17,SKU0027,82,127,17.0,164
2025-11-24,SKU0027,28,258,17.0,164
2025-12-01,SKU0027,60,131,17.0,164
2025-12-08,SKU0027,0,258,17.0,164
2025-12-15,SKU0027,83,127,17.0,164
2025-12-22,SKU0027,147,134,17.0,164
2025-12-29,SKU0027,91,134,17.0,164
2024-01-01,SKU0028,833,851,15.0,909
2024-01-08,SKU0028,522,851,15.0,909
2024-01-15,SKU0028,212,851,15.0,909
2024-01-22,SKU0028,752,799,15.0,909
2024-01-29,SKU0028,442,799,15.0,909
2024-02-05,SKU0028,931,0,15.0,909
2024-02-12,SKU0028,620,886,15.0,909
2024-02-19,SKU0028,310,886,15.0,909
2024-02-26,SKU0028,885,799,15.0,909
2024-03-04,SKU0028,575,799,15.0,909
2024-03-11,SKU0028,265,799,15.0,909
2024-03-18,SKU0028,753,798,15.0,909
2024-03-25,SKU0028,443,798,15.0,909
2024-04-01,SKU0028,930,0,15.0,909
2024-04-08,SKU0028,620,798,15.0,909
2024-04-15,SKU0028,309,798,15.0,909
2024-04-22,SKU0028,797,798,15.0,909
2024-04-29,SKU0028,487,798,15.0,909
2024-05-06,SKU0028,974,0,15.0,909
2024-05-13,SKU0028,664,843,15.0,909
2024-05-20,SKU0028,353,843,15.0,909
2024-05-27,SKU0028,886,798,15.0,909
2024-06-03,SKU0028,576,798,15.0,909
2024-06-10,SKU0028,265,798,15.0,909
2024-06-17,SKU0028,753,798,15.0,909
2024-06-24,SKU0028,442,798,15.0,909
2024-07-01,SKU0028,930,0,15.0,909
2024-07-08,SKU0028,619,843,15.0,909
2024-07-15,SKU0028,309,843,15.0,909
2024-07-22,SKU0028,842,798,15.0,909
2024-07-29,SKU0028,531,798,15.0,909
2024-08-05,SKU0028,1019,0,15.0,909
2024-08-12,SKU0028,708,798,15.0,909
2024-08-19,SKU0028,398,798,15.0,909
2024-08-26,SKU0028,886,0,15.0,909
2024-09-02,SKU0028,575,843,15.0,909
2024-09-09,SKU0028,265,843,15.0,909
2024-09-16,SKU0028,797,798,15.0,909
2024-09-23,SKU0028,487,798,15.0,909
2024-09-30,SKU0028,975,0,15.0,909
2024-10-07,SKU0028,664,931,,909
2024-10-14,SKU0028,354,931,15.0,909
2024-10-21,SKU0028,974,0,15.0,909
2024-10-28,SKU0028,664,843,15.0,909
2024-11-04,SKU0028,353,843,15.0,909
2024-11-11,SKU0028,886,0,15.0,909
2024-11-18,SKU0028,576,931,15.0,909
2024-11-25,SKU0028,265,931,15.0,909
2024-12-02,SKU0028,886,798,15.0,909
2024-12-09,SKU0028,575,798,15.0,909
2024-12-16,SKU0028,265,798,15.0,909
2024-12-23,SKU0028,753,798,15.0,909
2024-12-30,SKU0028,442,798,15.0,909
2025-01-06,SKU0028,930,0,15.0,909
2025-01-13,SKU0028,619,799,15.0,909
2025-01-20,SKU0028,309,799,15.0,909
2025-01-27,SKU0028,797,842,15.0,909
2025-02-03,SKU0028,487,842,15.0,909
2025-02-10,SKU0028,1019,0,15.0,909
2025-02-17,SKU0028,708,976,15.0,909
2025-02-24,SKU0028,398,976,15.0,909
2025-03-03,SKU0028,87,976,15.0,909
2025-03-10,SKU0028,753,931,15.0,909
2025-03-17,SKU0028,444,931,15.0,909
2025-03-24,SKU0028,194,931,15.0,909
2025-03-31,SKU0028,869,777,15.0,909
2025-04-07,SKU0028,647,777,15.0,909
2025-04-14,SKU0028,1191,0,15.0,909
2025-04-21,SKU0028,892,0,15.0,909
2025-04-28,SKU0028,619,821,15.0,909
2025-05-05,SKU0028,348,821,15.0,909
2025-05-12,SKU0028,916,0,15.0,909
2025-05-19,SKU0028,668,794,15.0,909
2025-05-26,SKU0028,393,794,15.0,909
2025-06-02,SKU0028,931,0,15.0,909
2025-06-09,SKU0028,690,776,15.0,909
2025-06-16,SKU0028,467,776,15.0,909
2025-06-23,SKU0028,912,0,15.0,909
2025-06-30,SKU0028,625,808,15.0,909
2025-07-07,SKU0028,385,808,15.0,909
2025-07-14,SKU0028,956,0,15.0,909
2025-07-21,SKU0028,695,820,15.0,909
2025-07-28,SKU0028,458,820,15.0,909
2025-08-04,SKU0028,919,0,15.0,909
2025-08-11,SKU0028,443,1120,15.0,909
2025-08-18,SKU0028,76,1120,15.0,909
2025-08-25,SKU0028,1077,0,15.0,909
2025-09-01,SKU0028,793,850,15.0,909
2025-09-08,SKU0028,563,850,15.0,909
2025-09-15,SKU0028,1154,0,15.0,909
2025-09-22,SKU0028,916,0,15.0,909
2025-09-29,SKU0028,608,825,15.0,909
2025-10-06,SKU0028,252,825,15.0,909
2025-10-13,SKU0028,808,842,15.0,909
2025-10-20,SKU0028,256,842,15.0,909
2025-10-27,SKU0028,812,829,15.0,909
2025-11-03,SKU0028,428,829,15.0,909
2025-11-10,SKU0028,933,0,15.0,909
2025-11-17,SKU0028,590,872,15.0,909
2025-11-24,SKU0028,244,872,15.0,909
2025-12-01,SKU0028,568,798,15.0,909
2025-12-08,SKU0028,163,798,15.0,909
2025-12-15,SKU0028,573,1064,15.0,909
2025-12-22,SKU0028,214,1064,15.0,909
2025-12-29,SKU0028,1035,0,15.0,909
2024-01-01,SKU0029,21,0,12.0,21
2024-01-08,SKU0029,2,24,12.0,21
2024-01-15,SKU0029,19,24,12.0,21
2024-01-22,SKU0029,0,24,12.0,21
2024-01-29,SKU0029,16,24,12.0,21
2024-02-05,SKU0029,0,24,12.0,21
2024-02-12,SKU0029,13,24,12.0,21
2024-02-19,SKU0029,0,24,12.0,21
2024-02-26,SKU0029,11,24,12.0,21
2024-03-04,SKU0029,0,24,12.0,21
2024-03-11,SKU0029,8,24,12.0,21
2024-03-18,SKU0029,0,24,12.0,21
2024-03-25,SKU0029,5,24,12.0,21
2024-04-01,SKU0029,21,0,12.0,21
2024-04-08,SKU0029,2,24,12.0,21
2024-04-15,SKU0029,19,24,12.0,21
2024-04-22,SKU0029,0,24,12.0,21
2024-04-29,SKU0029,16,24,12.0,21
2024-05-06,SKU0029,0,24,12.0,21
2024-05-13,SKU0029,13,24,12.0,21
2024-05-20,SKU0029,0,24,12.0,21
2024-05-27,SKU0029,11,24,12.0,21
2024-06-03,SKU0029,0,24,12.0,21
2024-06-10,SKU0029,8,24,12.0,21
2024-06-17,SKU0029,0,24,12.0,21
2024-06-24,SKU0029,5,24,12.0,21
2024-07-01,SKU0029,21,0,12.0,21
2024-07-08,SKU0029,2,24,12.0,21
2024-07-15,SKU0029,19,24,12.0,21
2024-07-22,SKU0029,0,24,12.0,21
2024-07-29,SKU0029,16,24,12.0,21
2024-08-05,SKU0029,0,24,12.0,21
2024-08-12,SKU0029,13,24,12.0,21
2024-08-19,SKU0029,0,24,12.0,21
2024-08-26,SKU0029,12,27,12.0,21
2024-09-02,SKU0029,3,27,12.0,21
2024-09-09,SKU0029,17,24,12.0,21
2024-09-16,SKU0029,6,24,12.0,21
2024-09-23,SKU0029,17,23,12.0,21
2024-09-30,SKU0029,5,23,12.0,21
2024-10-07,SKU0029,10,28,12.0,21
2024-10-14,SKU0029,0,28,12.0,21
2024-10-21,SKU0029,10,26,12.0,21
2024-10-28,SKU0029,0,26,12.0,21
2024-11-04,SKU0029,12,26,12.0,21
2024-11-11,SKU0029,0,26,12.0,21
2024-11-18,SKU0029,14,23,12.0,21
2024-11-25,SKU0029,0,23,12.0,21
2024-12-02,SKU0029,0,34,12.0,21
2024-12-09,SKU0029,0,34,12.0,21
2024-12-16,SKU0029,17,26,12.0,21
2024-12-23,SKU0029,0,26,12.0,21
2024-12-30,SKU0029,13,26,12.0,21
2025-01-06,SKU0029,0,26,12.0,21
2025-01-13,SKU0029,14,25,12.0,21
2025-01-20,SKU0029,0,25,12.0,21
2025-01-27,SKU0029,8,25,12.0,21
2025-02-03,SKU0029,0,25,12.0,21
2025-02-10,SKU0029,9,25,12.0,21
2025-02-17,SKU0029,0,25,12.0,21
2025-02-24,SKU0029,9,24,12.0,21
2025-03-03,SKU0029,0,24,12.0,21
2025-03-10,SKU0029,14,25,12.0,21
2025-03-17,SKU0029,2,25,12.0,21
2025-03-24,SKU0029,13,24,12.0,21
2025-03-31,SKU0029,0,24,12.0,21
2025-04-07,SKU0029,14,24,12.0,21
2025-04-14,SKU0029,0,24,12.0,21
2025-04-21,SKU0029,11,26,12.0,21
2025-04-28,SKU0029,3,26,12.0,21
2025-05-05,SKU0029,16,23,12.0,21
2025-05-12,SKU0029,4,23,12.0,21
2025-05-19,SKU0029,11,24,12.0,21
2025-05-26,SKU0029,0,24,12.0,21
2025-06-02,SKU0029,9,25,12.0,21
2025-06-09,SKU0029,0,25,12.0,21
2025-06-16,SKU0029,8,23,12.0,21
2025-06-23,SKU0029,0,23,12.0,21
2025-06-30,SKU0029,7,23,12.0,21
2025-07-07,SKU0029,21,0,12.0,21
2025-07-14,SKU0029,8,26,12.0,21
2025-07-21,SKU0029,22,0,12.0,21
2025-07-28,SKU0029,7,25,12.0,21
2025-08-04,SKU0029,20,23,12.0,21
2025-08-11,SKU0029,0,23,12.0,21
2025-08-18,SKU0029,19,24,12.0,21
2025-08-25,SKU0029,0,24,12.0,21
2025-09-01,SKU0029,19,24,12.0,21
2025-09-08,SKU0029,4,24,12.0,21
2025-09-15,SKU0029,13,23,12.0,21
2025-09-22,SKU0029,3,23,12.0,21
2025-09-29,SKU0029,13,23,12.0,21
2025-10-06,SKU0029,0,23,12.0,21
2025-10-13,SKU0029,1,26,12.0,21
2025-10-20,SKU0029,20,23,12.0,21
2025-10-27,SKU0029,0,23,12.0,21
2025-11-03,SKU0029,14,26,12.0,21
2025-11-10,SKU0029,0,26,12.0,21
2025-11-17,SKU0029,16,25,12.0,21
2025-11-24,SKU0029,1,25,12.0,21
2025-12-01,SKU0029,3,24,12.0,21
2025-12-08,SKU0029,0,24,12.0,21
2025-12-15,SKU0029,7,24,12.0,21
2025-12-22,SKU0029,0,24,12.0,21
2025-12-29,SKU0029,7,23,12.0,21
2024-01-01,SKU0030,246,0,11.0,190
2024-01-08,SKU0030,144,215,11.0,190
2024-01-15,SKU0030,43,215,11.0,190
2024-01-22,SKU0030,157,232,11.0,190
2024-01-29,SKU0030,55,232,11.0,190
2024-02-05,SKU0030,186,217,11.0,190
2024-02-12,SKU0030,85,217,11.0,190
2024-02-19,SKU0030,201,0,11.0,190
2024-02-26,SKU0030,99,246,11.0,190
2024-03-04,SKU0030,244,0,11.0,190
2024-03-11,SKU0030,143,217,11.0,190
2024-03-18,SKU0030,41,217,11.0,190
2024-03-25,SKU0030,157,231,11.0,190
2024-04-01,SKU0030,56,231,11.0,190
2024-04-08,SKU0030,186,0,11.0,190
2024-04-15,SKU0030,84,246,11.0,190
2024-04-22,SKU0030,229,0,11.0,190
2024-04-29,SKU0030,128,246,11.0,190
2024-05-06,SKU0030,26,246,11.0,190
2024-05-13,SKU0030,171,217,11.0,190
2024-05-20,SKU0030,70,217,11.0,190
2024-05-27,SKU0030,186,217,11.0,190
2024-06-03,SKU0030,84,217,11.0,190
2024-06-10,SKU0030,200,0,11.0,190
2024-06-17,SKU0030,99,246,11.0,190
2024-06-24,SKU0030,244,0,11.0,190
2024-07-01,SKU0030,142,246,11.0,190
2024-07-08,SKU0030,54,246,11.0,190
2024-07-15,SKU0030,220,0,11.0,190
2024-07-22,SKU0030,154,213,11.0,190
2024-07-29,SKU0030,283,0,11.0,190
2024-08-05,SKU0030,185,218,11.0,190
2024-08-12,SKU0030,77,218,11.0,190
2024-08-19,SKU0030,216,0,11.0,190
2024-08-26,SKU0030,131,223,11.0,190
2024-09-02,SKU0030,286,0,11.0,190
2024-09-09,SKU0030,211,0,11.0,190
2024-09-16,SKU0030,122,247,11.0,190
2024-09-23,SKU0030,38,247,11.0,190
2024-09-30,SKU0030,202,0,11.0,190
2024-10-07,SKU0030,106,225,11.0,190
2024-10-14,SKU0030,236,0,11.0,190
2024-10-21,SKU0030,48,238,11.0,190
2024-10-28,SKU0030,223,0,11.0,190
2024-11-04,SKU0030,131,214,11.0,190
2024-11-11,SKU0030,268,0,11.0,190
2024-11-18,SKU0030,171,218,11.0,190
2024-11-25,SKU0030,68,218,11.0,190
2024-12-02,SKU0030,86,252,11.0,190
2024-12-09,SKU0030,0,252,11.0,190
2024-12-16,SKU0030,131,214,11.0,190
2024-12-23,SKU0030,0,214,11.0,190
2024-12-30,SKU0030,139,224,11.0,190
2025-01-06,SKU0030,0,224,11.0,190
2025-01-13,SKU0030,76,226,11.0,190
2025-01-20,SKU0030,191,0,11.0,190
2025-01-27,SKU0030,77,225,11.0,190
2025-02-03,SKU0030,190,0,11.0,190
2025-02-10,SKU0030,63,229,11.0,190
2025-02-17,SKU0030,182,0,11.0,190
2025-02-24,SKU0030,71,234,11.0,190
2025-03-03,SKU0030,203,0,11.0,190
2025-03-10,SKU0030,127,276,11.0,190
2025-03-17,SKU0030,49,276,11.0,190
2025-03-24,SKU0030,237,0,11.0,190
2025-03-31,SKU0030,159,226,11.0,190
2025-04-07,SKU0030,70,226,11.0,190
2025-04-14,SKU0030,218,0,11.0,190
2025-04-21,SKU0030,161,214,11.0,190
2025-04-28,SKU0030,276,0,11.0,190
2025-05-05,SKU0030,192,0,11.0,190
2025-05-12,SKU0030,99,221,11.0,190
2025-05-19,SKU0030,236,0,11.0,190
2025-05-26,SKU0030,147,241,11.0,190
2025-06-02,SKU0030,59,241,11.0,190
2025-06-09,SKU0030,214,0,11.0,190
2025-06-16,SKU0030,140,230,11.0,190
2025-06-23,SKU0030,305,0,11.0,190
2025-06-30,SKU0030,233,0,11.0,190
2025-07-07,SKU0030,160,234,11.0,190
2025-07-14,SKU0030,68,234,11.0,190
2025-07-21,SKU0030,205,0,11.0,190
2025-07-28,SKU0030,148,219,11.0,190
2025-08-04,SKU0030,258,0,11.0,190
2025-08-11,SKU0030,129,263,11.0,190
2025-08-18,SKU0030,42,263,11.0,190
2025-08-25,SKU0030,236,0,11.0,190
2025-09-01,SKU0030,160,227,11.0,190
2025-09-08,SKU0030,100,227,11.0,190
2025-09-15,SKU0030,238,0,11.0,190
2025-09-22,SKU0030,159,244,11.0,190
2025-09-29,SKU0030,73,244,11.0,190
2025-10-06,SKU0030,214,0,11.0,190
2025-10-13,SKU0030,118,221,11.0,190
2025-10-20,SKU0030,163,240,11.0,190
2025-10-27,SKU0030,29,240,11.0,190
2025-11-03,SKU0030,180,223,11.0,190
2025-11-10,SKU0030,85,223,11.0,190
2025-11-17,SKU0030,200,0,11.0,190
2025-11-24,SKU0030,105,248,11.0,190
2025-12-01,SKU0030,220,0,11.0,190
2025-12-08,SKU0030,69,278,11.0,190
2025-12-15,SKU0030,0,278,11.0,190
2025-12-22,SKU0030,166,224,11.0,190
2025-12-29,SKU0030,34,224,11.0,190
2024-01-01,SKU0031,672,0,20.0,450
2024-01-08,SKU0031,422,0,20.0,450
2024-01-15,SKU0031,172,364,20.0,450
2024-01-22,SKU0031,0,685,20.0,450
2024-01-29,SKU0031,328,321,20.0,450
2024-02-05,SKU0031,78,636,20.0,450
2024-02-12,SKU0031,149,315,20.0,450
2024-02-19,SKU0031,0,672,20.0,450
2024-02-26,SKU0031,208,357,20.0,450
2024-03-04,SKU0031,0,721,20.0,450
2024-03-11,SKU0031,107,364,20.0,450
2024-03-18,SKU0031,0,679,20.0,450
2024-03-25,SKU0031,221,315,20.0,450
2024-04-01,SKU0031,286,321,20.0,450
2024-04-08,SKU0031,36,643,20.0,450
2024-04-15,SKU0031,0,643,20.0,450
2024-04-22,SKU0031,107,643,20.0,450
2024-04-29,SKU0031,179,321,20.0,450
2024-05-06,SKU0031,0,642,20.0,450
2024-05-13,SKU0031,250,321,20.0,450
2024-05-20,SKU0031,0,643,20.0,450
2024-05-27,SKU0031,71,679,20.0,450
2024-06-03,SKU0031,0,679,20.0,450
2024-06-10,SKU0031,143,357,20.0,450
2024-06-17,SKU0031,286,357,20.0,450
2024-06-24,SKU0031,35,679,20.0,450
2024-07-01,SKU0031,0,679,20.0,450
2024-07-08,SKU0031,143,322,20.0,450
2024-07-15,SKU0031,215,321,20.0,450
2024-07-22,SKU0031,0,642,20.0,450
2024-07-29,SKU0031,285,321,20.0,450
2024-08-05,SKU0031,35,643,20.0,450
2024-08-12,SKU0031,107,643,20.0,450
2024-08-19,SKU0031,0,643,20.0,450
2024-08-26,SKU0031,179,321,20.0,450
2024-09-02,SKU0031,250,321,20.0,450
2024-09-09,SKU0031,0,643,20.0,450
2024-09-16,SKU0031,0,643,20.0,450
2024-09-23,SKU0031,71,679,20.0,450
2024-09-30,SKU0031,143,357,20.0,450
2024-10-07,SKU0031,0,678,20.0,450
2024-10-14,SKU0031,286,321,20.0,450
2024-10-21,SKU0031,35,643,20.0,450
2024-10-28,SKU0031,106,644,20.0,450
2024-11-04,SKU0031,0,644,20.0,450
2024-11-11,SKU0031,179,322,20.0,450
2024-11-18,SKU0031,251,320,20.0,450
2024-11-25,SKU0031,1,642,20.0,450
2024-12-02,SKU0031,0,642,20.0,450
2024-12-09,SKU0031,70,644,20.0,450
2024-12-16,SKU0031,143,322,20.0,450
2024-12-23,SKU0031,0,642,20.0,450
2024-12-30,SKU0031,215,320,20.0,450
2025-01-06,SKU0031,285,322,20.0,450
2025-01-13,SKU0031,35,644,20.0,450
2025-01-20,SKU0031,0,644,20.0,450
2025-01-27,SKU0031,108,322,20.0,450
2025-02-03,SKU0031,179,356,20.0,450
2025-02-10,SKU0031,0,678,20.0,450
2025-02-17,SKU0031,320,322,20.0,450
2025-02-24,SKU0031,70,644,20.0,450
2025-03-03,SKU0031,142,322,20.0,450
2025-03-10,SKU0031,0,644,20.0,450
2025-03-17,SKU0031,215,322,20.0,450
2025-03-24,SKU0031,287,356,20.0,450
2025-03-31,SKU0031,37,678,20.0,450
2025-04-07,SKU0031,0,678,20.0,450
2025-04-14,SKU0031,177,322,20.0,450
2025-04-21,SKU0031,249,322,20.0,450
2025-04-28,SKU0031,0,679,20.0,450
2025-05-05,SKU0031,0,679,20.0,450
2025-05-12,SKU0031,72,678,20.0,450
2025-05-19,SKU0031,214,321,20.0,450
2025-05-26,SKU0031,0,679,20.0,450
2025-06-02,SKU0031,250,358,20.0,450
2025-06-09,SKU0031,0,679,20.0,450
2025-06-16,SKU0031,179,321,20.0,450
2025-06-23,SKU0031,0,642,20.0,450
2025-06-30,SKU0031,178,321,20.0,450
2025-07-07,SKU0031,0,643,20.0,450
2025-07-14,SKU0031,142,322,20.0,450
2025-07-21,SKU0031,0,625,20.0,450
2025-07-28,SKU0031,61,621,20.0,450
2025-08-04,SKU0031,266,318,20.0,450
2025-08-11,SKU0031,0,750,20.0,450
2025-08-18,SKU0031,187,432,20.0,450
2025-08-25,SKU0031,0,750,20.0,450
2025-09-01,SKU0031,309,318,20.0,450
2025-09-08,SKU0031,124,318,20.0,450
2025-09-15,SKU0031,296,311,20.0,450
2025-09-22,SKU0031,108,642,20.0,450
2025-09-29,SKU0031,288,331,20.0,450
2025-10-06,SKU0031,57,665,20.0,450
2025-10-13,SKU0031,253,334,20.0,450
2025-10-20,SKU0031,0,664,20.0,450
2025-10-27,SKU0031,209,330,20.0,450
2025-11-03,SKU0031,0,645,20.0,450
2025-11-10,SKU0031,122,628,20.0,450
2025-11-17,SKU0031,0,628,20.0,450
2025-11-24,SKU0031,87,624,20.0,450
2025-12-01,SKU0031,179,311,20.0,450
2025-12-08,SKU0031,0,633,20.0,450
2025-12-15,SKU0031,168,322,20.0,450
2025-12-22,SKU0031,292,338,20.0,450
2025-12-29,SKU0031,16,662,20.0,450
2024-01-01,SKU0032,478,0,10.0,236
2024-01-08,SKU0032,357,0,10.0,236
2024-01-15,SKU0032,235,290,10.0,236
2024-01-22,SKU0032,114,290,10.0,236
2024-01-29,SKU0032,283,0,10.0,236
2024-02-05,SKU0032,162,294,10.0,236
2024-02-12,SKU0032,335,0,10.0,236
2024-02-19,SKU0032,214,311,10.0,236
2024-02-26,SKU0032,93,311,10.0,236
2024-03-04,SKU0032,283,0,10.0,236
2024-03-11,SKU0032,162,294,10.0,236
2024-03-18,SKU0032,335,0,10.0,236
2024-03-25,SKU0032,213,294,10.0,236
2024-04-01,SKU0032,92,294,10.0,236
2024-04-08,SKU0032,265,0,10.0,236
2024-04-15,SKU0032,144,294,10.0,236
2024-04-22,SKU0032,317,0,10.0,236
2024-04-29,SKU0032,196,294,10.0,236
2024-05-06,SKU0032,75,294,10.0,236
2024-05-13,SKU0032,248,0,10.0,236
2024-05-20,SKU0032,127,295,10.0,236
2024-05-27,SKU0032,301,0,10.0,236
2024-06-03,SKU0032,179,311,10.0,236
2024-06-10,SKU0032,58,311,10.0,236
2024-06-17,SKU0032,248,0,10.0,236
2024-06-24,SKU0032,127,311,10.0,236
2024-07-01,SKU0032,317,0,10.0,236
2024-07-08,SKU0032,196,294,10.0,236
2024-07-15,SKU0032,75,294,10.0,236
2024-07-22,SKU0032,248,0,10.0,236
2024-07-29,SKU0032,127,295,10.0,236
2024-08-05,SKU0032,301,0,10.0,236
2024-08-12,SKU0032,179,311,10.0,236
2024-08-19,SKU0032,58,311,10.0,236
2024-08-26,SKU0032,248,0,10.0,236
2024-09-02,SKU0032,127,294,10.0,236
2024-09-09,SKU0032,300,0,10.0,236
2024-09-16,SKU0032,179,311,10.0,236
2024-09-23,SKU0032,58,311,10.0,236
2024-09-30,SKU0032,248,0,10.0,236
2024-10-07,SKU0032,127,312,10.0,236
2024-10-14,SKU0032,318,0,10.0,236
2024-10-21,SKU0032,196,294,10.0,236
2024-10-28,SKU0032,75,294,10.0,236
2024-11-04,SKU0032,248,0,10.0,236
2024-11-11,SKU0032,127,294,10.0,236
2024-11-18,SKU0032,300,0,10.0,236
2024-11-25,SKU0032,179,294,10.0,236
2024-12-02,SKU0032,352,0,10.0,236
2024-12-09,SKU0032,231,294,10.0,236
2024-12-16,SKU0032,110,294,10.0,236
2024-12-23,SKU0032,283,0,10.0,236
2024-12-30,SKU0032,161,312,10.0,236
2025-01-06,SKU0032,352,0,10.0,236
2025-01-13,SKU0032,231,294,10.0,236
2025-01-20,SKU0032,110,294,10.0,236
2025-01-27,SKU0032,283,0,10.0,236
2025-02-03,SKU0032,162,311,10.0,236
2025-02-10,SKU0032,352,0,10.0,236
2025-02-17,SKU0032,231,294,10.0,236
2025-02-24,SKU0032,110,294,10.0,236
2025-03-03,SKU0032,283,0,10.0,236
2025-03-10,SKU0032,161,312,10.0,236
2025-03-17,SKU0032,352,0,10.0,236
2025-03-24,SKU0032,231,294,10.0,236
2025-03-31,SKU0032,110,294,10.0,236
2025-04-07,SKU0032,283,0,10.0,236
2025-04-14,SKU0032,162,294,10.0,236
2025-04-21,SKU0032,335,0,10.0,236
2025-04-28,SKU0032,214,294,10.0,236
2025-05-05,SKU0032,93,294,10.0,236
2025-05-12,SKU0032,266,0,10.0,236
2025-05-19,SKU0032,144,294,10.0,236
2025-05-26,SKU0032,317,0,10.0,236
2025-06-02,SKU0032,196,294,10.0,236
2025-06-09,SKU0032,75,294,10.0,236
2025-06-16,SKU0032,248,0,10.0,236
2025-06-23,SKU0032,127,294,10.0,236
2025-06-30,SKU0032,300,0,10.0,236
2025-07-07,SKU0032,179,294,10.0,236
2025-07-14,SKU0032,352,0,10.0,236
2025-07-21,SKU0032,231,0,10.0,236
2025-07-28,SKU0032,109,312,10.0,236
2025-08-04,SKU0032,300,0,10.0,236
2025-08-11,SKU0032,179,294,10.0,236
2025-08-18,SKU0032,352,0,10.0,236
2025-08-25,SKU0032,231,294,10.0,236
2025-09-01,SKU0032,110,294,10.0,236
2025-09-08,SKU0032,283,0,10.0,236
2025-09-15,SKU0032,162,294,10.0,236
2025-09-22,SKU0032,335,0,10.0,236
2025-09-29,SKU0032,242,0,10.0,236
2025-10-06,SKU0032,151,291,10.0,236
2025-10-13,SKU0032,348,0,10.0,236
2025-10-20,SKU0032,163,302,10.0,236
2025-10-27,SKU0032,16,302,10.0,236
2025-11-03,SKU0032,205,301,10.0,236
2025-11-10,SKU0032,86,301,10.0,236
2025-11-17,SKU0032,278,0,10.0,236
2025-11-24,SKU0032,168,290,10.0,236
2025-12-01,SKU0032,258,0,10.0,236
2025-12-08,SKU0032,135,296,10.0,236
2025-12-15,SKU0032,334,0,10.0,236
2025-12-22,SKU0032,238,0,10.0,236
2025-12-29,SKU0032,117,299,10.0,236
2024-01-01,SKU0033,803,0,10.0,426
2024-01-08,SKU0033,588,0,10.0,426
2024-01-15,SKU0033,372,544,10.0,426
2024-01-22,SKU0033,156,544,10.0,426
2024-01-29,SKU0033,485,0,10.0,426
2024-02-05,SKU0033,269,524,10.0,426
2024-02-12,SKU0033,577,0,10.0,426
2024-02-19,SKU0033,362,524,10.0,426
2024-02-26,SKU0033,146,524,10.0,426
2024-03-04,SKU0033,454,0,10.0,426
2024-03-11,SKU0033,239,523,10.0,426
2024-03-18,SKU0033,546,0,10.0,426
2024-03-25,SKU0033,330,524,10.0,426
2024-04-01,SKU0033,639,0,10.0,426
2024-04-08,SKU0033,423,524,10.0,426
2024-04-15,SKU0033,208,524,10.0,426
2024-04-22,SKU0033,516,0,10.0,426
2024-04-29,SKU0033,300,524,10.0,426
2024-05-06,SKU0033,609,0,10.0,426
2024-05-13,SKU0033,393,523,10.0,426
2024-05-20,SKU0033,177,523,10.0,426
2024-05-27,SKU0033,485,0,10.0,426
2024-06-03,SKU0033,269,524,10.0,426
2024-06-10,SKU0033,577,0,10.0,426
2024-06-17,SKU0033,362,524,10.0,426
2024-06-24,SKU0033,146,524,10.0,426
2024-07-01,SKU0033,454,0,10.0,426
2024-07-08,SKU0033,239,523,10.0,426
2024-07-15,SKU0033,546,0,10.0,426
2024-07-22,SKU0033,331,555,10.0,426
2024-07-29,SKU0033,115,555,10.0,426
2024-08-05,SKU0033,454,0,10.0,426
2024-08-12,SKU0033,239,524,10.0,426
2024-08-19,SKU0033,547,0,10.0,426
2024-08-26,SKU0033,331,554,10.0,426
2024-09-02,SKU0033,116,554,10.0,426
2024-09-09,SKU0033,454,0,10.0,426
2024-09-16,SKU0033,238,524,10.0,426
2024-09-23,SKU0033,547,0,10.0,426
2024-09-30,SKU0033,331,554,10.0,426
2024-10-07,SKU0033,115,554,10.0,426
2024-10-14,SKU0033,454,0,10.0,426
2024-10-21,SKU0033,238,524,10.0,426
2024-10-28,SKU0033,547,0,10.0,426
2024-11-04,SKU0033,331,524,10.0,426
2024-11-11,SKU0033,639,0,10.0,426
2024-11-18,SKU0033,424,523,10.0,426
2024-11-25,SKU0033,208,523,10.0,426
2024-12-02,SKU0033,515,0,10.0,426
2024-12-09,SKU0033,300,524,10.0,426
2024-12-16,SKU0033,608,0,10.0,426
2024-12-23,SKU0033,392,524,10.0,426
2024-12-30,SKU0033,177,524,10.0,426
2025-01-06,SKU0033,485,0,10.0,426
2025-01-13,SKU0033,270,523,10.0,426
2025-01-20,SKU0033,577,0,10.0,426
2025-01-27,SKU0033,361,524,10.0,426
2025-02-03,SKU0033,146,524,10.0,426
2025-02-10,SKU0033,454,0,10.0,426
2025-02-17,SKU0033,238,524,10.0,426
2025-02-24,SKU0033,547,0,10.0,426
2025-03-03,SKU0033,331,524,10.0,426
2025-03-10,SKU0033,639,0,10.0,426
2025-03-17,SKU0033,424,523,10.0,426
2025-03-24,SKU0033,208,523,10.0,426
2025-03-31,SKU0033,515,0,10.0,426
2025-04-07,SKU0033,300,524,10.0,426
2025-04-14,SKU0033,608,0,10.0,426
2025-04-21,SKU0033,393,524,10.0,426
2025-04-28,SKU0033,177,524,10.0,426
2025-05-05,SKU0033,485,0,10.0,426
2025-05-12,SKU0033,270,554,10.0,426
2025-05-19,SKU0033,608,0,10.0,426
2025-05-26,SKU0033,392,524,10.0,426
2025-06-02,SKU0033,177,524,10.0,426
2025-06-09,SKU0033,485,0,10.0,426
2025-06-16,SKU0033,269,524,10.0,426
2025-06-23,SKU0033,578,0,10.0,426
2025-06-30,SKU0033,362,523,10.0,426
2025-07-07,SKU0033,146,523,10.0,426
2025-07-14,SKU0033,454,0,10.0,426
2025-07-21,SKU0033,226,524,10.0,426
2025-07-28,SKU0033,599,0,10.0,426
2025-08-04,SKU0033,455,0,10.0,426
2025-08-11,SKU0033,174,621,10.0,426
2025-08-18,SKU0033,576,0,10.0,426
2025-08-25,SKU0033,477,0,10.0,426
2025-09-01,SKU0033,334,562,10.0,426
2025-09-08,SKU0033,126,562,10.0,426
2025-09-15,SKU0033,542,0,10.0,426
2025-09-22,SKU0033,379,554,10.0,426
2025-09-29,SKU0033,220,554,10.0,426
2025-10-06,SKU0033,583,0,10.0,426
2025-10-13,SKU0033,445,0,10.0,426
2025-10-20,SKU0033,111,560,10.0,426
2025-10-27,SKU0033,493,0,10.0,426
2025-11-03,SKU0033,240,593,10.0,426
2025-11-10,SKU0033,630,0,10.0,426
2025-11-17,SKU0033,418,529,10.0,426
2025-11-24,SKU0033,185,529,10.0,426
2025-12-01,SKU0033,274,537,10.0,426
2025-12-08,SKU0033,25,537,10.0,426
2025-12-15,SKU0033,395,0,10.0,426
2025-12-22,SKU0033,201,583,10.0,426
2025-12-29,SKU0033,516,0,10.0,426
2024-01-01,SKU0034,435,0,8.0,254
2024-01-08,SKU0034,173,0,8.0,254
2024-01-15,SKU0034,0,536,8.0,254
2024-01-22,SKU0034,349,0,8.0,254
2024-01-29,SKU0034,88,398,8.0,254
2024-02-05,SKU0034,249,0,8.0,254
2024-02-12,SKU0034,0,424,8.0,254
2024-02-19,SKU0034,200,0,8.0,254
2024-02-26,SKU0034,0,635,8.0,254
2024-03-04,SKU0034,0,635,8.0,254
2024-03-11,SKU0034,374,0,8.0,254
2024-03-18,SKU0034,113,485,8.0,254
2024-03-25,SKU0034,448,0,8.0,254
2024-04-01,SKU0034,186,0,8.0,254
2024-04-08,SKU0034,0,486,8.0,254
2024-04-15,SKU0034,262,0,8.0,254
2024-04-22,SKU0034,1,410,8.0,254
2024-04-29,SKU0034,186,0,8.0,254
2024-05-06,SKU0034,0,486,8.0,254
2024-05-13,SKU0034,262,0,8.0,254
2024-05-20,SKU0034,1,410,8.0,254
2024-05-27,SKU0034,186,412,8.0,254
2024-06-03,SKU0034,375,0,8.0,254
2024-06-10,SKU0034,113,410,8.0,254
2024-06-17,SKU0034,298,0,8.0,254
2024-06-24,SKU0034,37,0,8.0,254
2024-07-01,SKU0034,0,635,8.0,254
2024-07-08,SKU0034,411,0,8.0,254
2024-07-15,SKU0034,150,485,8.0,254
2024-07-22,SKU0034,0,485,8.0,254
2024-07-29,SKU0034,224,0,8.0,254
2024-08-05,SKU0034,0,449,8.0,254
2024-08-12,SKU0034,225,0,8.0,254
2024-08-19,SKU0034,0,447,8.0,254
2024-08-26,SKU0034,223,0,8.0,254
2024-09-02,SKU0034,0,524,8.0,254
2024-09-09,SKU0034,375,0,8.0,254
2024-09-16,SKU0034,113,484,8.0,254
2024-09-23,SKU0034,447,0,8.0,254
2024-09-30,SKU0034,185,0,8.0,254
2024-10-07,SKU0034,0,524,8.0,254
2024-10-14,SKU0034,337,0,8.0,254
2024-10-21,SKU0034,76,484,8.0,254
2024-10-28,SKU0034,409,0,8.0,254
2024-11-04,SKU0034,148,450,8.0,254
2024-11-11,SKU0034,413,0,8.0,254
2024-11-18,SKU0034,151,446,8.0,254
2024-11-25,SKU0034,409,0,8.0,254
2024-12-02,SKU0034,147,0,8.0,254
2024-12-09,SKU0034,0,635,8.0,254
2024-12-16,SKU0034,598,0,8.0,254
2024-12-23,SKU0034,336,0,8.0,254
2024-12-30,SKU0034,75,448,8.0,254
2025-01-06,SKU0034,336,0,8.0,254
2025-01-13,SKU0034,75,486,8.0,254
2025-01-20,SKU0034,411,0,8.0,254
2025-01-27,SKU0034,150,0,8.0,254
2025-02-03,SKU0034,0,635,8.0,254
2025-02-10,SKU0034,560,0,8.0,254
2025-02-17,SKU0034,299,0,8.0,254
2025-02-24,SKU0034,38,597,8.0,254
2025-03-03,SKU0034,0,597,8.0,254
2025-03-10,SKU0034,336,0,8.0,254
2025-03-17,SKU0034,75,411,8.0,254
2025-03-24,SKU0034,262,0,8.0,254
2025-03-31,SKU0034,0,411,8.0,254
2025-04-07,SKU0034,187,0,8.0,254
2025-04-14,SKU0034,0,0,8.0,254
2025-04-21,SKU0034,0,635,8.0,254
2025-04-28,SKU0034,411,0,8.0,254
2025-05-05,SKU0034,150,448,8.0,254
2025-05-12,SKU0034,411,0,8.0,254
2025-05-19,SKU0034,149,448,8.0,254
2025-05-26,SKU0034,411,0,8.0,254
2025-06-02,SKU0034,149,411,8.0,254
2025-06-09,SKU0034,336,0,8.0,254
2025-06-16,SKU0034,102,448,8.0,254
2025-06-23,SKU0034,342,0,8.0,254
2025-06-30,SKU0034,131,456,8.0,254
2025-07-07,SKU0034,434,0,8.0,254
2025-07-14,SKU0034,198,0,8.0,254
2025-07-21,SKU0034,13,471,8.0,254
2025-07-28,SKU0034,298,0,8.0,254
2025-08-04,SKU0034,13,475,8.0,254
2025-08-11,SKU0034,335,0,8.0,254
2025-08-18,SKU0034,140,386,8.0,254
2025-08-25,SKU0034,337,0,8.0,254
2025-09-01,SKU0034,122,513,8.0,254
2025-09-08,SKU0034,0,513,8.0,254
2025-09-15,SKU0034,297,0,8.0,254
2025-09-22,SKU0034,90,391,8.0,254
2025-09-29,SKU0034,249,0,8.0,254
2025-10-06,SKU0034,0,450,8.0,254
2025-10-13,SKU0034,255,0,8.0,254
2025-10-20,SKU0034,0,635,8.0,254
2025-10-27,SKU0034,612,0,8.0,254
2025-11-03,SKU0034,314,0,8.0,254
2025-11-10,SKU0034,160,437,8.0,254
2025-11-17,SKU0034,406,0,8.0,254
2025-11-24,SKU0034,174,0,8.0,254
2025-12-01,SKU0034,0,513,8.0,254
2025-12-08,SKU0034,169,416,8.0,254
2025-12-15,SKU0034,382,0,8.0,254
2025-12-22,SKU0034,130,454,8.0,254
2025-12-29,SKU0034,358,0,8.0,254
2024-01-01,SKU0035,614,0,23.0,541
2024-01-08,SKU0035,351,398,23.0,541
2024-01-15,SKU0035,89,773,23.0,541
2024-01-22,SKU0035,0,773,23.0,541
2024-01-29,SKU0035,323,375,23.0,541
2024-02-05,SKU0035,61,375,23.0,541
2024-02-12,SKU0035,174,651,23.0,541
2024-02-19,SKU0035,0,651,23.0,541
2024-02-26,SKU0035,0,651,23.0,541
2024-03-04,SKU0035,0,651,23.0,541
2024-03-11,SKU0035,389,0,23.0,541
2024-03-18,SKU0035,127,0,23.0,541
2024-03-25,SKU0035,0,862,23.0,541
2024-04-01,SKU0035,0,862,23.0,541
2024-04-08,SKU0035,0,862,23.0,541
2024-04-15,SKU0035,816,0,23.0,541
2024-04-22,SKU0035,580,0,23.0,541
2024-04-29,SKU0035,382,386,23.0,541
2024-05-06,SKU0035,172,386,23.0,541
2024-05-13,SKU0035,0,720,23.0,541
2024-05-20,SKU0035,266,334,23.0,541
2024-05-27,SKU0035,63,690,23.0,541
2024-06-03,SKU0035,155,356,23.0,541
2024-06-10,SKU0035,0,749,23.0,541
2024-06-17,SKU0035,296,393,23.0,541
2024-06-24,SKU0035,92,393,23.0,541
2024-07-01,SKU0035,287,547,23.0,541
2024-07-08,SKU0035,47,547,23.0,541
2024-07-15,SKU0035,0,547,23.0,541
2024-07-22,SKU0035,0,547,23.0,541
2024-07-29,SKU0035,327,420,23.0,541
2024-08-05,SKU0035,0,768,23.0,541
2024-08-12,SKU0035,0,768,23.0,541
2024-08-19,SKU0035,350,348,23.0,541
2024-08-26,SKU0035,487,0,23.0,541
2024-09-02,SKU0035,279,538,23.0,541
2024-09-09,SKU0035,47,538,23.0,541
2024-09-16,SKU0035,0,862,23.0,541
2024-09-23,SKU0035,500,324,23.0,541
2024-09-30,SKU0035,307,324,23.0,541
2024-10-07,SKU0035,385,367,23.0,541
2024-10-14,SKU0035,117,367,23.0,541
2024-10-21,SKU0035,0,367,23.0,541
2024-10-28,SKU0035,299,495,23.0,541
2024-11-04,SKU0035,0,495,23.0,541
2024-11-11,SKU0035,0,862,23.0,541
2024-11-18,SKU0035,390,367,23.0,541
2024-11-25,SKU0035,89,720,23.0,541
2024-12-02,SKU0035,12,353,23.0,541
2024-12-09,SKU0035,0,862,23.0,541
2024-12-16,SKU0035,0,862,23.0,541
2024-12-23,SKU0035,0,862,23.0,541
2024-12-30,SKU0035,311,353,23.0,541
2025-01-06,SKU0035,0,781,23.0,541
2025-01-13,SKU0035,310,428,23.0,541
2025-01-20,SKU0035,15,428,23.0,541
2025-01-27,SKU0035,282,434,23.0,541
2025-02-03,SKU0035,0,803,23.0,541
2025-02-10,SKU0035,0,803,23.0,541
2025-02-17,SKU0035,327,369,23.0,541
2025-02-24,SKU0035,426,0,23.0,541
2025-03-03,SKU0035,187,468,23.0,541
2025-03-10,SKU0035,0,838,23.0,541
2025-03-17,SKU0035,0,838,23.0,541
2025-03-24,SKU0035,250,370,23.0,541
2025-03-31,SKU0035,54,714,23.0,541
2025-04-07,SKU0035,225,344,23.0,541
2025-04-14,SKU0035,10,779,23.0,541
2025-04-21,SKU0035,231,435,23.0,541
2025-04-28,SKU0035,37,804,23.0,541
2025-05-05,SKU0035,408,369,23.0,541
2025-05-12,SKU0035,166,696,23.0,541
2025-05-19,SKU0035,0,696,23.0,541
2025-05-26,SKU0035,155,707,23.0,541
2025-06-02,SKU0035,0,707,23.0,541
2025-06-09,SKU0035,131,380,23.0,541
2025-06-16,SKU0035,0,779,23.0,541
2025-06-23,SKU0035,218,399,23.0,541
2025-06-30,SKU0035,3,399,23.0,541
2025-07-07,SKU0035,245,463,23.0,541
2025-07-14,SKU0035,48,463,23.0,541
2025-07-21,SKU0035,0,862,23.0,541
2025-07-28,SKU0035,322,399,23.0,541
2025-08-04,SKU0035,3,399,23.0,541
2025-08-11,SKU0035,377,463,23.0,541
2025-08-18,SKU0035,148,463,23.0,541
2025-08-25,SKU0035,6,856,23.0,541
2025-09-01,SKU0035,358,393,23.0,541
2025-09-08,SKU0035,170,393,23.0,541
2025-09-15,SKU0035,0,833,23.0,541
2025-09-22,SKU0035,284,440,23.0,541
2025-09-29,SKU0035,103,440,23.0,541
2025-10-06,SKU0035,412,329,23.0,541
2025-10-13,SKU0035,106,329,23.0,541
2025-10-20,SKU0035,0,800,23.0,541
2025-10-27,SKU0035,55,471,23.0,541
2025-11-03,SKU0035,0,471,23.0,541
2025-11-10,SKU0035,258,604,23.0,541
2025-11-17,SKU0035,5,604,23.0,541
2025-11-24,SKU0035,0,604,23.0,541
2025-12-01,SKU0035,0,604,23.0,541
2025-12-08,SKU0035,292,0,23.0,541
2025-12-15,SKU0035,21,605,23.0,541
2025-12-22,SKU0035,0,605,23.0,541
2025-12-29,SKU0035,0,605,23.0,541
2024-01-01,SKU0036,1424,0,14.0,931
2024-01-08,SKU0036,1105,0,14.0,931
2024-01-15,SKU0036,786,850,14.0,931
2024-01-22,SKU0036,466,850,14.0,931
2024-01-29,SKU0036,997,0,14.0,931
2024-02-05,SKU0036,678,867,14.0,931
2024-02-12,SKU0036,358,867,14.0,931
2024-02-19,SKU0036,906,867,14.0,931
2024-02-26,SKU0036,587,867,14.0,931
2024-03-04,SKU0036,1134,0,14.0,931
2024-03-11,SKU0036,815,0,14.0,931
2024-03-18,SKU0036,496,1049,14.0,931
2024-03-25,SKU0036,176,1049,14.0,931
2024-04-01,SKU0036,906,0,14.0,931
2024-04-08,SKU0036,587,912,14.0,931
2024-04-15,SKU0036,267,912,14.0,931
2024-04-22,SKU0036,860,913,14.0,931
2024-04-29,SKU0036,541,913,14.0,931
2024-05-06,SKU0036,1134,0,14.0,931
2024-05-13,SKU0036,815,867,14.0,931
2024-05-20,SKU0036,496,867,14.0,931
2024-05-27,SKU0036,1044,0,14.0,931
2024-06-03,SKU0036,724,1003,14.0,931
2024-06-10,SKU0036,405,1003,14.0,931
2024-06-17,SKU0036,1089,0,14.0,931
2024-06-24,SKU0036,769,913,14.0,931
2024-07-01,SKU0036,450,913,14.0,931
2024-07-08,SKU0036,1044,0,14.0,931
2024-07-15,SKU0036,724,866,14.0,931
2024-07-22,SKU0036,405,866,14.0,931
2024-07-29,SKU0036,952,0,14.0,931
2024-08-05,SKU0036,632,867,14.0,931
2024-08-12,SKU0036,313,867,14.0,931
2024-08-19,SKU0036,861,912,14.0,931
2024-08-26,SKU0036,541,912,14.0,931
2024-09-02,SKU0036,1134,0,14.0,931
2024-09-09,SKU0036,815,0,14.0,931
2024-09-16,SKU0036,495,1004,14.0,931
2024-09-23,SKU0036,176,1004,14.0,931
2024-09-30,SKU0036,861,0,14.0,931
2024-10-07,SKU0036,541,1049,14.0,931
2024-10-14,SKU0036,222,1049,14.0,931
2024-10-21,SKU0036,811,896,14.0,931
2024-10-28,SKU0036,417,896,14.0,931
2024-11-04,SKU0036,1003,0,14.0,931
2024-11-11,SKU0036,700,847,14.0,931
2024-11-18,SKU0036,359,847,14.0,931
2024-11-25,SKU0036,865,908,14.0,931
2024-12-02,SKU0036,323,908,14.0,931
2024-12-09,SKU0036,860,865,14.0,931
2024-12-16,SKU0036,410,865,14.0,931
2024-12-23,SKU0036,706,883,14.0,931
2024-12-30,SKU0036,321,883,14.0,931
2025-01-06,SKU0036,636,864,14.0,931
2025-01-13,SKU0036,159,864,14.0,931
2025-01-20,SKU0036,738,872,14.0,931
2025-01-27,SKU0036,402,872,14.0,931
2025-02-03,SKU0036,977,0,14.0,931
2025-02-10,SKU0036,631,890,14.0,931
2025-02-17,SKU0036,272,890,14.0,931
2025-02-24,SKU0036,880,858,14.0,931
2025-03-03,SKU0036,601,858,14.0,931
2025-03-10,SKU0036,1177,0,14.0,931
2025-03-17,SKU0036,970,0,14.0,931
2025-03-24,SKU0036,728,896,14.0,931
2025-03-31,SKU0036,433,896,14.0,931
2025-04-07,SKU0036,1082,0,14.0,931
2025-04-14,SKU0036,813,926,14.0,931
2025-04-21,SKU0036,560,926,14.0,931
2025-04-28,SKU0036,1228,0,14.0,931
2025-05-05,SKU0036,967,0,14.0,931
2025-05-12,SKU0036,758,848,14.0,931
2025-05-19,SKU0036,530,848,14.0,931
2025-05-26,SKU0036,1147,0,14.0,931
2025-06-02,SKU0036,894,879,14.0,931
2025-06-09,SKU0036,659,879,14.0,931
2025-06-16,SKU0036,1291,0,14.0,931
2025-06-23,SKU0036,1073,0,14.0,931
2025-06-30,SKU0036,772,864,14.0,931
2025-07-07,SKU0036,594,864,14.0,931
2025-07-14,SKU0036,1225,0,14.0,931
2025-07-21,SKU0036,976,0,14.0,931
2025-07-28,SKU0036,796,843,14.0,931
2025-08-04,SKU0036,434,843,14.0,931
2025-08-11,SKU0036,865,883,14.0,931
2025-08-18,SKU0036,589,883,14.0,931
2025-08-25,SKU0036,1174,0,14.0,931
2025-09-01,SKU0036,856,917,14.0,931
2025-09-08,SKU0036,656,917,14.0,931
2025-09-15,SKU0036,1376,0,14.0,931
2025-09-22,SKU0036,1149,0,14.0,931
2025-09-29,SKU0036,893,858,14.0,931
2025-10-06,SKU0036,568,858,14.0,931
2025-10-13,SKU0036,1096,0,14.0,931
2025-10-20,SKU0036,583,881,14.0,931
2025-10-27,SKU0036,197,881,14.0,931
2025-11-03,SKU0036,726,957,14.0,931
2025-11-10,SKU0036,423,957,14.0,931
2025-11-17,SKU0036,1091,0,14.0,931
2025-11-24,SKU0036,847,880,14.0,931
2025-12-01,SKU0036,243,880,14.0,931
2025-12-08,SKU0036,784,893,14.0,931
2025-12-15,SKU0036,464,893,14.0,931
2025-12-22,SKU0036,931,0,14.0,931
2025-12-29,SKU0036,603,883,14.0,931
2024-01-01,SKU0037,345,0,15.0,196
2024-01-08,SKU0037,288,0,15.0,196
2024-01-15,SKU0037,231,0,15.0,196
2024-01-22,SKU0037,174,173,15.0,196
2024-01-29,SKU0037,117,173,15.0,196
2024-02-05,SKU0037,233,0,15.0,196
2024-02-12,SKU0037,176,171,15.0,196
2024-02-19,SKU0037,119,171,15.0,196
2024-02-26,SKU0037,233,0,15.0,196
2024-03-04,SKU0037,176,171,15.0,196
2024-03-11,SKU0037,119,171,15.0,196
2024-03-18,SKU0037,233,0,15.0,196
2024-03-25,SKU0037,176,171,15.0,196
2024-04-01,SKU0037,119,171,15.0,196
2024-04-08,SKU0037,233,0,15.0,196
2024-04-15,SKU0037,176,170,15.0,196
2024-04-22,SKU0037,119,170,15.0,196
2024-04-29,SKU0037,232,0,15.0,196
2024-05-06,SKU0037,175,171,15.0,196
2024-05-13,SKU0037,118,171,15.0,196
2024-05-20,SKU0037,232,0,15.0,196
2024-05-27,SKU0037,175,171,15.0,196
2024-06-03,SKU0037,119,171,15.0,196
2024-06-10,SKU0037,233,0,15.0,196
2024-06-17,SKU0037,176,171,15.0,196
2024-06-24,SKU0037,119,171,15.0,196
2024-07-01,SKU0037,233,0,15.0,196
2024-07-08,SKU0037,176,171,15.0,196
2024-07-15,SKU0037,119,171,15.0,196
2024-07-22,SKU0037,233,0,15.0,196
2024-07-29,SKU0037,176,171,15.0,196
2024-08-05,SKU0037,119,171,15.0,196
2024-08-12,SKU0037,233,0,15.0,196
2024-08-19,SKU0037,176,171,15.0,196
2024-08-26,SKU0037,119,171,15.0,196
2024-09-02,SKU0037,233,0,15.0,196
2024-09-09,SKU0037,176,171,15.0,196
2024-09-16,SKU0037,119,171,15.0,196
2024-09-23,SKU0037,233,0,15.0,196
2024-09-30,SKU0037,176,171,15.0,196
2024-10-07,SKU0037,119,171,15.0,196
2024-10-14,SKU0037,233,0,15.0,196
2024-10-21,SKU0037,176,179,15.0,196
2024-10-28,SKU0037,119,179,15.0,196
2024-11-04,SKU0037,241,0,15.0,196
2024-11-11,SKU0037,184,171,15.0,196
2024-11-18,SKU0037,127,171,15.0,196
2024-11-25,SKU0037,241,0,15.0,196
2024-12-02,SKU0037,184,171,15.0,196
2024-12-09,SKU0037,127,171,15.0,196
2024-12-16,SKU0037,241,0,15.0,196
2024-12-23,SKU0037,184,170,15.0,196
2024-12-30,SKU0037,127,170,15.0,196
2025-01-06,SKU0037,240,0,15.0,196
2025-01-13,SKU0037,183,171,15.0,196
2025-01-20,SKU0037,127,171,15.0,196
2025-01-27,SKU0037,241,0,15.0,196
2025-02-03,SKU0037,184,171,15.0,196
2025-02-10,SKU0037,127,171,15.0,196
2025-02-17,SKU0037,241,0,15.0,196
2025-02-24,SKU0037,184,171,15.0,196
2025-03-03,SKU0037,127,171,15.0,196
2025-03-10,SKU0037,241,0,15.0,196
2025-03-17,SKU0037,184,171,15.0,196
2025-03-24,SKU0037,127,171,15.0,196
2025-03-31,SKU0037,241,0,15.0,196
2025-04-07,SKU0037,185,171,15.0,196
2025-04-14,SKU0037,132,171,15.0,196
2025-04-21,SKU0037,254,0,15.0,196
2025-04-28,SKU0037,213,0,15.0,196
2025-05-05,SKU0037,171,168,15.0,196
2025-05-12,SKU0037,119,168,15.0,196
2025-05-19,SKU0037,246,0,15.0,196
2025-05-26,SKU0037,208,0,15.0,196
2025-06-02,SKU0037,156,170,15.0,196
2025-06-09,SKU0037,102,170,15.0,196
2025-06-16,SKU0037,230,0,15.0,196
2025-06-23,SKU0037,183,174,15.0,196
2025-06-30,SKU0037,132,174,15.0,196
2025-07-07,SKU0037,264,0,15.0,196
2025-07-14,SKU0037,215,0,15.0,196
2025-07-21,SKU0037,172,168,15.0,196
2025-07-28,SKU0037,113,168,15.0,196
2025-08-04,SKU0037,219,0,15.0,196
2025-08-11,SKU0037,136,174,15.0,196
2025-08-18,SKU0037,92,174,15.0,196
2025-08-25,SKU0037,224,0,15.0,196
2025-09-01,SKU0037,163,172,15.0,196
2025-09-08,SKU0037,122,172,15.0,196
2025-09-15,SKU0037,251,0,15.0,196
2025-09-22,SKU0037,204,0,15.0,196
2025-09-29,SKU0037,170,170,15.0,196
2025-10-06,SKU0037,112,170,15.0,196
2025-10-13,SKU0037,226,0,15.0,196
2025-10-20,SKU0037,100,167,15.0,196
2025-10-27,SKU0037,13,334,15.0,196
2025-11-03,SKU0037,128,167,15.0,196
2025-11-10,SKU0037,240,0,15.0,196
2025-11-17,SKU0037,173,179,15.0,196
2025-11-24,SKU0037,111,179,15.0,196
2025-12-01,SKU0037,176,171,15.0,196
2025-12-08,SKU0037,85,171,15.0,196
2025-12-15,SKU0037,210,0,15.0,196
2025-12-22,SKU0037,158,173,15.0,196
2025-12-29,SKU0037,86,173,15.0,196
2024-01-01,SKU0038,498,0,18.0,415
2024-01-08,SKU0038,285,371,18.0,415
2024-01-15,SKU0038,72,371,18.0,415
2024-01-22,SKU0038,0,706,18.0,415
2024-01-29,SKU0038,189,335,18.0,415
2024-02-05,SKU0038,311,376,18.0,415
2024-02-12,SKU0038,98,376,18.0,415
2024-02-19,SKU0038,0,680,18.0,415
2024-02-26,SKU0038,224,304,18.0,415
2024-03-04,SKU0038,315,371,18.0,415
2024-03-11,SKU0038,103,371,18.0,415
2024-03-18,SKU0038,0,675,18.0,415
2024-03-25,SKU0038,219,304,18.0,415
2024-04-01,SKU0038,310,407,18.0,415
2024-04-08,SKU0038,98,407,18.0,415
2024-04-15,SKU0038,0,711,18.0,415
2024-04-22,SKU0038,285,304,18.0,415
2024-04-29,SKU0038,376,310,18.0,415
2024-05-06,SKU0038,232,310,18.0,415
2024-05-13,SKU0038,46,628,18.0,415
2024-05-20,SKU0038,187,318,18.0,415
2024-05-27,SKU0038,56,623,18.0,415
2024-06-03,SKU0038,124,305,18.0,415
2024-06-10,SKU0038,0,649,18.0,415
2024-06-17,SKU0038,71,344,18.0,415
2024-06-24,SKU0038,269,373,18.0,415
2024-07-01,SKU0038,59,373,18.0,415
2024-07-08,SKU0038,301,333,18.0,415
2024-07-15,SKU0038,89,333,18.0,415
2024-07-22,SKU0038,210,311,18.0,415
2024-07-29,SKU0038,0,615,18.0,415
2024-08-05,SKU0038,166,304,18.0,415
2024-08-12,SKU0038,275,330,18.0,415
2024-08-19,SKU0038,54,663,18.0,415
2024-08-26,SKU0038,229,333,18.0,415
2024-09-02,SKU0038,23,656,18.0,415
2024-09-09,SKU0038,266,323,18.0,415
2024-09-16,SKU0038,97,323,18.0,415
2024-09-23,SKU0038,154,393,18.0,415
2024-09-30,SKU0038,0,706,18.0,415
2024-10-07,SKU0038,381,313,18.0,415
2024-10-14,SKU0038,147,313,18.0,415
2024-10-21,SKU0038,18,416,18.0,415
2024-10-28,SKU0038,0,416,18.0,415
2024-11-04,SKU0038,377,0,18.0,415
2024-11-11,SKU0038,204,382,18.0,415
2024-11-18,SKU0038,0,717,18.0,415
2024-11-25,SKU0038,242,335,18.0,415
2024-12-02,SKU0038,0,694,18.0,415
2024-12-09,SKU0038,174,359,18.0,415
2024-12-16,SKU0038,0,666,18.0,415
2024-12-23,SKU0038,0,636,18.0,415
2024-12-30,SKU0038,0,636,18.0,415
2025-01-06,SKU0038,274,361,18.0,415
2025-01-13,SKU0038,0,666,18.0,415
2025-01-20,SKU0038,0,666,18.0,415
2025-01-27,SKU0038,118,305,18.0,415
2025-02-03,SKU0038,92,357,18.0,415
2025-02-10,SKU0038,0,660,18.0,415
2025-02-17,SKU0038,240,303,18.0,415
2025-02-24,SKU0038,319,398,18.0,415
2025-03-03,SKU0038,37,398,18.0,415
2025-03-10,SKU0038,0,717,18.0,415
2025-03-17,SKU0038,240,319,18.0,415
2025-03-24,SKU0038,98,319,18.0,415
2025-03-31,SKU0038,198,316,18.0,415
2025-04-07,SKU0038,58,316,18.0,415
2025-04-14,SKU0038,196,380,18.0,415
2025-04-21,SKU0038,109,380,18.0,415
2025-04-28,SKU0038,313,322,18.0,415
2025-05-05,SKU0038,111,322,18.0,415
2025-05-12,SKU0038,240,395,18.0,415
2025-05-19,SKU0038,10,707,18.0,415
2025-05-26,SKU0038,0,707,18.0,415
2025-06-02,SKU0038,225,312,18.0,415
2025-06-09,SKU0038,342,375,18.0,415
2025-06-16,SKU0038,109,375,18.0,415
2025-06-23,SKU0038,0,690,18.0,415
2025-06-30,SKU0038,288,315,18.0,415
2025-07-07,SKU0038,107,315,18.0,415
2025-07-14,SKU0038,213,308,18.0,415
2025-07-21,SKU0038,0,626,18.0,415
2025-07-28,SKU0038,245,318,18.0,415
2025-08-04,SKU0038,243,397,18.0,415
2025-08-11,SKU0038,0,713,18.0,415
2025-08-18,SKU0038,0,713,18.0,415
2025-08-25,SKU0038,268,316,18.0,415
2025-09-01,SKU0038,483,0,18.0,415
2025-09-08,SKU0038,337,321,18.0,415
2025-09-15,SKU0038,252,321,18.0,415
2025-09-22,SKU0038,155,321,18.0,415
2025-09-29,SKU0038,377,337,18.0,415
2025-10-06,SKU0038,213,337,18.0,415
2025-10-13,SKU0038,94,337,18.0,415
2025-10-20,SKU0038,200,332,18.0,415
2025-10-27,SKU0038,80,332,18.0,415
2025-11-03,SKU0038,348,314,18.0,415
2025-11-10,SKU0038,291,314,18.0,415
2025-11-17,SKU0038,534,0,18.0,415
2025-11-24,SKU0038,465,0,18.0,415
2025-12-01,SKU0038,369,325,18.0,415
2025-12-08,SKU0038,304,325,18.0,415
2025-12-15,SKU0038,268,325,18.0,415
2025-12-22,SKU0038,557,0,18.0,415
2025-12-29,SKU0038,525,0,18.0,415
2024-01-01,SKU0039,683,0,9.0,341
2024-01-08,SKU0039,472,0,9.0,341
2024-01-15,SKU0039,262,478,9.0,341
2024-01-22,SKU0039,529,0,9.0,341
2024-01-29,SKU0039,319,481,9.0,341
2024-02-05,SKU0039,108,481,9.0,341
2024-02-12,SKU0039,379,0,9.0,341
2024-02-19,SKU0039,168,482,9.0,341
2024-02-26,SKU0039,439,0,9.0,341
2024-03-04,SKU0039,229,481,9.0,341
2024-03-11,SKU0039,499,0,9.0,341
2024-03-18,SKU0039,289,481,9.0,341
2024-03-25,SKU0039,78,481,9.0,341
2024-04-01,SKU0039,349,0,9.0,341
2024-04-08,SKU0039,138,511,9.0,341
2024-04-15,SKU0039,439,0,9.0,341
2024-04-22,SKU0039,228,482,9.0,341
2024-04-29,SKU0039,499,0,9.0,341
2024-05-06,SKU0039,289,511,9.0,341
2024-05-13,SKU0039,78,511,9.0,341
2024-05-20,SKU0039,379,0,9.0,341
2024-05-27,SKU0039,168,511,9.0,341
2024-06-03,SKU0039,469,0,9.0,341
2024-06-10,SKU0039,258,482,9.0,341
2024-06-17,SKU0039,530,0,9.0,341
2024-06-24,SKU0039,319,481,9.0,341
2024-07-01,SKU0039,108,481,9.0,341
2024-07-08,SKU0039,379,0,9.0,341
2024-07-15,SKU0039,168,602,9.0,341
2024-07-22,SKU0039,0,602,9.0,341
2024-07-29,SKU0039,391,0,9.0,341
2024-08-05,SKU0039,181,469,9.0,341
2024-08-12,SKU0039,439,0,9.0,341
2024-08-19,SKU0039,229,481,9.0,341
2024-08-26,SKU0039,499,0,9.0,341
2024-09-02,SKU0039,289,0,9.0,341
2024-09-09,SKU0039,78,541,9.0,341
2024-09-16,SKU0039,409,0,9.0,341
2024-09-23,SKU0039,198,482,9.0,341
2024-09-30,SKU0039,469,0,9.0,341
2024-10-07,SKU0039,259,511,9.0,341
2024-10-14,SKU0039,48,511,9.0,341
2024-10-21,SKU0039,349,0,9.0,341
2024-10-28,SKU0039,138,481,9.0,341
2024-11-04,SKU0039,409,0,9.0,341
2024-11-11,SKU0039,198,512,9.0,341
2024-11-18,SKU0039,500,0,9.0,341
2024-11-25,SKU0039,289,481,9.0,341
2024-12-02,SKU0039,78,481,9.0,341
2024-12-09,SKU0039,349,0,9.0,341
2024-12-16,SKU0039,138,481,9.0,341
2024-12-23,SKU0039,409,0,9.0,341
2024-12-30,SKU0039,198,481,9.0,341
2025-01-06,SKU0039,469,0,9.0,341
2025-01-13,SKU0039,258,482,9.0,341
2025-01-20,SKU0039,530,0,9.0,341
2025-01-27,SKU0039,319,0,9.0,341
2025-02-03,SKU0039,108,571,9.0,341
2025-02-10,SKU0039,481,0,9.0,341
2025-02-17,SKU0039,270,470,9.0,341
2025-02-24,SKU0039,530,0,9.0,341
2025-03-03,SKU0039,319,481,9.0,341
2025-03-10,SKU0039,147,481,9.0,341
2025-03-17,SKU0039,450,0,9.0,341
2025-03-24,SKU0039,258,478,9.0,341
2025-03-31,SKU0039,557,0,9.0,341
2025-04-07,SKU0039,390,0,9.0,341
2025-04-14,SKU0039,203,470,9.0,341
2025-04-21,SKU0039,526,0,9.0,341
2025-04-28,SKU0039,375,0,9.0,341
2025-05-05,SKU0039,168,575,9.0,341
2025-05-12,SKU0039,553,0,9.0,341
2025-05-19,SKU0039,391,0,9.0,341
2025-05-26,SKU0039,205,503,9.0,341
2025-06-02,SKU0039,512,0,9.0,341
2025-06-09,SKU0039,304,496,9.0,341
2025-06-16,SKU0039,138,496,9.0,341
2025-06-23,SKU0039,407,0,9.0,341
2025-06-30,SKU0039,237,467,9.0,341
2025-07-07,SKU0039,539,0,9.0,341
2025-07-14,SKU0039,405,0,9.0,341
2025-07-21,SKU0039,206,479,9.0,341
2025-07-28,SKU0039,472,0,9.0,341
2025-08-04,SKU0039,219,0,9.0,341
2025-08-11,SKU0039,0,620,9.0,341
2025-08-18,SKU0039,481,0,9.0,341
2025-08-25,SKU0039,309,491,9.0,341
2025-09-01,SKU0039,166,491,9.0,341
2025-09-08,SKU0039,462,0,9.0,341
2025-09-15,SKU0039,304,464,9.0,341
2025-09-22,SKU0039,153,464,9.0,341
2025-09-29,SKU0039,450,0,9.0,341
2025-10-06,SKU0039,216,500,9.0,341
2025-10-13,SKU0039,540,0,9.0,341
2025-10-20,SKU0039,178,485,9.0,341
2025-10-27,SKU0039,452,0,9.0,341
2025-11-03,SKU0039,208,487,9.0,341
2025-11-10,SKU0039,475,0,9.0,341
2025-11-17,SKU0039,234,505,9.0,341
2025-11-24,SKU0039,579,0,9.0,341
2025-12-01,SKU0039,135,530,9.0,341
2025-12-08,SKU0039,512,0,9.0,341
2025-12-15,SKU0039,272,496,9.0,341
2025-12-22,SKU0039,55,496,9.0,341
2025-12-29,SKU0039,287,513,9.0,341
2024-01-01,SKU0040,429,0,7.0,254
2024-01-08,SKU0040,215,0,7.0,254
2024-01-15,SKU0040,0,532,7.0,254
2024-01-22,SKU0040,348,0,7.0,254
2024-01-29,SKU0040,134,0,7.0,254
2024-02-05,SKU0040,0,686,7.0,254
2024-02-12,SKU0040,594,0,7.0,254
2024-02-19,SKU0040,380,0,7.0,254
2024-02-26,SKU0040,165,460,7.0,254
2024-03-04,SKU0040,411,0,7.0,254
2024-03-11,SKU0040,196,459,7.0,254
2024-03-18,SKU0040,441,0,7.0,254
2024-03-25,SKU0040,226,0,7.0,254
2024-04-01,SKU0040,12,490,7.0,254
2024-04-08,SKU0040,288,0,7.0,254
2024-04-15,SKU0040,73,460,7.0,254
2024-04-22,SKU0040,319,0,7.0,254
2024-04-29,SKU0040,104,459,7.0,254
2024-05-06,SKU0040,349,0,7.0,254
2024-05-13,SKU0040,134,521,7.0,254
2024-05-20,SKU0040,460,0,7.0,254
2024-05-27,SKU0040,245,441,7.0,254
2024-06-03,SKU0040,472,0,7.0,254
2024-06-10,SKU0040,257,0,7.0,254
2024-06-17,SKU0040,43,459,7.0,254
2024-06-24,SKU0040,288,0,7.0,254
2024-07-01,SKU0040,73,582,7.0,254
2024-07-08,SKU0040,521,0,7.0,254
2024-07-15,SKU0040,306,0,7.0,254
2024-07-22,SKU0040,92,472,7.0,254
2024-07-29,SKU0040,349,0,7.0,254
2024-08-05,SKU0040,135,459,7.0,254
2024-08-12,SKU0040,380,0,7.0,254
2024-08-19,SKU0040,165,460,7.0,254
2024-08-26,SKU0040,411,0,7.0,254
2024-09-02,SKU0040,196,459,7.0,254
2024-09-09,SKU0040,441,0,7.0,254
2024-09-16,SKU0040,226,460,7.0,254
2024-09-23,SKU0040,472,0,7.0,254
2024-09-30,SKU0040,257,0,7.0,254
2024-10-07,SKU0040,43,459,7.0,254
2024-10-14,SKU0040,288,0,7.0,254
2024-10-21,SKU0040,73,613,7.0,254
2024-10-28,SKU0040,582,0,7.0,254
2024-11-04,SKU0040,368,0,7.0,254
2024-11-11,SKU0040,153,441,7.0,254
2024-11-18,SKU0040,380,0,7.0,254
2024-11-25,SKU0040,166,520,7.0,254
2024-12-02,SKU0040,489,0,7.0,254
2024-12-09,SKU0040,230,439,7.0,254
2024-12-16,SKU0040,386,0,7.0,254
2024-12-23,SKU0040,0,477,7.0,254
2024-12-30,SKU0040,328,0,7.0,254
2025-01-06,SKU0040,0,448,7.0,254
2025-01-13,SKU0040,156,530,7.0,254
2025-01-20,SKU0040,510,0,7.0,254
2025-01-27,SKU0040,228,458,7.0,254
2025-02-03,SKU0040,457,0,7.0,254
2025-02-10,SKU0040,251,0,7.0,254
2025-02-17,SKU0040,65,466,7.0,254
2025-02-24,SKU0040,321,0,7.0,254
2025-03-03,SKU0040,111,489,7.0,254
2025-03-10,SKU0040,446,0,7.0,254
2025-03-17,SKU0040,262,0,7.0,254
2025-03-24,SKU0040,125,455,7.0,254
2025-03-31,SKU0040,376,0,7.0,254
2025-04-07,SKU0040,202,445,7.0,254
2025-04-14,SKU0040,472,0,7.0,254
2025-04-21,SKU0040,270,0,7.0,254
2025-04-28,SKU0040,94,473,7.0,254
2025-05-05,SKU0040,400,0,7.0,254
2025-05-12,SKU0040,243,0,7.0,254
2025-05-19,SKU0040,71,470,7.0,254
2025-05-26,SKU0040,379,0,7.0,254
2025-06-02,SKU0040,178,479,7.0,254
2025-06-09,SKU0040,507,0,7.0,254
2025-06-16,SKU0040,333,0,7.0,254
2025-06-23,SKU0040,166,438,7.0,254
2025-06-30,SKU0040,410,0,7.0,254
2025-07-07,SKU0040,247,0,7.0,254
2025-07-14,SKU0040,40,463,7.0,254
2025-07-21,SKU0040,342,0,7.0,254
2025-07-28,SKU0040,187,451,7.0,254
2025-08-04,SKU0040,366,0,7.0,254
2025-08-11,SKU0040,132,493,7.0,254
2025-08-18,SKU0040,431,0,7.0,254
2025-08-25,SKU0040,231,455,7.0,254
2025-09-01,SKU0040,575,0,7.0,254
2025-09-08,SKU0040,372,0,7.0,254
2025-09-15,SKU0040,206,461,7.0,254
2025-09-22,SKU0040,463,0,7.0,254
2025-09-29,SKU0040,305,0,7.0,254
2025-10-06,SKU0040,69,528,7.0,254
2025-10-13,SKU0040,397,0,7.0,254
2025-10-20,SKU0040,65,460,7.0,254
2025-10-27,SKU0040,330,0,7.0,254
2025-11-03,SKU0040,93,461,7.0,254
2025-11-10,SKU0040,362,0,7.0,254
2025-11-17,SKU0040,172,451,7.0,254
2025-11-24,SKU0040,426,0,7.0,254
2025-12-01,SKU0040,38,485,7.0,254
2025-12-08,SKU0040,359,0,7.0,254
2025-12-15,SKU0040,137,454,7.0,254
2025-12-22,SKU0040,358,0,7.0,254
2025-12-29,SKU0040,111,546,7.0,254
2024-01-01,SKU0041,54,0,9.0,33
2024-01-08,SKU0041,0,55,9.0,33
2024-01-15,SKU0041,23,54,9.0,33
2024-01-22,SKU0041,0,54,9.0,33
2024-01-29,SKU0041,0,44,9.0,33
2024-02-05,SKU0041,12,54,9.0,33
2024-02-12,SKU0041,0,54,9.0,33
2024-02-19,SKU0041,0,44,9.0,33
2024-02-26,SKU0041,1,54,9.0,33
2024-03-04,SKU0041,43,0,9.0,33
2024-03-11,SKU0041,0,44,9.0,33
2024-03-18,SKU0041,0,54,9.0,33
2024-03-25,SKU0041,33,44,9.0,33
2024-04-01,SKU0041,0,44,9.0,33
2024-04-08,SKU0041,0,76,9.0,33
2024-04-15,SKU0041,65,0,9.0,33
2024-04-22,SKU0041,0,54,9.0,33
2024-04-29,SKU0041,33,44,9.0,33
2024-05-06,SKU0041,0,44,9.0,33
2024-05-13,SKU0041,0,54,9.0,33
2024-05-20,SKU0041,22,44,9.0,33
2024-05-27,SKU0041,0,44,9.0,33
2024-06-03,SKU0041,0,54,9.0,33
2024-06-10,SKU0041,11,44,9.0,33
2024-06-17,SKU0041,33,0,9.0,33
2024-06-24,SKU0041,0,54,9.0,33
2024-07-01,SKU0041,1,44,9.0,33
2024-07-08,SKU0041,23,54,9.0,33
2024-07-15,SKU0041,0,54,9.0,33
2024-07-22,SKU0041,0,44,9.0,33
2024-07-29,SKU0041,12,54,9.0,33
2024-08-05,SKU0041,0,54,9.0,33
2024-08-12,SKU0041,0,44,9.0,33
2024-08-19,SKU0041,1,54,9.0,33
2024-08-26,SKU0041,43,0,9.0,33
2024-09-02,SKU0041,0,44,9.0,33
2024-09-09,SKU0041,0,54,9.0,33
2024-09-16,SKU0041,33,44,9.0,33
2024-09-23,SKU0041,0,44,9.0,33
2024-09-30,SKU0041,0,54,9.0,33
2024-10-07,SKU0041,22,44,9.0,33
2024-10-14,SKU0041,0,44,9.0,33
2024-10-21,SKU0041,0,54,9.0,33
2024-10-28,SKU0041,11,44,9.0,33
2024-11-04,SKU0041,33,0,9.0,33
2024-11-11,SKU0041,0,54,9.0,33
2024-11-18,SKU0041,1,44,9.0,33
2024-11-25,SKU0041,23,54,9.0,33
2024-12-02,SKU0041,0,54,9.0,33
2024-12-09,SKU0041,0,44,9.0,33
2024-12-16,SKU0041,12,65,9.0,33
2024-12-23,SKU0041,0,65,9.0,33
2024-12-30,SKU0041,1,55,9.0,33
2025-01-06,SKU0041,44,0,9.0,33
2025-01-13,SKU0041,0,54,9.0,33
2025-01-20,SKU0041,11,44,9.0,33
2025-01-27,SKU0041,33,0,9.0,33
2025-02-03,SKU0041,0,54,9.0,33
2025-02-10,SKU0041,1,44,9.0,33
2025-02-17,SKU0041,23,54,9.0,33
2025-02-24,SKU0041,0,54,9.0,33
2025-03-03,SKU0041,0,44,9.0,33
2025-03-10,SKU0041,12,54,9.0,33
2025-03-17,SKU0041,0,54,9.0,33
2025-03-24,SKU0041,0,44,9.0,33
2025-03-31,SKU0041,1,54,9.0,33
2025-04-07,SKU0041,43,0,9.0,33
2025-04-14,SKU0041,0,44,9.0,33
2025-04-21,SKU0041,3,45,9.0,33
2025-04-28,SKU0041,26,51,9.0,33
2025-05-05,SKU0041,0,51,9.0,33
2025-05-12,SKU0041,0,48,9.0,33
2025-05-19,SKU0041,15,52,9.0,33
2025-05-26,SKU0041,0,52,9.0,33
2025-06-02,SKU0041,0,46,9.0,33
2025-06-09,SKU0041,21,45,9.0,33
2025-06-16,SKU0041,40,0,9.0,33
2025-06-23,SKU0041,0,50,9.0,33
2025-06-30,SKU0041,15,52,9.0,33
2025-07-07,SKU0041,0,52,9.0,33
2025-07-14,SKU0041,0,58,9.0,33
2025-07-21,SKU0041,43,0,9.0,33
2025-07-28,SKU0041,0,48,9.0,33
2025-08-04,SKU0041,0,77,9.0,33
2025-08-11,SKU0041,0,77,9.0,33
2025-08-18,SKU0041,12,62,9.0,33
2025-08-25,SKU0041,0,62,9.0,33
2025-09-01,SKU0041,4,45,9.0,33
2025-09-08,SKU0041,30,47,9.0,33
2025-09-15,SKU0041,0,47,9.0,33
2025-09-22,SKU0041,5,52,9.0,33
2025-09-29,SKU0041,45,0,9.0,33
2025-10-06,SKU0041,0,52,9.0,33
2025-10-13,SKU0041,10,50,9.0,33
2025-10-20,SKU0041,24,53,9.0,33
2025-10-27,SKU0041,0,53,9.0,33
2025-11-03,SKU0041,0,50,9.0,33
2025-11-10,SKU0041,26,51,9.0,33
2025-11-17,SKU0041,0,51,9.0,33
2025-11-24,SKU0041,0,53,9.0,33
2025-12-01,SKU0041,0,61,9.0,33
2025-12-08,SKU0041,0,61,9.0,33
2025-12-15,SKU0041,0,45,9.0,33
2025-12-22,SKU0041,13,57,9.0,33
2025-12-29,SKU0041,0,57,9.0,33
2024-01-01,SKU0042,233,215,23.0,281
2024-01-08,SKU0042,68,215,23.0,281
2024-01-15,SKU0042,0,403,23.0,281
2024-01-22,SKU0042,0,403,23.0,281
2024-01-29,SKU0042,74,188,23.0,281
2024-02-05,SKU0042,98,233,23.0,281
2024-02-12,SKU0042,0,420,23.0,281
2024-02-19,SKU0042,0,420,23.0,281
2024-02-26,SKU0042,139,187,23.0,281
2024-03-04,SKU0042,162,169,23.0,281
2024-03-11,SKU0042,0,426,23.0,281
2024-03-18,SKU0042,0,426,23.0,281
2024-03-25,SKU0042,75,257,23.0,281
2024-04-01,SKU0042,0,443,23.0,281
2024-04-08,SKU0042,93,355,23.0,281
2024-04-15,SKU0042,0,355,23.0,281
2024-04-22,SKU0042,116,169,23.0,281
2024-04-29,SKU0042,0,356,23.0,281
2024-05-06,SKU0042,28,373,23.0,281
2024-05-13,SKU0042,0,373,23.0,281
2024-05-20,SKU0042,70,355,23.0,281
2024-05-27,SKU0042,163,169,23.0,281
2024-06-03,SKU0042,0,356,23.0,281
2024-06-10,SKU0042,0,356,23.0,281
2024-06-17,SKU0042,5,373,23.0,281
2024-06-24,SKU0042,117,186,23.0,281
2024-07-01,SKU0042,0,355,23.0,281
2024-07-08,SKU0042,139,169,23.0,281
2024-07-15,SKU0042,0,379,23.0,281
2024-07-22,SKU0042,52,210,23.0,281
2024-07-29,SKU0042,0,443,23.0,281
2024-08-05,SKU0042,140,233,23.0,281
2024-08-12,SKU0042,0,448,23.0,281
2024-08-19,SKU0042,139,215,23.0,281
2024-08-26,SKU0042,0,403,23.0,281
2024-09-02,SKU0042,0,403,23.0,281
2024-09-09,SKU0042,51,374,23.0,281
2024-09-16,SKU0042,141,186,23.0,281
2024-09-23,SKU0042,0,354,23.0,281
2024-09-30,SKU0042,0,354,23.0,281
2024-10-07,SKU0042,22,403,23.0,281
2024-10-14,SKU0042,74,235,23.0,281
2024-10-21,SKU0042,0,421,23.0,281
2024-10-28,SKU0042,0,421,23.0,281
2024-11-04,SKU0042,71,354,23.0,281
2024-11-11,SKU0042,93,355,23.0,281
2024-11-18,SKU0042,0,355,23.0,281
2024-11-25,SKU0042,0,355,23.0,281
2024-12-02,SKU0042,0,383,23.0,281
2024-12-09,SKU0042,41,385,23.0,281
2024-12-16,SKU0042,0,385,23.0,281
2024-12-23,SKU0042,79,369,23.0,281
2024-12-30,SKU0042,0,369,23.0,281
2025-01-06,SKU0042,0,417,23.0,281
2025-01-13,SKU0042,0,417,23.0,281
2025-01-20,SKU0042,39,409,23.0,281
2025-01-27,SKU0042,223,172,23.0,281
2025-02-03,SKU0042,56,349,23.0,281
2025-02-10,SKU0042,0,349,23.0,281
2025-02-17,SKU0042,32,365,23.0,281
2025-02-24,SKU0042,153,188,23.0,281
2025-03-03,SKU0042,22,386,23.0,281
2025-03-10,SKU0042,172,198,23.0,281
2025-03-17,SKU0042,47,372,23.0,281
2025-03-24,SKU0042,184,174,23.0,281
2025-03-31,SKU0042,48,383,23.0,281
2025-04-07,SKU0042,155,209,23.0,281
2025-04-14,SKU0042,12,420,23.0,281
2025-04-21,SKU0042,0,420,23.0,281
2025-04-28,SKU0042,68,211,23.0,281
2025-05-05,SKU0042,0,389,23.0,281
2025-05-12,SKU0042,69,361,23.0,281
2025-05-19,SKU0042,0,361,23.0,281
2025-05-26,SKU0042,80,183,23.0,281
2025-06-02,SKU0042,0,394,23.0,281
2025-06-09,SKU0042,65,383,23.0,281
2025-06-16,SKU0042,0,383,23.0,281
2025-06-23,SKU0042,94,354,23.0,281
2025-06-30,SKU0042,0,354,23.0,281
2025-07-07,SKU0042,57,391,23.0,281
2025-07-14,SKU0042,0,391,23.0,281
2025-07-21,SKU0042,67,381,23.0,281
2025-07-28,SKU0042,0,381,23.0,281
2025-08-04,SKU0042,42,375,23.0,281
2025-08-11,SKU0042,0,375,23.0,281
2025-08-18,SKU0042,75,373,23.0,281
2025-08-25,SKU0042,0,373,23.0,281
2025-09-01,SKU0042,48,346,23.0,281
2025-09-08,SKU0042,0,346,23.0,281
2025-09-15,SKU0042,78,345,23.0,281
2025-09-22,SKU0042,157,169,23.0,281
2025-09-29,SKU0042,19,338,23.0,281
2025-10-06,SKU0042,141,169,23.0,281
2025-10-13,SKU0042,0,347,23.0,281
2025-10-20,SKU0042,21,364,23.0,281
2025-10-27,SKU0042,0,364,23.0,281
2025-11-03,SKU0042,96,186,23.0,281
2025-11-10,SKU0042,0,379,23.0,281
2025-11-17,SKU0042,35,367,23.0,281
2025-11-24,SKU0042,0,367,23.0,281
2025-12-01,SKU0042,0,367,23.0,281
2025-12-08,SKU0042,159,193,23.0,281
2025-12-15,SKU0042,4,364,23.0,281
2025-12-22,SKU0042,170,171,23.0,281
2025-12-29,SKU0042,25,345,23.0,281
2024-01-01,SKU0043,594,0,27.0,453
2024-01-08,SKU0043,320,253,27.0,453
2024-01-15,SKU0043,46,565,27.0,453
2024-01-22,SKU0043,0,565,27.0,453
2024-01-29,SKU0043,0,565,27.0,453
2024-02-05,SKU0043,57,593,27.0,453
2024-02-12,SKU0043,156,534,27.0,453
2024-02-19,SKU0043,0,534,27.0,453
2024-02-26,SKU0043,0,534,27.0,453
2024-03-04,SKU0043,164,253,27.0,453
2024-03-11,SKU0043,175,352,27.0,453
2024-03-18,SKU0043,0,633,27.0,453
2024-03-25,SKU0043,0,633,27.0,453
2024-04-01,SKU0043,0,633,27.0,453
2024-04-08,SKU0043,78,612,27.0,453
2024-04-15,SKU0043,85,331,27.0,453
2024-04-22,SKU0043,0,690,27.0,453
2024-04-29,SKU0043,0,690,27.0,453
2024-05-06,SKU0043,253,359,27.0,453
2024-05-13,SKU0043,0,672,27.0,453
2024-05-20,SKU0043,124,566,27.0,453
2024-05-27,SKU0043,0,566,27.0,453
2024-06-03,SKU0043,0,566,27.0,453
2024-06-10,SKU0043,196,253,27.0,453
2024-06-17,SKU0043,175,359,27.0,453
2024-06-24,SKU0043,0,632,27.0,453
2024-07-01,SKU0043,0,632,27.0,453
2024-07-08,SKU0043,0,632,27.0,453
2024-07-15,SKU0043,124,527,27.0,453
2024-07-22,SKU0043,124,254,27.0,453
2024-07-29,SKU0043,0,606,27.0,453
2024-08-05,SKU0043,0,606,27.0,453
2024-08-12,SKU0043,137,352,27.0,453
2024-08-19,SKU0043,313,240,27.0,453
2024-08-26,SKU0043,39,494,27.0,453
2024-09-02,SKU0043,0,494,27.0,453
2024-09-09,SKU0043,201,254,27.0,453
2024-09-16,SKU0043,0,567,27.0,453
2024-09-23,SKU0043,19,313,27.0,453
2024-09-30,SKU0043,0,690,27.0,453
2024-10-07,SKU0043,0,690,27.0,453
2024-10-14,SKU0043,39,377,27.0,453
2024-10-21,SKU0043,0,690,27.0,453
2024-10-28,SKU0043,103,587,27.0,453
2024-11-04,SKU0043,0,587,27.0,453
2024-11-11,SKU0043,0,587,27.0,453
2024-11-18,SKU0043,39,612,27.0,453
2024-11-25,SKU0043,196,338,27.0,453
2024-12-02,SKU0043,0,612,27.0,453
2024-12-09,SKU0043,0,612,27.0,453
2024-12-16,SKU0043,221,274,27.0,453
2024-12-23,SKU0043,0,548,27.0,453
2024-12-30,SKU0043,39,533,27.0,453
2025-01-06,SKU0043,0,533,27.0,453
2025-01-13,SKU0043,0,533,27.0,453
2025-01-20,SKU0043,0,572,27.0,453
2025-01-27,SKU0043,63,587,27.0,453
2025-02-03,SKU0043,0,587,27.0,453
2025-02-10,SKU0043,0,587,27.0,453
2025-02-17,SKU0043,117,573,27.0,453
2025-02-24,SKU0043,157,299,27.0,453
2025-03-03,SKU0043,0,572,27.0,453
2025-03-10,SKU0043,0,572,27.0,453
2025-03-17,SKU0043,221,273,27.0,453
2025-03-24,SKU0043,234,274,27.0,453
2025-03-31,SKU0043,0,274,27.0,453
2025-04-07,SKU0043,0,274,27.0,453
2025-04-14,SKU0043,0,690,27.0,453
2025-04-21,SKU0043,0,416,27.0,453
2025-04-28,SKU0043,0,690,27.0,453
2025-05-05,SKU0043,377,274,27.0,453
2025-05-12,SKU0043,103,587,27.0,453
2025-05-19,SKU0043,235,313,27.0,453
2025-05-26,SKU0043,0,612,27.0,453
2025-06-02,SKU0043,0,612,27.0,453
2025-06-09,SKU0043,235,299,27.0,453
2025-06-16,SKU0043,0,299,27.0,453
2025-06-23,SKU0043,103,391,27.0,453
2025-06-30,SKU0043,0,690,27.0,453
2025-07-07,SKU0043,0,690,27.0,453
2025-07-14,SKU0043,0,690,27.0,453
2025-07-21,SKU0043,117,299,27.0,453
2025-07-28,SKU0043,142,391,27.0,453
2025-08-04,SKU0043,0,665,27.0,453
2025-08-11,SKU0043,0,665,27.0,453
2025-08-18,SKU0043,0,665,27.0,453
2025-08-25,SKU0043,263,274,27.0,453
2025-09-01,SKU0043,333,294,27.0,453
2025-09-08,SKU0043,163,294,27.0,453
2025-09-15,SKU0043,0,631,27.0,453
2025-09-22,SKU0043,0,631,27.0,453
2025-09-29,SKU0043,161,337,27.0,453
2025-10-06,SKU0043,0,619,27.0,453
2025-10-13,SKU0043,118,282,27.0,453
2025-10-20,SKU0043,0,663,27.0,453
2025-10-27,SKU0043,0,663,27.0,453
2025-11-03,SKU0043,21,381,27.0,453
2025-11-10,SKU0043,0,690,27.0,453
2025-11-17,SKU0043,120,570,27.0,453
2025-11-24,SKU0043,0,570,27.0,453
2025-12-01,SKU0043,239,261,27.0,453
2025-12-08,SKU0043,0,511,27.0,453
2025-12-15,SKU0043,220,250,27.0,453
2025-12-22,SKU0043,0,526,27.0,453
2025-12-29,SKU0043,204,276,27.0,453
2024-01-01,SKU0044,449,0,8.0,334
2024-01-08,SKU0044,181,502,8.0,334
2024-01-15,SKU0044,415,0,8.0,334
2024-01-22,SKU0044,146,536,8.0,334
2024-01-29,SKU0044,414,0,8.0,334
2024-02-05,SKU0044,146,651,8.0,334
2024-02-12,SKU0044,613,0,8.0,334
2024-02-19,SKU0044,345,0,8.0,334
2024-02-26,SKU0044,77,530,8.0,334
2024-03-04,SKU0044,338,0,8.0,334
2024-03-11,SKU0044,70,651,8.0,334
2024-03-18,SKU0044,536,0,8.0,334
2024-03-25,SKU0044,268,530,8.0,334
2024-04-01,SKU0044,530,0,8.0,334
2024-04-08,SKU0044,262,536,8.0,334
2024-04-15,SKU0044,530,0,8.0,334
2024-04-22,SKU0044,262,536,8.0,334
2024-04-29,SKU0044,530,0,8.0,334
2024-05-06,SKU0044,262,0,8.0,334
2024-05-13,SKU0044,0,651,8.0,334
2024-05-20,SKU0044,460,0,8.0,334
2024-05-27,SKU0044,191,530,8.0,334
2024-06-03,SKU0044,453,0,8.0,334
2024-06-10,SKU0044,185,574,8.0,334
2024-06-17,SKU0044,497,0,8.0,334
2024-06-24,SKU0044,229,530,8.0,334
2024-07-01,SKU0044,491,0,8.0,334
2024-07-08,SKU0044,223,536,8.0,334
2024-07-15,SKU0044,491,0,8.0,334
2024-07-22,SKU0044,223,536,8.0,334
2024-07-29,SKU0044,491,0,8.0,334
2024-08-05,SKU0044,223,537,8.0,334
2024-08-12,SKU0044,492,0,8.0,334
2024-08-19,SKU0044,224,536,8.0,334
2024-08-26,SKU0044,492,0,8.0,334
2024-09-02,SKU0044,223,613,8.0,334
2024-09-09,SKU0044,0,613,8.0,334
2024-09-16,SKU0044,345,0,8.0,334
2024-09-23,SKU0044,77,529,8.0,334
2024-09-30,SKU0044,338,0,8.0,334
2024-10-07,SKU0044,70,651,8.0,334
2024-10-14,SKU0044,536,0,8.0,334
2024-10-21,SKU0044,268,0,8.0,334
2024-10-28,SKU0044,0,606,8.0,334
2024-11-04,SKU0044,376,0,8.0,334
2024-11-11,SKU0044,108,613,8.0,334
2024-11-18,SKU0044,498,0,8.0,334
2024-11-25,SKU0044,230,568,8.0,334
2024-12-02,SKU0044,530,0,8.0,334
2024-12-09,SKU0044,262,574,8.0,334
2024-12-16,SKU0044,0,574,8.0,334
2024-12-23,SKU0044,306,530,8.0,334
2024-12-30,SKU0044,38,530,8.0,334
2025-01-06,SKU0044,300,0,8.0,334
2025-01-13,SKU0044,32,575,8.0,334
2025-01-20,SKU0044,345,0,8.0,334
2025-01-27,SKU0044,77,644,8.0,334
2025-02-03,SKU0044,529,0,8.0,334
2025-02-10,SKU0044,261,537,8.0,334
2025-02-17,SKU0044,530,0,8.0,334
2025-02-24,SKU0044,262,574,8.0,334
2025-03-03,SKU0044,0,574,8.0,334
2025-03-10,SKU0044,306,0,8.0,334
2025-03-17,SKU0044,38,0,8.0,334
2025-03-24,SKU0044,0,836,8.0,334
2025-03-31,SKU0044,798,0,8.0,334
2025-04-07,SKU0044,530,0,8.0,334
2025-04-14,SKU0044,262,574,8.0,334
2025-04-21,SKU0044,0,574,8.0,334
2025-04-28,SKU0044,306,530,8.0,334
2025-05-05,SKU0044,38,530,8.0,334
2025-05-12,SKU0044,300,536,8.0,334
2025-05-19,SKU0044,32,536,8.0,334
2025-05-26,SKU0044,300,0,8.0,334
2025-06-02,SKU0044,31,728,8.0,334
2025-06-09,SKU0044,651,0,8.0,334
2025-06-16,SKU0044,383,0,8.0,334
2025-06-23,SKU0044,115,644,8.0,334
2025-06-30,SKU0044,567,0,8.0,334
2025-07-07,SKU0044,299,537,8.0,334
2025-07-14,SKU0044,31,537,8.0,334
2025-07-21,SKU0044,300,536,8.0,334
2025-07-28,SKU0044,32,536,8.0,334
2025-08-04,SKU0044,300,536,8.0,334
2025-08-11,SKU0044,32,536,8.0,334
2025-08-18,SKU0044,300,0,8.0,334
2025-08-25,SKU0044,32,766,8.0,334
2025-09-01,SKU0044,728,0,8.0,334
2025-09-08,SKU0044,460,0,8.0,334
2025-09-15,SKU0044,192,644,8.0,334
2025-09-22,SKU0044,0,644,8.0,334
2025-09-29,SKU0044,475,0,8.0,334
2025-10-06,SKU0044,211,514,8.0,334
2025-10-13,SKU0044,472,0,8.0,334
2025-10-20,SKU0044,0,704,8.0,334
2025-10-27,SKU0044,648,0,8.0,334
2025-11-03,SKU0044,403,0,8.0,334
2025-11-10,SKU0044,191,556,8.0,334
2025-11-17,SKU0044,544,0,8.0,334
2025-11-24,SKU0044,305,531,8.0,334
2025-12-01,SKU0044,0,531,8.0,334
2025-12-08,SKU0044,220,505,8.0,334
2025-12-15,SKU0044,507,0,8.0,334
2025-12-22,SKU0044,225,0,8.0,334
2025-12-29,SKU0044,0,615,8.0,334
2024-01-01,SKU0045,1087,0,29.0,1054
2024-01-08,SKU0045,897,542,29.0,1054
2024-01-15,SKU0045,707,542,29.0,1054
2024-01-22,SKU0045,517,542,29.0,1054
2024-01-29,SKU0045,326,1086,29.0,1054
2024-02-05,SKU0045,678,544,29.0,1054
2024-02-12,SKU0045,488,544,29.0,1054
2024-02-19,SKU0045,298,1114,29.0,1054
2024-02-26,SKU0045,652,570,29.0,1054
2024-03-04,SKU0045,462,570,29.0,1054
2024-03-11,SKU0045,272,1140,29.0,1054
2024-03-18,SKU0045,652,570,29.0,1054
2024-03-25,SKU0045,462,1113,29.0,1054
2024-04-01,SKU0045,271,1113,29.0,1054
2024-04-08,SKU0045,651,543,29.0,1054
2024-04-15,SKU0045,461,1087,29.0,1054
2024-04-22,SKU0045,271,1087,29.0,1054
2024-04-29,SKU0045,624,544,29.0,1054
2024-05-06,SKU0045,434,1087,29.0,1054
2024-05-13,SKU0045,788,543,29.0,1054
2024-05-20,SKU0045,598,543,29.0,1054
2024-05-27,SKU0045,408,1086,29.0,1054
2024-06-03,SKU0045,761,543,29.0,1054
2024-06-10,SKU0045,570,543,29.0,1054
2024-06-17,SKU0045,380,1086,29.0,1054
2024-06-24,SKU0045,733,543,29.0,1054
2024-07-01,SKU0045,543,543,29.0,1054
2024-07-08,SKU0045,353,1086,29.0,1054
2024-07-15,SKU0045,706,543,29.0,1054
2024-07-22,SKU0045,516,543,29.0,1054
2024-07-29,SKU0045,326,1086,29.0,1054
2024-08-05,SKU0045,679,543,29.0,1054
2024-08-12,SKU0045,488,1087,29.0,1054
2024-08-19,SKU0045,298,1087,29.0,1054
2024-08-26,SKU0045,651,544,29.0,1054
2024-09-02,SKU0045,461,1087,29.0,1054
2024-09-09,SKU0045,271,1087,29.0,1054
2024-09-16,SKU0045,625,543,29.0,1054
2024-09-23,SKU0045,435,1086,29.0,1054
2024-09-30,SKU0045,788,543,29.0,1054
2024-10-07,SKU0045,598,543,29.0,1054
2024-10-14,SKU0045,408,1086,29.0,1054
2024-10-21,SKU0045,760,543,29.0,1054
2024-10-28,SKU0045,570,543,29.0,1054
2024-11-04,SKU0045,380,1168,29.0,1054
2024-11-11,SKU0045,733,625,29.0,1054
2024-11-18,SKU0045,543,625,29.0,1054
2024-11-25,SKU0045,353,1195,29.0,1054
2024-12-02,SKU0045,788,570,29.0,1054
2024-12-09,SKU0045,598,570,29.0,1054
2024-12-16,SKU0045,408,1140,29.0,1054
2024-12-23,SKU0045,787,570,29.0,1054
2024-12-30,SKU0045,597,570,29.0,1054
2025-01-06,SKU0045,407,1113,29.0,1054
2025-01-13,SKU0045,787,543,29.0,1054
2025-01-20,SKU0045,597,543,29.0,1054
2025-01-27,SKU0045,407,1087,29.0,1054
2025-02-03,SKU0045,760,544,29.0,1054
2025-02-10,SKU0045,570,544,29.0,1054
2025-02-17,SKU0045,380,1087,29.0,1054
2025-02-24,SKU0045,734,543,29.0,1054
2025-03-03,SKU0045,543,543,29.0,1054
2025-03-10,SKU0045,353,1113,29.0,1054
2025-03-17,SKU0045,706,570,29.0,1054
2025-03-24,SKU0045,516,570,29.0,1054
2025-03-31,SKU0045,326,1113,29.0,1054
2025-04-07,SKU0045,706,543,29.0,1054
2025-04-14,SKU0045,497,543,29.0,1054
2025-04-21,SKU0045,372,1096,29.0,1054
2025-04-28,SKU0045,729,553,29.0,1054
2025-05-05,SKU0045,586,553,29.0,1054
2025-05-12,SKU0045,381,1100,29.0,1054
2025-05-19,SKU0045,736,547,29.0,1054
2025-05-26,SKU0045,500,547,29.0,1054
2025-06-02,SKU0045,279,1118,29.0,1054
2025-06-09,SKU0045,603,571,29.0,1054
2025-06-16,SKU0045,413,1128,29.0,1054
2025-06-23,SKU0045,179,1128,29.0,1054
2025-06-30,SKU0045,552,557,29.0,1054
2025-07-07,SKU0045,327,1091,29.0,1054
2025-07-14,SKU0045,672,534,29.0,1054
2025-07-21,SKU0045,607,534,29.0,1054
2025-07-28,SKU0045,454,1056,29.0,1054
2025-08-04,SKU0045,745,522,29.0,1054
2025-08-11,SKU0045,521,522,29.0,1054
2025-08-18,SKU0045,384,1073,29.0,1054
2025-08-25,SKU0045,812,551,29.0,1054
2025-09-01,SKU0045,692,551,29.0,1054
2025-09-08,SKU0045,550,551,29.0,1054
2025-09-15,SKU0045,992,536,29.0,1054
2025-09-22,SKU0045,867,536,29.0,1054
2025-09-29,SKU0045,752,536,29.0,1054
2025-10-06,SKU0045,537,536,29.0,1054
2025-10-13,SKU0045,872,531,29.0,1054
2025-10-20,SKU0045,537,531,29.0,1054
2025-10-27,SKU0045,338,1144,29.0,1054
2025-11-03,SKU0045,182,1144,29.0,1054
2025-11-10,SKU0045,513,613,29.0,1054
2025-11-17,SKU0045,283,1206,29.0,1054
2025-11-24,SKU0045,636,593,29.0,1054
2025-12-01,SKU0045,290,1154,29.0,1054
2025-12-08,SKU0045,22,1154,29.0,1054
2025-12-15,SKU0045,493,561,29.0,1054
2025-12-22,SKU0045,357,1101,29.0,1054
2025-12-29,SKU0045,709,540,29.0,1054
2024-01-01,SKU0046,851,0,23.0,704
2024-01-08,SKU0046,676,0,23.0,704
2024-01-15,SKU0046,501,496,23.0,704
2024-01-22,SKU0046,326,496,23.0,704
2024-01-29,SKU0046,151,496,23.0,704
2024-02-05,SKU0046,472,0,23.0,704
2024-02-12,SKU0046,298,0,23.0,704
2024-02-19,SKU0046,123,874,23.0,704
2024-02-26,SKU0046,0,874,23.0,704
2024-03-04,SKU0046,0,874,23.0,704
2024-03-11,SKU0046,774,0,23.0,704
2024-03-18,SKU0046,599,0,23.0,704
2024-03-25,SKU0046,424,0,23.0,704
2024-04-01,SKU0046,249,0,23.0,704
2024-04-08,SKU0046,74,898,23.0,704
2024-04-15,SKU0046,0,898,23.0,704
2024-04-22,SKU0046,0,898,23.0,704
2024-04-29,SKU0046,773,0,23.0,704
2024-05-06,SKU0046,598,424,23.0,704
2024-05-13,SKU0046,423,424,23.0,704
2024-05-20,SKU0046,248,874,23.0,704
2024-05-27,SKU0046,497,450,23.0,704
2024-06-03,SKU0046,323,450,23.0,704
2024-06-10,SKU0046,148,874,23.0,704
2024-06-17,SKU0046,423,424,23.0,704
2024-06-24,SKU0046,248,874,23.0,704
2024-07-01,SKU0046,497,450,23.0,704
2024-07-08,SKU0046,322,450,23.0,704
2024-07-15,SKU0046,147,925,23.0,704
2024-07-22,SKU0046,422,475,23.0,704
2024-07-29,SKU0046,247,475,23.0,704
2024-08-05,SKU0046,547,425,23.0,704
2024-08-12,SKU0046,372,425,23.0,704
2024-08-19,SKU0046,198,849,23.0,704
2024-08-26,SKU0046,448,424,23.0,704
2024-09-02,SKU0046,273,849,23.0,704
2024-09-09,SKU0046,522,425,23.0,704
2024-09-16,SKU0046,347,425,23.0,704
2024-09-23,SKU0046,172,950,23.0,704
2024-09-30,SKU0046,422,525,23.0,704
2024-10-07,SKU0046,247,525,23.0,704
2024-10-14,SKU0046,72,1000,23.0,704
2024-10-21,SKU0046,422,475,23.0,704
2024-10-28,SKU0046,248,475,23.0,704
2024-11-04,SKU0046,548,449,23.0,704
2024-11-11,SKU0046,373,449,23.0,704
2024-11-18,SKU0046,198,874,23.0,704
2024-11-25,SKU0046,472,425,23.0,704
2024-12-02,SKU0046,297,425,23.0,704
2024-12-09,SKU0046,547,500,23.0,704
2024-12-16,SKU0046,372,500,23.0,704
2024-12-23,SKU0046,197,925,23.0,704
2024-12-30,SKU0046,522,425,23.0,704
2025-01-06,SKU0046,347,425,23.0,704
2025-01-13,SKU0046,173,849,23.0,704
2025-01-20,SKU0046,423,424,23.0,704
2025-01-27,SKU0046,248,424,23.0,704
2025-02-03,SKU0046,497,475,23.0,704
2025-02-10,SKU0046,322,475,23.0,704
2025-02-17,SKU0046,147,900,23.0,704
2025-02-24,SKU0046,447,425,23.0,704
2025-03-03,SKU0046,272,425,23.0,704
2025-03-10,SKU0046,522,500,23.0,704
2025-03-17,SKU0046,347,500,23.0,704
2025-03-24,SKU0046,173,500,23.0,704
2025-03-31,SKU0046,498,524,23.0,704
2025-04-07,SKU0046,323,524,23.0,704
2025-04-14,SKU0046,148,524,23.0,704
2025-04-21,SKU0046,497,475,23.0,704
2025-04-28,SKU0046,322,475,23.0,704
2025-05-05,SKU0046,147,975,23.0,704
2025-05-12,SKU0046,447,500,23.0,704
2025-05-19,SKU0046,272,500,23.0,704
2025-05-26,SKU0046,100,925,23.0,704
2025-06-02,SKU0046,432,425,23.0,704
2025-06-09,SKU0046,310,425,23.0,704
2025-06-16,SKU0046,579,0,23.0,704
2025-06-23,SKU0046,422,694,23.0,704
2025-06-30,SKU0046,297,694,23.0,704
2025-07-07,SKU0046,158,694,23.0,704
2025-07-14,SKU0046,28,694,23.0,704
2025-07-21,SKU0046,583,434,23.0,704
2025-07-28,SKU0046,429,434,23.0,704
2025-08-04,SKU0046,261,434,23.0,704
2025-08-11,SKU0046,478,485,23.0,704
2025-08-18,SKU0046,286,485,23.0,704
2025-08-25,SKU0046,181,906,23.0,704
2025-09-01,SKU0046,486,421,23.0,704
2025-09-08,SKU0046,343,421,23.0,704
2025-09-15,SKU0046,613,0,23.0,704
2025-09-22,SKU0046,500,0,23.0,704
2025-09-29,SKU0046,378,679,23.0,704
2025-10-06,SKU0046,187,679,23.0,704
2025-10-13,SKU0046,8,679,23.0,704
2025-10-20,SKU0046,522,443,23.0,704
2025-10-27,SKU0046,250,872,23.0,704
2025-11-03,SKU0046,91,872,23.0,704
2025-11-10,SKU0046,373,429,23.0,704
2025-11-17,SKU0046,200,429,23.0,704
2025-11-24,SKU0046,449,650,23.0,704
2025-12-01,SKU0046,134,650,23.0,704
2025-12-08,SKU0046,0,1090,23.0,704
2025-12-15,SKU0046,0,1090,23.0,704
2025-12-22,SKU0046,486,440,23.0,704
2025-12-29,SKU0046,720,0,23.0,704
2024-01-01,SKU0047,1235,0,25.0,1225
2024-01-08,SKU0047,1013,703,25.0,1225
2024-01-15,SKU0047,790,703,25.0,1225
2024-01-22,SKU0047,568,703,25.0,1225
2024-01-29,SKU0047,1049,698,25.0,1225
2024-02-05,SKU0047,826,698,25.0,1225
2024-02-12,SKU0047,604,698,25.0,1225
2024-02-19,SKU0047,1079,699,25.0,1225
2024-02-26,SKU0047,857,699,25.0,1225
2024-03-04,SKU0047,635,699,25.0,1225
2024-03-11,SKU0047,1111,0,25.0,1225
2024-03-18,SKU0047,889,827,25.0,1225
2024-03-25,SKU0047,666,827,25.0,1225
2024-04-01,SKU0047,444,827,25.0,1225
2024-04-08,SKU0047,1049,0,25.0,1225
2024-04-15,SKU0047,826,921,25.0,1225
2024-04-22,SKU0047,604,921,25.0,1225
2024-04-29,SKU0047,381,921,25.0,1225
2024-05-06,SKU0047,1080,0,25.0,1225
2024-05-13,SKU0047,858,858,25.0,1225
2024-05-20,SKU0047,635,858,25.0,1225
2024-05-27,SKU0047,413,858,25.0,1225
2024-06-03,SKU0047,1049,699,25.0,1225
2024-06-10,SKU0047,826,699,25.0,1225
2024-06-17,SKU0047,604,699,25.0,1225
2024-06-24,SKU0047,1080,826,25.0,1225
2024-07-01,SKU0047,858,826,25.0,1225
2024-07-08,SKU0047,636,826,25.0,1225
2024-07-15,SKU0047,413,826,25.0,1225
2024-07-22,SKU0047,1017,699,25.0,1225
2024-07-29,SKU0047,794,699,25.0,1225
2024-08-05,SKU0047,572,699,25.0,1225
2024-08-12,SKU0047,1049,699,25.0,1225
2024-08-19,SKU0047,826,699,25.0,1225
2024-08-26,SKU0047,604,699,25.0,1225
2024-09-02,SKU0047,1080,699,25.0,1225
2024-09-09,SKU0047,858,699,25.0,1225
2024-09-16,SKU0047,636,699,25.0,1225
2024-09-23,SKU0047,1112,699,25.0,1225
2024-09-30,SKU0047,890,699,25.0,1225
2024-10-07,SKU0047,667,699,25.0,1225
2024-10-14,SKU0047,445,1397,25.0,1225
2024-10-21,SKU0047,922,698,25.0,1225
2024-10-28,SKU0047,699,698,25.0,1225
2024-11-04,SKU0047,477,1429,25.0,1225
2024-11-11,SKU0047,952,731,25.0,1225
2024-11-18,SKU0047,730,731,25.0,1225
2024-11-25,SKU0047,508,731,25.0,1225
2024-12-02,SKU0047,1016,699,25.0,1225
2024-12-09,SKU0047,794,699,25.0,1225
2024-12-16,SKU0047,571,699,25.0,1225
2024-12-23,SKU0047,1048,858,25.0,1225
2024-12-30,SKU0047,826,858,25.0,1225
2025-01-06,SKU0047,603,858,25.0,1225
2025-01-13,SKU0047,381,858,25.0,1225
2025-01-20,SKU0047,1016,731,25.0,1225
2025-01-27,SKU0047,794,731,25.0,1225
2025-02-03,SKU0047,572,731,25.0,1225
2025-02-10,SKU0047,1080,762,25.0,1225
2025-02-17,SKU0047,858,762,25.0,1225
2025-02-24,SKU0047,635,762,25.0,1225
2025-03-03,SKU0047,413,1461,25.0,1225
2025-03-10,SKU0047,953,699,25.0,1225
2025-03-17,SKU0047,730,699,25.0,1225
2025-03-24,SKU0047,508,699,25.0,1225
2025-03-31,SKU0047,984,794,25.0,1225
2025-04-07,SKU0047,762,794,25.0,1225
2025-04-14,SKU0047,540,794,25.0,1225
2025-04-21,SKU0047,1111,0,25.0,1225
2025-04-28,SKU0047,889,826,25.0,1225
2025-05-05,SKU0047,667,826,25.0,1225
2025-05-12,SKU0047,444,826,25.0,1225
2025-05-19,SKU0047,1048,763,25.0,1225
2025-05-26,SKU0047,825,763,25.0,1225
2025-06-02,SKU0047,603,763,25.0,1225
2025-06-09,SKU0047,381,763,25.0,1225
2025-06-16,SKU0047,921,890,25.0,1225
2025-06-23,SKU0047,699,890,25.0,1225
2025-06-30,SKU0047,476,890,25.0,1225
2025-07-07,SKU0047,254,1620,25.0,1225
2025-07-14,SKU0047,922,730,25.0,1225
2025-07-21,SKU0047,699,730,25.0,1225
2025-07-28,SKU0047,477,1429,25.0,1225
2025-08-04,SKU0047,984,699,25.0,1225
2025-08-11,SKU0047,762,699,25.0,1225
2025-08-18,SKU0047,540,699,25.0,1225
2025-08-25,SKU0047,1016,795,25.0,1225
2025-09-01,SKU0047,794,795,25.0,1225
2025-09-08,SKU0047,571,795,25.0,1225
2025-09-15,SKU0047,349,795,25.0,1225
2025-09-22,SKU0047,922,984,25.0,1225
2025-09-29,SKU0047,699,984,25.0,1225
2025-10-06,SKU0047,477,984,25.0,1225
2025-10-13,SKU0047,254,984,25.0,1225
2025-10-20,SKU0047,1016,858,25.0,1225
2025-10-27,SKU0047,794,858,25.0,1225
2025-11-03,SKU0047,571,858,25.0,1225
2025-11-10,SKU0047,349,858,25.0,1225
2025-11-17,SKU0047,997,787,25.0,1225
2025-11-24,SKU0047,822,787,25.0,1225
2025-12-01,SKU0047,476,787,25.0,1225
2025-12-08,SKU0047,1016,684,25.0,1225
2025-12-15,SKU0047,853,684,25.0,1225
2025-12-22,SKU0047,651,684,25.0,1225
2025-12-29,SKU0047,1131,693,25.0,1225
2024-01-01,SKU0048,296,0,12.0,199
2024-01-08,SKU0048,85,291,12.0,199
2024-01-15,SKU0048,0,291,12.0,199
2024-01-22,SKU0048,171,0,12.0,199
2024-01-29,SKU0048,0,296,12.0,199
2024-02-05,SKU0048,266,0,12.0,199
2024-02-12,SKU0048,55,230,12.0,199
2024-02-19,SKU0048,0,230,12.0,199
2024-02-26,SKU0048,19,236,12.0,199
2024-03-04,SKU0048,206,0,12.0,199
2024-03-11,SKU0048,0,290,12.0,199
2024-03-18,SKU0048,0,290,12.0,199
2024-03-25,SKU0048,79,236,12.0,199
2024-04-01,SKU0048,0,236,12.0,199
2024-04-08,SKU0048,55,230,12.0,199
2024-04-15,SKU0048,0,230,12.0,199
2024-04-22,SKU0048,19,266,12.0,199
2024-04-29,SKU0048,0,266,12.0,199
2024-05-06,SKU0048,55,230,12.0,199
2024-05-13,SKU0048,0,230,12.0,199
2024-05-20,SKU0048,19,236,12.0,199
2024-05-27,SKU0048,206,0,12.0,199
2024-06-03,SKU0048,0,260,12.0,199
2024-06-10,SKU0048,230,0,12.0,199
2024-06-17,SKU0048,19,236,12.0,199
2024-06-24,SKU0048,206,0,12.0,199
2024-07-01,SKU0048,0,230,12.0,199
2024-07-08,SKU0048,170,236,12.0,199
2024-07-15,SKU0048,0,236,12.0,199
2024-07-22,SKU0048,146,260,12.0,199
2024-07-29,SKU0048,0,260,12.0,199
2024-08-05,SKU0048,170,236,12.0,199
2024-08-12,SKU0048,0,236,12.0,199
2024-08-19,SKU0048,146,230,12.0,199
2024-08-26,SKU0048,0,230,12.0,199
2024-09-02,SKU0048,110,236,12.0,199
2024-09-09,SKU0048,0,236,12.0,199
2024-09-16,SKU0048,88,230,12.0,199
2024-09-23,SKU0048,0,230,12.0,199
2024-09-30,SKU0048,84,230,12.0,199
2024-10-07,SKU0048,0,230,12.0,199
2024-10-14,SKU0048,45,216,12.0,199
2024-10-21,SKU0048,0,216,12.0,199
2024-10-28,SKU0048,0,221,12.0,199
2024-11-04,SKU0048,154,223,12.0,199
2024-11-11,SKU0048,0,223,12.0,199
2024-11-18,SKU0048,130,241,12.0,199
2024-11-25,SKU0048,0,241,12.0,199
2024-12-02,SKU0048,0,210,12.0,199
2024-12-09,SKU0048,0,210,12.0,199
2024-12-16,SKU0048,0,271,12.0,199
2024-12-23,SKU0048,213,0,12.0,199
2024-12-30,SKU0048,0,247,12.0,199
2025-01-06,SKU0048,126,280,12.0,199
2025-01-13,SKU0048,0,280,12.0,199
2025-01-20,SKU0048,170,208,12.0,199
2025-01-27,SKU0048,0,208,12.0,199
2025-02-03,SKU0048,88,318,12.0,199
2025-02-10,SKU0048,0,318,12.0,199
2025-02-17,SKU0048,229,0,12.0,199
2025-02-24,SKU0048,7,209,12.0,199
2025-03-03,SKU0048,168,211,12.0,199
2025-03-10,SKU0048,23,211,12.0,199
2025-03-17,SKU0048,119,217,12.0,199
2025-03-24,SKU0048,0,217,12.0,199
2025-03-31,SKU0048,117,220,12.0,199
2025-04-07,SKU0048,204,0,12.0,199
2025-04-14,SKU0048,32,222,12.0,199
2025-04-21,SKU0048,167,239,12.0,199
2025-04-28,SKU0048,0,239,12.0,199
2025-05-05,SKU0048,182,215,12.0,199
2025-05-12,SKU0048,0,215,12.0,199
2025-05-19,SKU0048,119,211,12.0,199
2025-05-26,SKU0048,0,211,12.0,199
2025-06-02,SKU0048,39,223,12.0,199
2025-06-09,SKU0048,210,0,12.0,199
2025-06-16,SKU0048,50,210,12.0,199
2025-06-23,SKU0048,170,216,12.0,199
2025-06-30,SKU0048,6,216,12.0,199
2025-07-07,SKU0048,114,210,12.0,199
2025-07-14,SKU0048,0,210,12.0,199
2025-07-21,SKU0048,67,231,12.0,199
2025-07-28,SKU0048,0,231,12.0,199
2025-08-04,SKU0048,18,213,12.0,199
2025-08-11,SKU0048,0,213,12.0,199
2025-08-18,SKU0048,52,222,12.0,199
2025-08-25,SKU0048,199,0,12.0,199
2025-09-01,SKU0048,38,263,12.0,199
2025-09-08,SKU0048,249,0,12.0,199
2025-09-15,SKU0048,115,223,12.0,199
2025-09-22,SKU0048,0,223,12.0,199
2025-09-29,SKU0048,36,224,12.0,199
2025-10-06,SKU0048,200,0,12.0,199
2025-10-13,SKU0048,15,230,12.0,199
2025-10-20,SKU0048,117,228,12.0,199
2025-10-27,SKU0048,0,228,12.0,199
2025-11-03,SKU0048,114,273,12.0,199
2025-11-10,SKU0048,0,273,12.0,199
2025-11-17,SKU0048,160,208,12.0,199
2025-11-24,SKU0048,0,208,12.0,199
2025-12-01,SKU0048,0,248,12.0,199
2025-12-08,SKU0048,0,248,12.0,199
2025-12-15,SKU0048,31,226,12.0,199
2025-12-22,SKU0048,0,226,12.0,199
2025-12-29,SKU0048,0,239,12.0,199
2024-01-01,SKU0049,603,0,16.0,575
2024-01-08,SKU0049,361,469,16.0,575
2024-01-15,SKU0049,118,469,16.0,575
2024-01-22,SKU0049,345,485,16.0,575
2024-01-29,SKU0049,103,485,16.0,575
2024-02-05,SKU0049,345,485,16.0,575
2024-02-12,SKU0049,103,485,16.0,575
2024-02-19,SKU0049,345,520,16.0,575
2024-02-26,SKU0049,103,520,16.0,575
2024-03-04,SKU0049,381,485,16.0,575
2024-03-11,SKU0049,139,485,16.0,575
2024-03-18,SKU0049,382,483,16.0,575
2024-03-25,SKU0049,139,483,16.0,575
2024-04-01,SKU0049,380,554,16.0,575
2024-04-08,SKU0049,137,554,16.0,575
2024-04-15,SKU0049,485,484,16.0,575
2024-04-22,SKU0049,242,484,16.0,575
2024-04-29,SKU0049,484,485,16.0,575
2024-05-06,SKU0049,241,485,16.0,575
2024-05-13,SKU0049,484,485,16.0,575
2024-05-20,SKU0049,241,485,16.0,575
2024-05-27,SKU0049,535,483,16.0,575
2024-06-03,SKU0049,331,483,16.0,575
2024-06-10,SKU0049,146,483,16.0,575
2024-06-17,SKU0049,427,484,16.0,575
2024-06-24,SKU0049,278,484,16.0,575
2024-07-01,SKU0049,529,509,16.0,575
2024-07-08,SKU0049,344,509,16.0,575
2024-07-15,SKU0049,192,509,16.0,575
2024-07-22,SKU0049,505,496,16.0,575
2024-07-29,SKU0049,323,496,16.0,575
2024-08-05,SKU0049,0,496,16.0,575
2024-08-12,SKU0049,171,582,16.0,575
2024-08-19,SKU0049,0,582,16.0,575
2024-08-26,SKU0049,394,644,16.0,575
2024-09-02,SKU0049,199,644,16.0,575
2024-09-09,SKU0049,72,644,16.0,575
2024-09-16,SKU0049,536,486,16.0,575
2024-09-23,SKU0049,335,486,16.0,575
2024-09-30,SKU0049,148,486,16.0,575
2024-10-07,SKU0049,409,465,16.0,575
2024-10-14,SKU0049,158,465,16.0,575
2024-10-21,SKU0049,259,537,16.0,575
2024-10-28,SKU0049,0,1038,16.0,575
2024-11-04,SKU0049,382,501,16.0,575
2024-11-11,SKU0049,188,501,16.0,575
2024-11-18,SKU0049,407,483,16.0,575
2024-11-25,SKU0049,144,483,16.0,575
2024-12-02,SKU0049,343,464,16.0,575
2024-12-09,SKU0049,52,464,16.0,575
2024-12-16,SKU0049,223,592,16.0,575
2024-12-23,SKU0049,0,592,16.0,575
2024-12-30,SKU0049,455,0,16.0,575
2025-01-06,SKU0049,23,631,16.0,575
2025-01-13,SKU0049,0,631,16.0,575
2025-01-20,SKU0049,446,475,16.0,575
2025-01-27,SKU0049,149,475,16.0,575
2025-02-03,SKU0049,380,491,16.0,575
2025-02-10,SKU0049,136,491,16.0,575
2025-02-17,SKU0049,296,487,16.0,575
2025-02-24,SKU0049,64,487,16.0,575
2025-03-03,SKU0049,361,551,16.0,575
2025-03-10,SKU0049,140,551,16.0,575
2025-03-17,SKU0049,462,483,16.0,575
2025-03-24,SKU0049,257,483,16.0,575
2025-03-31,SKU0049,494,464,16.0,575
2025-04-07,SKU0049,301,464,16.0,575
2025-04-14,SKU0049,546,492,16.0,575
2025-04-21,SKU0049,377,492,16.0,575
2025-04-28,SKU0049,177,492,16.0,575
2025-05-05,SKU0049,460,486,16.0,575
2025-05-12,SKU0049,258,486,16.0,575
2025-05-19,SKU0049,559,0,16.0,575
2025-05-26,SKU0049,327,570,16.0,575
2025-06-02,SKU0049,156,570,16.0,575
2025-06-09,SKU0049,510,0,16.0,575
2025-06-16,SKU0049,325,540,16.0,575
2025-06-23,SKU0049,116,540,16.0,575
2025-06-30,SKU0049,465,488,16.0,575
2025-07-07,SKU0049,302,488,16.0,575
2025-07-14,SKU0049,635,0,16.0,575
2025-07-21,SKU0049,397,482,16.0,575
2025-07-28,SKU0049,246,482,16.0,575
2025-08-04,SKU0049,452,492,16.0,575
2025-08-11,SKU0049,146,492,16.0,575
2025-08-18,SKU0049,472,546,16.0,575
2025-08-25,SKU0049,343,546,16.0,575
2025-09-01,SKU0049,131,546,16.0,575
2025-09-08,SKU0049,507,483,16.0,575
2025-09-15,SKU0049,255,483,16.0,575
2025-09-22,SKU0049,587,0,16.0,575
2025-09-29,SKU0049,456,501,16.0,575
2025-10-06,SKU0049,181,501,16.0,575
2025-10-13,SKU0049,468,509,16.0,575
2025-10-20,SKU0049,1,509,16.0,575
2025-10-27,SKU0049,485,529,16.0,575
2025-11-03,SKU0049,296,529,16.0,575
2025-11-10,SKU0049,578,0,16.0,575
2025-11-17,SKU0049,305,488,16.0,575
2025-11-24,SKU0049,69,488,16.0,575
2025-12-01,SKU0049,124,550,16.0,575
2025-12-08,SKU0049,0,1038,16.0,575
2025-12-15,SKU0049,377,488,16.0,575
2025-12-22,SKU0049,544,494,16.0,575
2025-12-29,SKU0049,271,494,16.0,575
2024-01-01,SKU0050,82,0,23.0,76
2024-01-08,SKU0050,64,47,23.0,76
2024-01-15,SKU0050,45,47,23.0,76
2024-01-22,SKU0050,26,92,23.0,76
2024-01-29,SKU0050,54,45,23.0,76
2024-02-05,SKU0050,35,45,23.0,76
2024-02-12,SKU0050,17,91,23.0,76
2024-02-19,SKU0050,43,46,23.0,76
2024-02-26,SKU0050,24,92,23.0,76
2024-03-04,SKU0050,51,46,23.0,76
2024-03-11,SKU0050,32,46,23.0,76
2024-03-18,SKU0050,60,45,23.0,76
2024-03-25,SKU0050,41,45,23.0,76
2024-04-01,SKU0050,22,91,23.0,76
2024-04-08,SKU0050,48,46,23.0,76
2024-04-15,SKU0050,29,92,23.0,76
2024-04-22,SKU0050,57,46,23.0,76
2024-04-29,SKU0050,38,46,23.0,76
2024-05-06,SKU0050,19,91,23.0,76
2024-05-13,SKU0050,46,45,23.0,76
2024-05-20,SKU0050,28,93,23.0,76
2024-05-27,SKU0050,54,48,23.0,76
2024-06-03,SKU0050,35,48,23.0,76
2024-06-10,SKU0050,16,94,23.0,76
2024-06-17,SKU0050,45,46,23.0,76
2024-06-24,SKU0050,27,92,23.0,76
2024-07-01,SKU0050,57,46,23.0,76
2024-07-08,SKU0050,45,46,23.0,76
2024-07-15,SKU0050,26,93,23.0,76
2024-07-22,SKU0050,56,47,23.0,76
2024-07-29,SKU0050,41,47,23.0,76
2024-08-05,SKU0050,18,96,23.0,76
2024-08-12,SKU0050,42,49,23.0,76
2024-08-19,SKU0050,28,49,23.0,76
2024-08-26,SKU0050,64,46,23.0,76
2024-09-02,SKU0050,49,46,23.0,76
2024-09-09,SKU0050,33,46,23.0,76
2024-09-16,SKU0050,66,47,23.0,76
2024-09-23,SKU0050,52,47,23.0,76
2024-09-30,SKU0050,35,47,23.0,76
2024-10-07,SKU0050,60,47,23.0,76
2024-10-14,SKU0050,41,47,23.0,76
2024-10-21,SKU0050,5,95,23.0,76
2024-10-28,SKU0050,36,48,23.0,76
2024-11-04,SKU0050,15,95,23.0,76
2024-11-11,SKU0050,48,47,23.0,76
2024-11-18,SKU0050,31,47,23.0,76
2024-11-25,SKU0050,55,47,23.0,76
2024-12-02,SKU0050,20,95,23.0,76
2024-12-09,SKU0050,0,95,23.0,76
2024-12-16,SKU0050,31,48,23.0,76
2024-12-23,SKU0050,0,94,23.0,76
2024-12-30,SKU0050,26,92,23.0,76
2025-01-06,SKU0050,0,92,23.0,76
2025-01-13,SKU0050,29,46,23.0,76
2025-01-20,SKU0050,5,95,23.0,76
2025-01-27,SKU0050,30,49,23.0,76
2025-02-03,SKU0050,9,96,23.0,76
2025-02-10,SKU0050,41,47,23.0,76
2025-02-17,SKU0050,21,94,23.0,76
2025-02-24,SKU0050,45,47,23.0,76
2025-03-03,SKU0050,27,94,23.0,76
2025-03-10,SKU0050,55,47,23.0,76
2025-03-17,SKU0050,40,47,23.0,76
2025-03-24,SKU0050,24,95,23.0,76
2025-03-31,SKU0050,55,48,23.0,76
2025-04-07,SKU0050,37,48,23.0,76
2025-04-14,SKU0050,23,94,23.0,76
2025-04-21,SKU0050,53,46,23.0,76
2025-04-28,SKU0050,38,46,23.0,76
2025-05-05,SKU0050,71,48,23.0,76
2025-05-12,SKU0050,55,48,23.0,76
2025-05-19,SKU0050,39,48,23.0,76
2025-05-26,SKU0050,21,94,23.0,76
2025-06-02,SKU0050,55,46,23.0,76
2025-06-09,SKU0050,39,46,23.0,76
2025-06-16,SKU0050,73,46,23.0,76
2025-06-23,SKU0050,57,46,23.0,76
2025-06-30,SKU0050,37,46,23.0,76
2025-07-07,SKU0050,23,92,23.0,76
2025-07-14,SKU0050,54,46,23.0,76
2025-07-21,SKU0050,37,46,23.0,76
2025-07-28,SKU0050,66,46,23.0,76
2025-08-04,SKU0050,49,46,23.0,76
2025-08-11,SKU0050,25,95,23.0,76
2025-08-18,SKU0050,59,49,23.0,76
2025-08-25,SKU0050,48,49,23.0,76
2025-09-01,SKU0050,35,49,23.0,76
2025-09-08,SKU0050,68,47,23.0,76
2025-09-15,SKU0050,51,47,23.0,76
2025-09-22,SKU0050,36,47,23.0,76
2025-09-29,SKU0050,68,46,23.0,76
2025-10-06,SKU0050,54,46,23.0,76
2025-10-13,SKU0050,35,46,23.0,76
2025-10-20,SKU0050,46,48,23.0,76
2025-10-27,SKU0050,23,94,23.0,76
2025-11-03,SKU0050,7,94,23.0,76
2025-11-10,SKU0050,39,46,23.0,76
2025-11-17,SKU0050,64,46,23.0,76
2025-11-24,SKU0050,45,46,23.0,76
2025-12-01,SKU0050,13,93,23.0,76
2025-12-08,SKU0050,42,47,23.0,76
2025-12-15,SKU0050,25,94,23.0,76
2025-12-22,SKU0050,53,47,23.0,76
2025-12-29,SKU0050,35,47,23.0,76
2024-01-01,SKU0051,138,0,11.0,134
2024-01-08,SKU0051,0,178,11.0,134
2024-01-15,SKU0051,82,170,11.0,134
2024-01-22,SKU0051,0,170,11.0,134
2024-01-29,SKU0051,10,178,11.0,134
2024-02-05,SKU0051,0,178,11.0,134
2024-02-12,SKU0051,0,234,11.0,134
2024-02-19,SKU0051,0,234,11.0,134
2024-02-26,SKU0051,10,178,11.0,134
2024-03-04,SKU0051,0,178,11.0,134
2024-03-11,SKU0051,0,170,11.0,134
2024-03-18,SKU0051,106,178,11.0,134
2024-03-25,SKU0051,0,178,11.0,134
2024-04-01,SKU0051,50,170,11.0,134
2024-04-08,SKU0051,0,170,11.0,134
2024-04-15,SKU0051,0,178,11.0,134
2024-04-22,SKU0051,146,0,11.0,134
2024-04-29,SKU0051,0,170,11.0,134
2024-05-06,SKU0051,74,178,11.0,134
2024-05-13,SKU0051,0,178,11.0,134
2024-05-20,SKU0051,18,170,11.0,134
2024-05-27,SKU0051,0,170,11.0,134
2024-06-03,SKU0051,0,178,11.0,134
2024-06-10,SKU0051,114,170,11.0,134
2024-06-17,SKU0051,0,170,11.0,134
2024-06-24,SKU0051,42,210,11.0,134
2024-07-01,SKU0051,0,210,11.0,134
2024-07-08,SKU0051,50,170,11.0,134
2024-07-15,SKU0051,0,170,11.0,134
2024-07-22,SKU0051,0,178,11.0,134
2024-07-29,SKU0051,165,0,11.0,134
2024-08-05,SKU0051,0,166,11.0,134
2024-08-12,SKU0051,104,153,11.0,134
2024-08-19,SKU0051,0,153,11.0,134
2024-08-26,SKU0051,0,160,11.0,134
2024-09-02,SKU0051,136,0,11.0,134
2024-09-09,SKU0051,0,170,11.0,134
2024-09-16,SKU0051,115,169,11.0,134
2024-09-23,SKU0051,0,169,11.0,134
2024-09-30,SKU0051,77,162,11.0,134
2024-10-07,SKU0051,0,162,11.0,134
2024-10-14,SKU0051,0,180,11.0,134
2024-10-21,SKU0051,130,154,11.0,134
2024-10-28,SKU0051,0,154,11.0,134
2024-11-04,SKU0051,21,207,11.0,134
2024-11-11,SKU0051,0,207,11.0,134
2024-11-18,SKU0051,0,162,11.0,134
2024-11-25,SKU0051,113,171,11.0,134
2024-12-02,SKU0051,0,171,11.0,134
2024-12-09,SKU0051,1,152,11.0,134
2024-12-16,SKU0051,0,152,11.0,134
2024-12-23,SKU0051,0,192,11.0,134
2024-12-30,SKU0051,110,156,11.0,134
2025-01-06,SKU0051,0,156,11.0,134
2025-01-13,SKU0051,0,180,11.0,134
2025-01-20,SKU0051,136,0,11.0,134
2025-01-27,SKU0051,0,195,11.0,134
2025-02-03,SKU0051,101,162,11.0,134
2025-02-10,SKU0051,0,162,11.0,134
2025-02-17,SKU0051,2,151,11.0,134
2025-02-24,SKU0051,136,0,11.0,134
2025-03-03,SKU0051,0,190,11.0,134
2025-03-10,SKU0051,94,190,11.0,134
2025-03-17,SKU0051,0,190,11.0,134
2025-03-24,SKU0051,87,0,11.0,134
2025-03-31,SKU0051,0,232,11.0,134
2025-04-07,SKU0051,142,0,11.0,134
2025-04-14,SKU0051,0,163,11.0,134
2025-04-21,SKU0051,83,164,11.0,134
2025-04-28,SKU0051,0,164,11.0,134
2025-05-05,SKU0051,2,222,11.0,134
2025-05-12,SKU0051,0,222,11.0,134
2025-05-19,SKU0051,71,174,11.0,134
2025-05-26,SKU0051,0,174,11.0,134
2025-06-02,SKU0051,37,176,11.0,134
2025-06-09,SKU0051,0,176,11.0,134
2025-06-16,SKU0051,0,179,11.0,134
2025-06-23,SKU0051,149,0,11.0,134
2025-06-30,SKU0051,0,171,11.0,134
2025-07-07,SKU0051,104,155,11.0,134
2025-07-14,SKU0051,0,155,11.0,134
2025-07-21,SKU0051,44,158,11.0,134
2025-07-28,SKU0051,122,162,11.0,134
2025-08-04,SKU0051,0,162,11.0,134
2025-08-11,SKU0051,1,206,11.0,134
2025-08-18,SKU0051,0,206,11.0,134
2025-08-25,SKU0051,77,164,11.0,134
2025-09-01,SKU0051,0,164,11.0,134
2025-09-08,SKU0051,24,165,11.0,134
2025-09-15,SKU0051,165,0,11.0,134
2025-09-22,SKU0051,0,190,11.0,134
2025-09-29,SKU0051,125,159,11.0,134
2025-10-06,SKU0051,0,159,11.0,134
2025-10-13,SKU0051,0,170,11.0,134
2025-10-20,SKU0051,0,170,11.0,134
2025-10-27,SKU0051,0,163,11.0,134
2025-11-03,SKU0051,86,181,11.0,134
2025-11-10,SKU0051,0,181,11.0,134
2025-11-17,SKU0051,46,177,11.0,134
2025-11-24,SKU0051,0,177,11.0,134
2025-12-01,SKU0051,0,155,11.0,134
2025-12-08,SKU0051,91,165,11.0,134
2025-12-15,SKU0051,0,165,11.0,134
2025-12-22,SKU0051,24,164,11.0,134
2025-12-29,SKU0051,0,164,11.0,134
2024-01-01,SKU0052,596,449,28.0,693
2024-01-08,SKU0052,268,449,28.0,693
2024-01-15,SKU0052,0,1012,28.0,693
2024-01-22,SKU0052,0,1012,28.0,693
2024-01-29,SKU0052,402,563,28.0,693
2024-02-05,SKU0052,74,924,28.0,693
2024-02-12,SKU0052,422,361,28.0,693
2024-02-19,SKU0052,94,810,28.0,693
2024-02-26,SKU0052,0,810,28.0,693
2024-03-04,SKU0052,267,449,28.0,693
2024-03-11,SKU0052,0,1012,28.0,693
2024-03-18,SKU0052,261,563,28.0,693
2024-03-25,SKU0052,0,971,28.0,693
2024-04-01,SKU0052,0,971,28.0,693
2024-04-08,SKU0052,422,408,28.0,693
2024-04-15,SKU0052,94,810,28.0,693
2024-04-22,SKU0052,220,402,28.0,693
2024-04-29,SKU0052,0,872,28.0,693
2024-05-06,SKU0052,0,872,28.0,693
2024-05-13,SKU0052,214,831,28.0,693
2024-05-20,SKU0052,0,831,28.0,693
2024-05-27,SKU0052,142,716,28.0,693
2024-06-03,SKU0052,0,716,28.0,693
2024-06-10,SKU0052,314,355,28.0,693
2024-06-17,SKU0052,0,778,28.0,693
2024-06-24,SKU0052,120,878,28.0,693
2024-07-01,SKU0052,0,878,28.0,693
2024-07-08,SKU0052,0,878,28.0,693
2024-07-15,SKU0052,95,950,28.0,693
2024-07-22,SKU0052,361,495,28.0,693
2024-07-29,SKU0052,33,1012,28.0,693
2024-08-05,SKU0052,0,1012,28.0,693
2024-08-12,SKU0052,448,517,28.0,693
2024-08-19,SKU0052,120,517,28.0,693
2024-08-26,SKU0052,470,502,28.0,693
2024-09-02,SKU0052,142,502,28.0,693
2024-09-09,SKU0052,0,1045,28.0,693
2024-09-16,SKU0052,0,1045,28.0,693
2024-09-23,SKU0052,220,543,28.0,693
2024-09-30,SKU0052,0,1012,28.0,693
2024-10-07,SKU0052,402,469,28.0,693
2024-10-14,SKU0052,74,877,28.0,693
2024-10-21,SKU0052,0,877,28.0,693
2024-10-28,SKU0052,281,764,28.0,693
2024-11-04,SKU0052,0,764,28.0,693
2024-11-11,SKU0052,267,731,28.0,693
2024-11-18,SKU0052,0,731,28.0,693
2024-11-25,SKU0052,309,375,28.0,693
2024-12-02,SKU0052,0,830,28.0,693
2024-12-09,SKU0052,281,455,28.0,693
2024-12-16,SKU0052,0,858,28.0,693
2024-12-23,SKU0052,0,858,28.0,693
2024-12-30,SKU0052,173,825,28.0,693
2025-01-06,SKU0052,0,825,28.0,693
2025-01-13,SKU0052,121,877,28.0,693
2025-01-20,SKU0052,0,877,28.0,693
2025-01-27,SKU0052,328,455,28.0,693
2025-02-03,SKU0052,0,858,28.0,693
2025-02-10,SKU0052,361,403,28.0,693
2025-02-17,SKU0052,33,778,28.0,693
2025-02-24,SKU0052,0,778,28.0,693
2025-03-03,SKU0052,168,375,28.0,693
2025-03-10,SKU0052,0,970,28.0,693
2025-03-17,SKU0052,93,595,28.0,693
2025-03-24,SKU0052,0,998,28.0,693
2025-03-31,SKU0052,0,998,28.0,693
2025-04-07,SKU0052,313,403,28.0,693
2025-04-14,SKU0052,0,778,28.0,693
2025-04-21,SKU0052,75,877,28.0,693
2025-04-28,SKU0052,0,877,28.0,693
2025-05-05,SKU0052,0,877,28.0,693
2025-05-12,SKU0052,47,952,28.0,693
2025-05-19,SKU0052,361,450,28.0,693
2025-05-26,SKU0052,33,825,28.0,693
2025-06-02,SKU0052,0,825,28.0,693
2025-06-09,SKU0052,356,375,28.0,693
2025-06-16,SKU0052,90,955,28.0,693
2025-06-23,SKU0052,185,580,28.0,693
2025-06-30,SKU0052,0,1024,28.0,693
2025-07-07,SKU0052,0,1024,28.0,693
2025-07-14,SKU0052,539,444,28.0,693
2025-07-21,SKU0052,307,444,28.0,693
2025-07-28,SKU0052,490,518,28.0,693
2025-08-04,SKU0052,185,518,28.0,693
2025-08-11,SKU0052,0,977,28.0,693
2025-08-18,SKU0052,0,977,28.0,693
2025-08-25,SKU0052,441,459,28.0,693
2025-09-01,SKU0052,181,841,28.0,693
2025-09-08,SKU0052,373,382,28.0,693
2025-09-15,SKU0052,70,744,28.0,693
2025-09-22,SKU0052,0,744,28.0,693
2025-09-29,SKU0052,323,362,28.0,693
2025-10-06,SKU0052,22,751,28.0,693
2025-10-13,SKU0052,51,771,28.0,693
2025-10-20,SKU0052,0,771,28.0,693
2025-10-27,SKU0052,0,771,28.0,693
2025-11-03,SKU0052,101,822,28.0,693
2025-11-10,SKU0052,180,825,28.0,693
2025-11-17,SKU0052,0,825,28.0,693
2025-11-24,SKU0052,0,825,28.0,693
2025-12-01,SKU0052,179,866,28.0,693
2025-12-08,SKU0052,322,481,28.0,693
2025-12-15,SKU0052,32,481,28.0,693
2025-12-22,SKU0052,0,1045,28.0,693
2025-12-29,SKU0052,425,564,28.0,693
2024-01-01,SKU0053,159,0,15.0,120
2024-01-08,SKU0053,117,105,15.0,120
2024-01-15,SKU0053,74,105,15.0,120
2024-01-22,SKU0053,32,105,15.0,120
2024-01-29,SKU0053,94,103,15.0,120
2024-02-05,SKU0053,52,103,15.0,120
2024-02-12,SKU0053,113,103,15.0,120
2024-02-19,SKU0053,70,103,15.0,120
2024-02-26,SKU0053,131,0,15.0,120
2024-03-04,SKU0053,89,103,15.0,120
2024-03-11,SKU0053,46,103,15.0,120
2024-03-18,SKU0053,107,103,15.0,120
2024-03-25,SKU0053,65,103,15.0,120
2024-04-01,SKU0053,125,0,15.0,120
2024-04-08,SKU0053,83,103,15.0,120
2024-04-15,SKU0053,40,103,15.0,120
2024-04-22,SKU0053,101,103,15.0,120
2024-04-29,SKU0053,59,103,15.0,120
2024-05-06,SKU0053,119,0,15.0,120
2024-05-13,SKU0053,77,109,15.0,120
2024-05-20,SKU0053,35,109,15.0,120
2024-05-27,SKU0053,101,103,15.0,120
2024-06-03,SKU0053,59,103,15.0,120
2024-06-10,SKU0053,120,102,15.0,120
2024-06-17,SKU0053,77,102,15.0,120
2024-06-24,SKU0053,35,102,15.0,120
2024-07-01,SKU0053,94,103,15.0,120
2024-07-08,SKU0053,52,103,15.0,120
2024-07-15,SKU0053,113,103,15.0,120
2024-07-22,SKU0053,70,103,15.0,120
2024-07-29,SKU0053,131,0,15.0,120
2024-08-05,SKU0053,89,103,15.0,120
2024-08-12,SKU0053,46,103,15.0,120
2024-08-19,SKU0053,107,103,15.0,120
2024-08-26,SKU0053,64,103,15.0,120
2024-09-02,SKU0053,125,0,15.0,120
2024-09-09,SKU0053,83,103,15.0,120
2024-09-16,SKU0053,40,103,15.0,120
2024-09-23,SKU0053,101,103,15.0,120
2024-09-30,SKU0053,59,103,15.0,120
2024-10-07,SKU0053,119,103,15.0,120
2024-10-14,SKU0053,77,103,15.0,120
2024-10-21,SKU0053,35,103,15.0,120
2024-10-28,SKU0053,95,103,15.0,120
2024-11-04,SKU0053,53,103,15.0,120
2024-11-11,SKU0053,113,102,15.0,120
2024-11-18,SKU0053,71,102,15.0,120
2024-11-25,SKU0053,128,0,15.0,120
2024-12-02,SKU0053,65,106,15.0,120
2024-12-09,SKU0053,14,208,15.0,120
2024-12-16,SKU0053,65,102,15.0,120
2024-12-23,SKU0053,0,211,15.0,120
2024-12-30,SKU0053,49,109,15.0,120
2025-01-06,SKU0053,89,111,15.0,120
2025-01-13,SKU0053,29,111,15.0,120
2025-01-20,SKU0053,100,107,15.0,120
2025-01-27,SKU0053,58,107,15.0,120
2025-02-03,SKU0053,122,0,15.0,120
2025-02-10,SKU0053,100,108,15.0,120
2025-02-17,SKU0053,57,108,15.0,120
2025-02-24,SKU0053,120,0,15.0,120
2025-03-03,SKU0053,77,109,15.0,120
2025-03-10,SKU0053,47,109,15.0,120
2025-03-17,SKU0053,117,105,15.0,120
2025-03-24,SKU0053,78,105,15.0,120
2025-03-31,SKU0053,45,105,15.0,120
2025-04-07,SKU0053,113,108,15.0,120
2025-04-14,SKU0053,79,108,15.0,120
2025-04-21,SKU0053,157,0,15.0,120
2025-04-28,SKU0053,127,0,15.0,120
2025-05-05,SKU0053,97,105,15.0,120
2025-05-12,SKU0053,67,105,15.0,120
2025-05-19,SKU0053,136,0,15.0,120
2025-05-26,SKU0053,101,107,15.0,120
2025-06-02,SKU0053,69,107,15.0,120
2025-06-09,SKU0053,144,0,15.0,120
2025-06-16,SKU0053,111,105,15.0,120
2025-06-23,SKU0053,75,105,15.0,120
2025-06-30,SKU0053,144,0,15.0,120
2025-07-07,SKU0053,115,107,15.0,120
2025-07-14,SKU0053,80,107,15.0,120
2025-07-21,SKU0053,50,107,15.0,120
2025-07-28,SKU0053,124,0,15.0,120
2025-08-04,SKU0053,74,104,15.0,120
2025-08-11,SKU0053,21,104,15.0,120
2025-08-18,SKU0053,79,108,15.0,120
2025-08-25,SKU0053,50,108,15.0,120
2025-09-01,SKU0053,128,0,15.0,120
2025-09-08,SKU0053,93,104,15.0,120
2025-09-15,SKU0053,62,104,15.0,120
2025-09-22,SKU0053,136,0,15.0,120
2025-09-29,SKU0053,104,106,15.0,120
2025-10-06,SKU0053,63,106,15.0,120
2025-10-13,SKU0053,133,0,15.0,120
2025-10-20,SKU0053,60,111,15.0,120
2025-10-27,SKU0053,0,218,15.0,120
2025-11-03,SKU0053,83,107,15.0,120
2025-11-10,SKU0053,156,0,15.0,120
2025-11-17,SKU0053,109,106,15.0,120
2025-11-24,SKU0053,64,106,15.0,120
2025-12-01,SKU0053,99,104,15.0,120
2025-12-08,SKU0053,44,104,15.0,120
2025-12-15,SKU0053,97,111,15.0,120
2025-12-22,SKU0053,52,111,15.0,120
2025-12-29,SKU0053,123,0,15.0,120
2024-01-01,SKU0054,1555,0,24.0,1222
2024-01-08,SKU0054,1244,0,24.0,1222
2024-01-15,SKU0054,932,724,24.0,1222
2024-01-22,SKU0054,620,724,24.0,1222
2024-01-29,SKU0054,308,1437,24.0,1222
2024-02-05,SKU0054,720,713,24.0,1222
2024-02-12,SKU0054,408,1426,24.0,1222
2024-02-19,SKU0054,809,713,24.0,1222
2024-02-26,SKU0054,497,1426,24.0,1222
2024-03-04,SKU0054,185,1426,24.0,1222
2024-03-11,SKU0054,586,713,24.0,1222
2024-03-18,SKU0054,274,1426,24.0,1222
2024-03-25,SKU0054,675,713,24.0,1222
2024-04-01,SKU0054,364,1426,24.0,1222
2024-04-08,SKU0054,765,713,24.0,1222
2024-04-15,SKU0054,453,1426,24.0,1222
2024-04-22,SKU0054,854,713,24.0,1222
2024-04-29,SKU0054,542,713,24.0,1222
2024-05-06,SKU0054,230,1426,24.0,1222
2024-05-13,SKU0054,631,713,24.0,1222
2024-05-20,SKU0054,319,1426,24.0,1222
2024-05-27,SKU0054,720,713,24.0,1222
2024-06-03,SKU0054,408,1426,24.0,1222
2024-06-10,SKU0054,809,713,24.0,1222
2024-06-17,SKU0054,497,1426,24.0,1222
2024-06-24,SKU0054,186,1426,24.0,1222
2024-07-01,SKU0054,587,713,24.0,1222
2024-07-08,SKU0054,275,1426,24.0,1222
2024-07-15,SKU0054,676,713,24.0,1222
2024-07-22,SKU0054,364,1425,24.0,1222
2024-07-29,SKU0054,765,712,24.0,1222
2024-08-05,SKU0054,453,1425,24.0,1222
2024-08-12,SKU0054,853,713,24.0,1222
2024-08-19,SKU0054,541,713,24.0,1222
2024-08-26,SKU0054,229,1426,24.0,1222
2024-09-02,SKU0054,630,713,24.0,1222
2024-09-09,SKU0054,318,1426,24.0,1222
2024-09-16,SKU0054,720,713,24.0,1222
2024-09-23,SKU0054,479,1429,24.0,1222
2024-09-30,SKU0054,984,716,24.0,1222
2024-10-07,SKU0054,633,716,24.0,1222
2024-10-14,SKU0054,330,1424,24.0,1222
2024-10-21,SKU0054,515,708,24.0,1222
2024-10-28,SKU0054,156,1482,24.0,1222
2024-11-04,SKU0054,676,774,24.0,1222
2024-11-11,SKU0054,356,1510,24.0,1222
2024-11-18,SKU0054,839,736,24.0,1222
2024-11-25,SKU0054,531,736,24.0,1222
2024-12-02,SKU0054,7,1444,24.0,1222
2024-12-09,SKU0054,462,1461,24.0,1222
2024-12-16,SKU0054,79,1461,24.0,1222
2024-12-23,SKU0054,406,753,24.0,1222
2024-12-30,SKU0054,67,1583,24.0,1222
2025-01-06,SKU0054,357,830,24.0,1222
2025-01-13,SKU0054,0,1659,24.0,1222
2025-01-20,SKU0054,672,829,24.0,1222
2025-01-27,SKU0054,326,1564,24.0,1222
2025-02-03,SKU0054,787,735,24.0,1222
2025-02-10,SKU0054,419,1465,24.0,1222
2025-02-17,SKU0054,71,1465,24.0,1222
2025-02-24,SKU0054,422,1501,24.0,1222
2025-03-03,SKU0054,186,1501,24.0,1222
2025-03-10,SKU0054,700,771,24.0,1222
2025-03-17,SKU0054,460,771,24.0,1222
2025-03-24,SKU0054,946,737,24.0,1222
2025-03-31,SKU0054,636,737,24.0,1222
2025-04-07,SKU0054,445,1460,24.0,1222
2025-04-14,SKU0054,935,723,24.0,1222
2025-04-21,SKU0054,677,723,24.0,1222
2025-04-28,SKU0054,472,1427,24.0,1222
2025-05-05,SKU0054,917,704,24.0,1222
2025-05-12,SKU0054,640,704,24.0,1222
2025-05-19,SKU0054,372,1426,24.0,1222
2025-05-26,SKU0054,789,722,24.0,1222
2025-06-02,SKU0054,544,722,24.0,1222
2025-06-09,SKU0054,986,714,24.0,1222
2025-06-16,SKU0054,704,714,24.0,1222
2025-06-23,SKU0054,453,1470,24.0,1222
2025-06-30,SKU0054,921,756,24.0,1222
2025-07-07,SKU0054,684,756,24.0,1222
2025-07-14,SKU0054,459,1464,24.0,1222
2025-07-21,SKU0054,988,708,24.0,1222
2025-07-28,SKU0054,825,708,24.0,1222
2025-08-04,SKU0054,448,1422,24.0,1222
2025-08-11,SKU0054,760,714,24.0,1222
2025-08-18,SKU0054,547,714,24.0,1222
2025-08-25,SKU0054,314,1453,24.0,1222
2025-09-01,SKU0054,791,739,24.0,1222
2025-09-08,SKU0054,598,739,24.0,1222
2025-09-15,SKU0054,1079,708,24.0,1222
2025-09-22,SKU0054,897,708,24.0,1222
2025-09-29,SKU0054,682,708,24.0,1222
2025-10-06,SKU0054,1070,734,24.0,1222
2025-10-13,SKU0054,755,734,24.0,1222
2025-10-20,SKU0054,205,1518,24.0,1222
2025-10-27,SKU0054,694,784,24.0,1222
2025-11-03,SKU0054,388,1530,24.0,1222
2025-11-10,SKU0054,92,1530,24.0,1222
2025-11-17,SKU0054,565,746,24.0,1222
2025-11-24,SKU0054,216,1487,24.0,1222
2025-12-01,SKU0054,493,741,24.0,1222
2025-12-08,SKU0054,101,1492,24.0,1222
2025-12-15,SKU0054,664,751,24.0,1222
2025-12-22,SKU0054,351,1478,24.0,1222
2025-12-29,SKU0054,784,727,24.0,1222
2024-01-01,SKU0055,493,311,25.0,517
2024-01-08,SKU0055,122,619,25.0,517
2024-01-15,SKU0055,0,619,25.0,517
2024-01-22,SKU0055,0,619,25.0,517
2024-01-29,SKU0055,170,308,25.0,517
2024-02-05,SKU0055,286,358,25.0,517
2024-02-12,SKU0055,59,715,25.0,517
2024-02-19,SKU0055,0,715,25.0,517
2024-02-26,SKU0055,250,357,25.0,517
2024-03-04,SKU0055,87,659,25.0,517
2024-03-11,SKU0055,264,302,25.0,517
2024-03-18,SKU0055,75,594,25.0,517
2024-03-25,SKU0055,0,594,25.0,517
2024-04-01,SKU0055,129,652,25.0,517
2024-04-08,SKU0055,251,360,25.0,517
2024-04-15,SKU0055,34,648,25.0,517
2024-04-22,SKU0055,0,648,25.0,517
2024-04-29,SKU0055,219,585,25.0,517
2024-05-06,SKU0055,309,297,25.0,517
2024-05-13,SKU0055,135,297,25.0,517
2024-05-20,SKU0055,0,678,25.0,517
2024-05-27,SKU0055,197,381,25.0,517
2024-06-03,SKU0055,22,684,25.0,517
2024-06-10,SKU0055,297,303,25.0,517
2024-06-17,SKU0055,101,626,25.0,517
2024-06-24,SKU0055,300,323,25.0,517
2024-07-01,SKU0055,150,637,25.0,517
2024-07-08,SKU0055,0,637,25.0,517
2024-07-15,SKU0055,188,616,25.0,517
2024-07-22,SKU0055,30,616,25.0,517
2024-07-29,SKU0055,187,594,25.0,517
2024-08-05,SKU0055,0,594,25.0,517
2024-08-12,SKU0055,183,580,25.0,517
2024-08-19,SKU0055,13,580,25.0,517
2024-08-26,SKU0055,173,583,25.0,517
2024-09-02,SKU0055,32,583,25.0,517
2024-09-09,SKU0055,125,649,25.0,517
2024-09-16,SKU0055,0,649,25.0,517
2024-09-23,SKU0055,128,643,25.0,517
2024-09-30,SKU0055,0,643,25.0,517
2024-10-07,SKU0055,230,289,25.0,517
2024-10-14,SKU0055,49,630,25.0,517
2024-10-21,SKU0055,5,678,25.0,517
2024-10-28,SKU0055,0,678,25.0,517
2024-11-04,SKU0055,276,337,25.0,517
2024-11-11,SKU0055,32,643,25.0,517
2024-11-18,SKU0055,135,605,25.0,517
2024-11-25,SKU0055,0,605,25.0,517
2024-12-02,SKU0055,0,605,25.0,517
2024-12-09,SKU0055,0,614,25.0,517
2024-12-16,SKU0055,51,641,25.0,517
2024-12-23,SKU0055,0,641,25.0,517
2024-12-30,SKU0055,281,326,25.0,517
2025-01-06,SKU0055,0,679,25.0,517
2025-01-13,SKU0055,63,675,25.0,517
2025-01-20,SKU0055,0,675,25.0,517
2025-01-27,SKU0055,328,322,25.0,517
2025-02-03,SKU0055,114,626,25.0,517
2025-02-10,SKU0055,167,637,25.0,517
2025-02-17,SKU0055,0,637,25.0,517
2025-02-24,SKU0055,0,637,25.0,517
2025-03-03,SKU0055,112,640,25.0,517
2025-03-10,SKU0055,277,307,25.0,517
2025-03-17,SKU0055,123,607,25.0,517
2025-03-24,SKU0055,0,607,25.0,517
2025-03-31,SKU0055,178,598,25.0,517
2025-04-07,SKU0055,21,598,25.0,517
2025-04-14,SKU0055,143,589,25.0,517
2025-04-21,SKU0055,0,589,25.0,517
2025-04-28,SKU0055,195,587,25.0,517
2025-05-05,SKU0055,24,587,25.0,517
2025-05-12,SKU0055,137,586,25.0,517
2025-05-19,SKU0055,0,586,25.0,517
2025-05-26,SKU0055,161,594,25.0,517
2025-06-02,SKU0055,0,594,25.0,517
2025-06-09,SKU0055,120,613,25.0,517
2025-06-16,SKU0055,0,613,25.0,517
2025-06-23,SKU0055,126,648,25.0,517
2025-06-30,SKU0055,0,648,25.0,517
2025-07-07,SKU0055,110,630,25.0,517
2025-07-14,SKU0055,0,630,25.0,517
2025-07-21,SKU0055,204,600,25.0,517
2025-07-28,SKU0055,36,600,25.0,517
2025-08-04,SKU0055,89,613,25.0,517
2025-08-11,SKU0055,0,613,25.0,517
2025-08-18,SKU0055,205,599,25.0,517
2025-08-25,SKU0055,48,599,25.0,517
2025-09-01,SKU0055,200,295,25.0,517
2025-09-08,SKU0055,19,664,25.0,517
2025-09-15,SKU0055,208,369,25.0,517
2025-09-22,SKU0055,38,700,25.0,517
2025-09-29,SKU0055,315,331,25.0,517
2025-10-06,SKU0055,114,640,25.0,517
2025-10-13,SKU0055,0,640,25.0,517
2025-10-20,SKU0055,0,636,25.0,517
2025-10-27,SKU0055,0,636,25.0,517
2025-11-03,SKU0055,101,634,25.0,517
2025-11-10,SKU0055,0,634,25.0,517
2025-11-17,SKU0055,108,621,25.0,517
2025-11-24,SKU0055,0,621,25.0,517
2025-12-01,SKU0055,0,726,25.0,517
2025-12-08,SKU0055,0,726,25.0,517
2025-12-15,SKU0055,125,412,25.0,517
2025-12-22,SKU0055,0,705,25.0,517
2025-12-29,SKU0055,211,593,25.0,517
2024-01-01,SKU0056,160,0,23.0,116
2024-01-08,SKU0056,112,0,23.0,116
2024-01-15,SKU0056,64,80,23.0,116
2024-01-22,SKU0056,16,162,23.0,116
2024-01-29,SKU0056,0,162,23.0,116
2024-02-05,SKU0056,46,82,23.0,116
2024-02-12,SKU0056,0,153,23.0,116
2024-02-19,SKU0056,34,144,23.0,116
2024-02-26,SKU0056,0,144,23.0,116
2024-03-04,SKU0056,44,73,23.0,116
2024-03-11,SKU0056,0,148,23.0,116
2024-03-18,SKU0056,25,146,23.0,116
2024-03-25,SKU0056,0,146,23.0,116
2024-04-01,SKU0056,41,71,23.0,116
2024-04-08,SKU0056,64,94,23.0,116
2024-04-15,SKU0056,16,94,23.0,116
2024-04-22,SKU0056,0,176,23.0,116
2024-04-29,SKU0056,73,82,23.0,116
2024-05-06,SKU0056,25,82,23.0,116
2024-05-13,SKU0056,59,85,23.0,116
2024-05-20,SKU0056,11,160,23.0,116
2024-05-27,SKU0056,0,160,23.0,116
2024-06-03,SKU0056,51,75,23.0,116
2024-06-10,SKU0056,78,87,23.0,116
2024-06-17,SKU0056,29,87,23.0,116
2024-06-24,SKU0056,0,176,23.0,116
2024-07-01,SKU0056,73,89,23.0,116
2024-07-08,SKU0056,25,160,23.0,116
2024-07-15,SKU0056,68,71,23.0,116
2024-07-22,SKU0056,20,144,23.0,116
2024-07-29,SKU0056,0,144,23.0,116
2024-08-05,SKU0056,30,148,23.0,116
2024-08-12,SKU0056,59,75,23.0,116
2024-08-19,SKU0056,11,146,23.0,116
2024-08-26,SKU0056,0,146,23.0,116
2024-09-02,SKU0056,27,144,23.0,116
2024-09-09,SKU0056,50,73,23.0,116
2024-09-16,SKU0056,2,148,23.0,116
2024-09-23,SKU0056,66,75,23.0,116
2024-09-30,SKU0056,18,146,23.0,116
2024-10-07,SKU0056,48,71,23.0,116
2024-10-14,SKU0056,0,144,23.0,116
2024-10-21,SKU0056,57,73,23.0,116
2024-10-28,SKU0056,9,148,,116
2024-11-04,SKU0056,39,146,23.0,116
2024-11-11,SKU0056,0,146,23.0,116
2024-11-18,SKU0056,54,71,23.0,116
2024-11-25,SKU0056,6,144,23.0,116
2024-12-02,SKU0056,30,148,23.0,116
2024-12-09,SKU0056,0,148,23.0,116
2024-12-16,SKU0056,46,75,23.0,116
2024-12-23,SKU0056,0,160,23.0,116
2024-12-30,SKU0056,27,158,23.0,116
2025-01-06,SKU0056,0,158,23.0,116
2025-01-13,SKU0056,64,73,23.0,116
2025-01-20,SKU0056,16,148,23.0,116
2025-01-27,SKU0056,41,75,23.0,116
2025-02-03,SKU0056,0,158,23.0,116
2025-02-10,SKU0056,61,83,23.0,116
2025-02-17,SKU0056,13,165,23.0,116
2025-02-24,SKU0056,56,82,23.0,116
2025-03-03,SKU0056,7,157,23.0,116
2025-03-10,SKU0056,0,157,23.0,116
2025-03-17,SKU0056,34,75,23.0,116
2025-03-24,SKU0056,61,83,23.0,116
2025-03-31,SKU0056,13,158,23.0,116
2025-04-07,SKU0056,0,158,23.0,116
2025-04-14,SKU0056,49,75,23.0,116
2025-04-21,SKU0056,76,82,23.0,116
2025-04-28,SKU0056,27,82,23.0,116
2025-05-05,SKU0056,0,185,23.0,116
2025-05-12,SKU0056,61,103,23.0,116
2025-05-19,SKU0056,13,103,23.0,116
2025-05-26,SKU0056,96,76,23.0,116
2025-06-02,SKU0056,48,76,23.0,116
2025-06-09,SKU0056,0,158,23.0,116
2025-06-16,SKU0056,42,82,23.0,116
2025-06-23,SKU0056,0,164,23.0,116
2025-06-30,SKU0056,61,82,23.0,116
2025-07-07,SKU0056,13,151,23.0,116
2025-07-14,SKU0056,61,69,23.0,116
2025-07-21,SKU0056,13,158,23.0,116
2025-07-28,SKU0056,55,89,23.0,116
2025-08-04,SKU0056,8,164,23.0,116
2025-08-11,SKU0056,84,75,23.0,116
2025-08-18,SKU0056,47,75,23.0,116
2025-08-25,SKU0056,85,73,23.0,116
2025-09-01,SKU0056,41,144,23.0,116
2025-09-08,SKU0056,13,144,23.0,116
2025-09-15,SKU0056,48,71,23.0,116
2025-09-22,SKU0056,12,143,23.0,116
2025-09-29,SKU0056,48,72,23.0,116
2025-10-06,SKU0056,0,146,23.0,116
2025-10-13,SKU0056,43,74,23.0,116
2025-10-20,SKU0056,0,160,23.0,116
2025-10-27,SKU0056,47,86,23.0,116
2025-11-03,SKU0056,3,156,23.0,116
2025-11-10,SKU0056,60,70,23.0,116
2025-11-17,SKU0056,16,143,23.0,116
2025-11-24,SKU0056,47,73,23.0,116
2025-12-01,SKU0056,0,148,23.0,116
2025-12-08,SKU0056,53,75,23.0,116
2025-12-15,SKU0056,15,163,23.0,116
2025-12-22,SKU0056,44,88,23.0,116
2025-12-29,SKU0056,0,161,23.0,116
2024-01-01,SKU0057,653,0,12.0,440
2024-01-08,SKU0057,482,0,12.0,440
2024-01-15,SKU0057,312,463,12.0,440
2024-01-22,SKU0057,604,0,12.0,440
2024-01-29,SKU0057,433,463,12.0,440
2024-02-05,SKU0057,263,463,12.0,440
2024-02-12,SKU0057,555,0,12.0,440
2024-02-19,SKU0057,385,462,12.0,440
2024-02-26,SKU0057,214,462,12.0,440
2024-03-04,SKU0057,506,0,12.0,440
2024-03-11,SKU0057,335,463,12.0,440
2024-03-18,SKU0057,165,463,12.0,440
2024-03-25,SKU0057,457,0,12.0,440
2024-04-01,SKU0057,287,463,12.0,440
2024-04-08,SKU0057,579,0,12.0,440
2024-04-15,SKU0057,408,463,12.0,440
2024-04-22,SKU0057,238,463,12.0,440
2024-04-29,SKU0057,530,0,12.0,440
2024-05-06,SKU0057,360,463,12.0,440
2024-05-13,SKU0057,189,463,12.0,440
2024-05-20,SKU0057,482,0,12.0,440
2024-05-27,SKU0057,311,512,12.0,440
2024-06-03,SKU0057,141,512,12.0,440
2024-06-10,SKU0057,482,0,12.0,440
2024-06-17,SKU0057,311,487,12.0,440
2024-06-24,SKU0057,141,487,12.0,440
2024-07-01,SKU0057,457,0,12.0,440
2024-07-08,SKU0057,287,463,12.0,440
2024-07-15,SKU0057,579,0,12.0,440
2024-07-22,SKU0057,409,463,12.0,440
2024-07-29,SKU0057,238,463,12.0,440
2024-08-05,SKU0057,531,0,12.0,440
2024-08-12,SKU0057,360,463,12.0,440
2024-08-19,SKU0057,190,463,12.0,440
2024-08-26,SKU0057,482,0,12.0,440
2024-09-02,SKU0057,311,487,12.0,440
2024-09-09,SKU0057,141,487,12.0,440
2024-09-16,SKU0057,457,0,12.0,440
2024-09-23,SKU0057,287,463,12.0,440
2024-09-30,SKU0057,579,0,12.0,440
2024-10-07,SKU0057,409,0,12.0,440
2024-10-14,SKU0057,238,512,12.0,440
2024-10-21,SKU0057,580,0,12.0,440
2024-10-28,SKU0057,409,463,12.0,440
2024-11-04,SKU0057,239,463,12.0,440
2024-11-11,SKU0057,531,0,12.0,440
2024-11-18,SKU0057,360,462,12.0,440
2024-11-25,SKU0057,190,462,12.0,440
2024-12-02,SKU0057,481,0,12.0,440
2024-12-09,SKU0057,311,488,12.0,440
2024-12-16,SKU0057,140,488,12.0,440
2024-12-23,SKU0057,458,0,12.0,440
2024-12-30,SKU0057,287,463,12.0,440
2025-01-06,SKU0057,580,0,12.0,440
2025-01-13,SKU0057,409,0,12.0,440
2025-01-20,SKU0057,238,511,12.0,440
2025-01-27,SKU0057,579,0,12.0,440
2025-02-03,SKU0057,408,488,12.0,440
2025-02-10,SKU0057,238,488,12.0,440
2025-02-17,SKU0057,555,0,12.0,440
2025-02-24,SKU0057,385,463,12.0,440
2025-03-03,SKU0057,214,463,12.0,440
2025-03-10,SKU0057,507,0,12.0,440
2025-03-17,SKU0057,336,462,12.0,440
2025-03-24,SKU0057,166,462,12.0,440
2025-03-31,SKU0057,457,0,12.0,440
2025-04-07,SKU0057,286,463,12.0,440
2025-04-14,SKU0057,579,0,12.0,440
2025-04-21,SKU0057,408,0,12.0,440
2025-04-28,SKU0057,238,512,12.0,440
2025-05-05,SKU0057,579,0,12.0,440
2025-05-12,SKU0057,409,463,12.0,440
2025-05-19,SKU0057,212,463,12.0,440
2025-05-26,SKU0057,503,0,12.0,440
2025-06-02,SKU0057,365,471,12.0,440
2025-06-09,SKU0057,282,471,12.0,440
2025-06-16,SKU0057,575,0,12.0,440
2025-06-23,SKU0057,394,0,12.0,440
2025-06-30,SKU0057,248,560,12.0,440
2025-07-07,SKU0057,133,560,12.0,440
2025-07-14,SKU0057,608,0,12.0,440
2025-07-21,SKU0057,469,0,12.0,440
2025-07-28,SKU0057,316,497,12.0,440
2025-08-04,SKU0057,116,497,12.0,440
2025-08-11,SKU0057,370,473,12.0,440
2025-08-18,SKU0057,240,473,12.0,440
2025-08-25,SKU0057,508,0,12.0,440
2025-09-01,SKU0057,398,456,12.0,440
2025-09-08,SKU0057,300,456,12.0,440
2025-09-15,SKU0057,643,0,12.0,440
2025-09-22,SKU0057,514,0,12.0,440
2025-09-29,SKU0057,338,458,12.0,440
2025-10-06,SKU0057,100,458,12.0,440
2025-10-13,SKU0057,366,483,12.0,440
2025-10-20,SKU0057,78,483,12.0,440
2025-10-27,SKU0057,367,529,12.0,440
2025-11-03,SKU0057,227,529,12.0,440
2025-11-10,SKU0057,563,0,12.0,440
2025-11-17,SKU0057,410,469,12.0,440
2025-11-24,SKU0057,264,469,12.0,440
2025-12-01,SKU0057,422,474,12.0,440
2025-12-08,SKU0057,145,474,12.0,440
2025-12-15,SKU0057,452,0,12.0,440
2025-12-22,SKU0057,274,476,12.0,440
2025-12-29,SKU0057,604,0,12.0,440
2024-01-01,SKU0058,14,0,10.0,10
2024-01-08,SKU0058,0,19,10.0,10
2024-01-15,SKU0058,16,0,10.0,10
2024-01-22,SKU0058,0,17,10.0,10
2024-01-29,SKU0058,14,0,10.0,10
2024-02-05,SKU0058,0,16,10.0,10
2024-02-12,SKU0058,10,0,10.0,10
2024-02-19,SKU0058,0,15,10.0,10
2024-02-26,SKU0058,4,13,10.0,10
2024-03-04,SKU0058,0,13,10.0,10
2024-03-11,SKU0058,0,15,10.0,10
2024-03-18,SKU0058,6,13,10.0,10
2024-03-25,SKU0058,0,13,10.0,10
2024-04-01,SKU0058,0,15,10.0,10
2024-04-08,SKU0058,9,13,10.0,10
2024-04-15,SKU0058,0,13,10.0,10
2024-04-22,SKU0058,0,18,10.0,10
2024-04-29,SKU0058,0,18,10.0,10
2024-05-06,SKU0058,0,15,10.0,10
2024-05-13,SKU0058,12,0,10.0,10
2024-05-20,SKU0058,0,16,10.0,10
2024-05-27,SKU0058,7,0,10.0,10
2024-06-03,SKU0058,0,17,10.0,10
2024-06-10,SKU0058,6,14,10.0,10
2024-06-17,SKU0058,0,14,10.0,10
2024-06-24,SKU0058,0,14,10.0,10
2024-07-01,SKU0058,8,0,10.0,10
2024-07-08,SKU0058,0,19,10.0,10
2024-07-15,SKU0058,10,0,10.0,10
2024-07-22,SKU0058,0,14,10.0,10
2024-07-29,SKU0058,3,19,10.0,10
2024-08-05,SKU0058,0,19,10.0,10
2024-08-12,SKU0058,5,14,10.0,10
2024-08-19,SKU0058,0,14,10.0,10
2024-08-26,SKU0058,0,17,10.0,10
2024-09-02,SKU0058,14,0,10.0,10
2024-09-09,SKU0058,0,14,10.0,10
2024-09-16,SKU0058,5,0,10.0,10
2024-09-23,SKU0058,0,19,10.0,10
2024-09-30,SKU0058,8,14,10.0,10
2024-10-07,SKU0058,0,14,10.0,10
2024-10-14,SKU0058,0,14,10.0,10
2024-10-21,SKU0058,11,0,10.0,10
2024-10-28,SKU0058,0,14,10.0,10
2024-11-04,SKU0058,3,17,10.0,10
2024-11-11,SKU0058,0,17,10.0,10
2024-11-18,SKU0058,0,14,10.0,10
2024-11-25,SKU0058,11,0,10.0,10
2024-12-02,SKU0058,0,14,10.0,10
2024-12-09,SKU0058,3,17,10.0,10
2024-12-16,SKU0058,0,17,10.0,10
2024-12-23,SKU0058,0,16,10.0,10
2024-12-30,SKU0058,0,16,10.0,10
2025-01-06,SKU0058,0,17,10.0,10
2025-01-13,SKU0058,14,0,10.0,10
2025-01-20,SKU0058,0,16,10.0,10
2025-01-27,SKU0058,10,0,10.0,10
2025-02-03,SKU0058,0,20,10.0,10
2025-02-10,SKU0058,14,0,10.0,10
2025-02-17,SKU0058,0,13,10.0,10
2025-02-24,SKU0058,4,18,10.0,10
2025-03-03,SKU0058,0,18,10.0,10
2025-03-10,SKU0058,4,15,10.0,10
2025-03-17,SKU0058,0,15,10.0,10
2025-03-24,SKU0058,0,13,10.0,10
2025-03-31,SKU0058,7,15,10.0,10
2025-04-07,SKU0058,0,15,10.0,10
2025-04-14,SKU0058,1,16,10.0,10
2025-04-21,SKU0058,0,16,10.0,10
2025-04-28,SKU0058,0,15,10.0,10
2025-05-05,SKU0058,9,13,10.0,10
2025-05-12,SKU0058,0,13,10.0,10
2025-05-19,SKU0058,0,18,10.0,10
2025-05-26,SKU0058,0,18,10.0,10
2025-06-02,SKU0058,0,15,10.0,10
2025-06-09,SKU0058,12,0,10.0,10
2025-06-16,SKU0058,0,21,10.0,10
2025-06-23,SKU0058,18,0,10.0,10
2025-06-30,SKU0058,0,12,10.0,10
2025-07-07,SKU0058,8,0,10.0,10
2025-07-14,SKU0058,0,22,10.0,10
2025-07-21,SKU0058,0,22,10.0,10
2025-07-28,SKU0058,7,13,10.0,10
2025-08-04,SKU0058,0,13,10.0,10
2025-08-11,SKU0058,0,22,10.0,10
2025-08-18,SKU0058,0,22,10.0,10
2025-08-25,SKU0058,6,16,10.0,10
2025-09-01,SKU0058,0,16,10.0,10
2025-09-08,SKU0058,7,15,10.0,10
2025-09-15,SKU0058,0,15,10.0,10
2025-09-22,SKU0058,3,17,10.0,10
2025-09-29,SKU0058,0,17,10.0,10
2025-10-06,SKU0058,1,13,10.0,10
2025-10-13,SKU0058,12,0,10.0,10
2025-10-20,SKU0058,0,22,10.0,10
2025-10-27,SKU0058,0,22,10.0,10
2025-11-03,SKU0058,1,15,10.0,10
2025-11-10,SKU0058,0,15,10.0,10
2025-11-17,SKU0058,0,15,10.0,10
2025-11-24,SKU0058,8,0,10.0,10
2025-12-01,SKU0058,0,20,10.0,10
2025-12-08,SKU0058,10,0,10.0,10
2025-12-15,SKU0058,0,15,10.0,10
2025-12-22,SKU0058,5,16,10.0,10
2025-12-29,SKU0058,0,16,10.0,10
2024-01-01,SKU0059,560,0,13.0,324
2024-01-08,SKU0059,400,0,13.0,324
2024-01-15,SKU0059,241,373,13.0,324
2024-01-22,SKU0059,81,373,13.0,324
2024-01-29,SKU0059,305,0,13.0,324
2024-02-05,SKU0059,145,354,13.0,324
2024-02-12,SKU0059,339,0,13.0,324
2024-02-19,SKU0059,179,343,13.0,324
2024-02-26,SKU0059,19,343,13.0,324
2024-03-04,SKU0059,202,319,13.0,324
2024-03-11,SKU0059,43,319,13.0,324
2024-03-18,SKU0059,202,320,13.0,324
2024-03-25,SKU0059,42,320,13.0,324
2024-04-01,SKU0059,202,320,13.0,324
2024-04-08,SKU0059,42,320,13.0,324
2024-04-15,SKU0059,202,342,13.0,324
2024-04-22,SKU0059,43,342,13.0,324
2024-04-29,SKU0059,225,320,13.0,324
2024-05-06,SKU0059,65,320,13.0,324
2024-05-13,SKU0059,225,320,13.0,324
2024-05-20,SKU0059,65,320,13.0,324
2024-05-27,SKU0059,225,319,13.0,324
2024-06-03,SKU0059,66,319,13.0,324
2024-06-10,SKU0059,225,320,13.0,324
2024-06-17,SKU0059,65,320,13.0,324
2024-06-24,SKU0059,225,320,13.0,324
2024-07-01,SKU0059,65,320,13.0,324
2024-07-08,SKU0059,225,319,13.0,324
2024-07-15,SKU0059,66,319,13.0,324
2024-07-22,SKU0059,225,320,13.0,324
2024-07-29,SKU0059,65,320,13.0,324
2024-08-05,SKU0059,225,320,13.0,324
2024-08-12,SKU0059,65,320,13.0,324
2024-08-19,SKU0059,225,319,13.0,324
2024-08-26,SKU0059,66,319,13.0,324
2024-09-02,SKU0059,225,320,13.0,324
2024-09-09,SKU0059,65,320,13.0,324
2024-09-16,SKU0059,225,320,13.0,324
2024-09-23,SKU0059,65,320,13.0,324
2024-09-30,SKU0059,225,342,13.0,324
2024-10-07,SKU0059,66,342,13.0,324
2024-10-14,SKU0059,248,343,13.0,324
2024-10-21,SKU0059,88,343,13.0,324
2024-10-28,SKU0059,271,319,13.0,324
2024-11-04,SKU0059,111,319,13.0,324
2024-11-11,SKU0059,270,320,13.0,324
2024-11-18,SKU0059,111,320,13.0,324
2024-11-25,SKU0059,271,320,13.0,324
2024-12-02,SKU0059,111,320,13.0,324
2024-12-09,SKU0059,271,319,13.0,324
2024-12-16,SKU0059,111,319,13.0,324
2024-12-23,SKU0059,270,320,13.0,324
2024-12-30,SKU0059,111,320,13.0,324
2025-01-06,SKU0059,271,320,13.0,324
2025-01-13,SKU0059,111,320,13.0,324
2025-01-20,SKU0059,271,319,13.0,324
2025-01-27,SKU0059,111,319,13.0,324
2025-02-03,SKU0059,270,343,13.0,324
2025-02-10,SKU0059,111,343,13.0,324
2025-02-17,SKU0059,294,0,13.0,324
2025-02-24,SKU0059,134,388,13.0,324
2025-03-03,SKU0059,0,388,13.0,324
2025-03-10,SKU0059,228,316,13.0,324
2025-03-17,SKU0059,68,316,13.0,324
2025-03-24,SKU0059,225,389,13.0,324
2025-03-31,SKU0059,65,389,13.0,324
2025-04-07,SKU0059,321,315,13.0,324
2025-04-14,SKU0059,161,315,13.0,324
2025-04-21,SKU0059,316,320,13.0,324
2025-04-28,SKU0059,156,320,13.0,324
2025-05-05,SKU0059,316,320,13.0,324
2025-05-12,SKU0059,156,320,13.0,324
2025-05-19,SKU0059,317,319,13.0,324
2025-05-26,SKU0059,157,319,13.0,324
2025-06-02,SKU0059,316,320,13.0,324
2025-06-09,SKU0059,156,320,13.0,324
2025-06-16,SKU0059,316,320,13.0,324
2025-06-23,SKU0059,156,320,13.0,324
2025-06-30,SKU0059,317,319,13.0,324
2025-07-07,SKU0059,157,319,13.0,324
2025-07-14,SKU0059,316,320,13.0,324
2025-07-21,SKU0059,156,320,13.0,324
2025-07-28,SKU0059,316,320,13.0,324
2025-08-04,SKU0059,156,320,13.0,324
2025-08-11,SKU0059,317,319,13.0,324
2025-08-18,SKU0059,157,319,13.0,324
2025-08-25,SKU0059,316,320,13.0,324
2025-09-01,SKU0059,156,320,13.0,324
2025-09-08,SKU0059,316,320,13.0,324
2025-09-15,SKU0059,156,320,13.0,324
2025-09-22,SKU0059,317,319,13.0,324
2025-09-29,SKU0059,157,319,13.0,324
2025-10-06,SKU0059,316,320,13.0,324
2025-10-13,SKU0059,156,320,13.0,324
2025-10-20,SKU0059,244,0,13.0,324
2025-10-27,SKU0059,60,452,13.0,324
2025-11-03,SKU0059,0,452,13.0,324
2025-11-10,SKU0059,311,0,13.0,324
2025-11-17,SKU0059,182,337,13.0,324
2025-11-24,SKU0059,396,0,13.0,324
2025-12-01,SKU0059,149,334,13.0,324
2025-12-08,SKU0059,0,334,13.0,324
2025-12-15,SKU0059,192,322,13.0,324
2025-12-22,SKU0059,59,322,13.0,324
2025-12-29,SKU0059,251,326,13.0,324
2024-01-01,SKU0060,55,0,10.0,37
2024-01-08,SKU0060,29,53,10.0,37
2024-01-15,SKU0060,3,53,10.0,37
2024-01-22,SKU0060,34,48,10.0,37
2024-01-29,SKU0060,8,48,10.0,37
2024-02-05,SKU0060,30,0,10.0,37
2024-02-12,SKU0060,4,67,10.0,37
2024-02-19,SKU0060,63,0,10.0,37
2024-02-26,SKU0060,37,0,10.0,37
2024-03-04,SKU0060,11,49,10.0,37
2024-03-11,SKU0060,34,0,10.0,37
2024-03-18,SKU0060,8,55,10.0,37
2024-03-25,SKU0060,44,0,10.0,37
2024-04-01,SKU0060,18,64,10.0,37
2024-04-08,SKU0060,0,64,10.0,37
2024-04-15,SKU0060,45,0,10.0,37
2024-04-22,SKU0060,19,48,10.0,37
2024-04-29,SKU0060,41,0,10.0,37
2024-05-06,SKU0060,15,52,10.0,37
2024-05-13,SKU0060,45,0,10.0,37
2024-05-20,SKU0060,18,49,10.0,37
2024-05-27,SKU0060,42,0,10.0,37
2024-06-03,SKU0060,15,48,10.0,37
2024-06-10,SKU0060,37,0,10.0,37
2024-06-17,SKU0060,11,56,10.0,37
2024-06-24,SKU0060,49,0,10.0,37
2024-07-01,SKU0060,22,52,10.0,37
2024-07-08,SKU0060,0,52,10.0,37
2024-07-15,SKU0060,26,49,10.0,37
2024-07-22,SKU0060,0,49,10.0,37
2024-07-29,SKU0060,23,48,10.0,37
2024-08-05,SKU0060,45,0,10.0,37
2024-08-12,SKU0060,18,49,10.0,37
2024-08-19,SKU0060,42,0,10.0,37
2024-08-26,SKU0060,15,48,10.0,37
2024-09-02,SKU0060,37,0,10.0,37
2024-09-09,SKU0060,11,49,10.0,37
2024-09-16,SKU0060,34,48,10.0,37
2024-09-23,SKU0060,8,48,10.0,37
2024-09-30,SKU0060,30,0,10.0,37
2024-10-07,SKU0060,3,60,10.0,37
2024-10-14,SKU0060,49,0,10.0,37
2024-10-21,SKU0060,23,0,10.0,37
2024-10-28,SKU0060,0,63,10.0,37
2024-11-04,SKU0060,48,0,10.0,37
2024-11-11,SKU0060,22,45,10.0,37
2024-11-18,SKU0060,41,0,10.0,37
2024-11-25,SKU0060,14,49,10.0,37
2024-12-02,SKU0060,38,0,10.0,37
2024-12-09,SKU0060,12,48,10.0,37
2024-12-16,SKU0060,33,0,10.0,37
2024-12-23,SKU0060,7,52,10.0,37
2024-12-30,SKU0060,37,0,10.0,37
2025-01-06,SKU0060,11,56,10.0,37
2025-01-13,SKU0060,49,0,10.0,37
2025-01-20,SKU0060,22,60,10.0,37
2025-01-27,SKU0060,0,60,10.0,37
2025-02-03,SKU0060,41,0,10.0,37
2025-02-10,SKU0060,15,48,10.0,37
2025-02-17,SKU0060,37,0,10.0,37
2025-02-24,SKU0060,11,49,10.0,37
2025-03-03,SKU0060,34,0,10.0,37
2025-03-10,SKU0060,8,59,10.0,37
2025-03-17,SKU0060,52,0,10.0,37
2025-03-24,SKU0060,25,49,10.0,37
2025-03-31,SKU0060,0,49,10.0,37
2025-04-07,SKU0060,23,48,10.0,37
2025-04-14,SKU0060,45,0,10.0,37
2025-04-21,SKU0060,19,49,10.0,37
2025-04-28,SKU0060,47,0,10.0,37
2025-05-05,SKU0060,24,49,10.0,37
2025-05-12,SKU0060,46,0,10.0,37
2025-05-19,SKU0060,25,47,10.0,37
2025-05-26,SKU0060,52,0,10.0,37
2025-06-02,SKU0060,28,45,10.0,37
2025-06-09,SKU0060,4,45,10.0,37
2025-06-16,SKU0060,28,47,10.0,37
2025-06-23,SKU0060,5,47,10.0,37
2025-06-30,SKU0060,28,46,10.0,37
2025-07-07,SKU0060,12,46,10.0,37
2025-07-14,SKU0060,41,0,10.0,37
2025-07-21,SKU0060,18,56,10.0,37
2025-07-28,SKU0060,0,56,10.0,37
2025-08-04,SKU0060,24,52,10.0,37
2025-08-11,SKU0060,0,52,10.0,37
2025-08-18,SKU0060,35,0,10.0,37
2025-08-25,SKU0060,10,66,10.0,37
2025-09-01,SKU0060,0,66,10.0,37
2025-09-08,SKU0060,50,0,10.0,37
2025-09-15,SKU0060,30,50,10.0,37
2025-09-22,SKU0060,10,50,10.0,37
2025-09-29,SKU0060,35,0,10.0,37
2025-10-06,SKU0060,4,53,10.0,37
2025-10-13,SKU0060,40,0,10.0,37
2025-10-20,SKU0060,0,47,10.0,37
2025-10-27,SKU0060,27,51,10.0,37
2025-11-03,SKU0060,3,51,10.0,37
2025-11-10,SKU0060,29,51,10.0,37
2025-11-17,SKU0060,0,51,10.0,37
2025-11-24,SKU0060,26,0,10.0,37
2025-12-01,SKU0060,0,70,10.0,37
2025-12-08,SKU0060,56,0,10.0,37
2025-12-15,SKU0060,23,0,10.0,37
2025-12-22,SKU0060,0,75,10.0,37
2025-12-29,SKU0060,71,0,10.0,37
2024-01-01,SKU0061,1004,1095,27.0,1378
2024-01-08,SKU0061,679,1095,27.0,1378
2024-01-15,SKU0061,354,1095,27.0,1378
2024-01-22,SKU0061,29,1977,27.0,1378
2024-01-29,SKU0061,1002,882,27.0,1378
2024-02-05,SKU0061,677,882,27.0,1378
2024-02-12,SKU0061,353,1607,27.0,1378
2024-02-19,SKU0061,910,725,27.0,1378
2024-02-26,SKU0061,585,725,27.0,1378
2024-03-04,SKU0061,260,1607,27.0,1378
2024-03-11,SKU0061,660,882,27.0,1378
2024-03-18,SKU0061,335,1764,27.0,1378
2024-03-25,SKU0061,11,1764,27.0,1378
2024-04-01,SKU0061,568,882,27.0,1378
2024-04-08,SKU0061,243,1810,27.0,1378
2024-04-15,SKU0061,800,928,27.0,1378
2024-04-22,SKU0061,475,928,27.0,1378
2024-04-29,SKU0061,150,1670,27.0,1378
2024-05-06,SKU0061,789,742,27.0,1378
2024-05-13,SKU0061,464,1496,27.0,1378
2024-05-20,SKU0061,881,754,27.0,1378
2024-05-27,SKU0061,556,754,27.0,1378
2024-06-03,SKU0061,231,1589,27.0,1378
2024-06-10,SKU0061,661,835,27.0,1378
2024-06-17,SKU0061,336,1624,27.0,1378
2024-06-24,SKU0061,846,789,27.0,1378
2024-07-01,SKU0061,521,1578,27.0,1378
2024-07-08,SKU0061,196,1578,27.0,1378
2024-07-15,SKU0061,660,789,27.0,1378
2024-07-22,SKU0061,336,1531,27.0,1378
2024-07-29,SKU0061,800,742,27.0,1378
2024-08-05,SKU0061,475,1578,27.0,1378
2024-08-12,SKU0061,150,1578,27.0,1378
2024-08-19,SKU0061,567,836,27.0,1378
2024-08-26,SKU0061,242,1578,27.0,1378
2024-09-02,SKU0061,754,742,27.0,1378
2024-09-09,SKU0061,429,1624,27.0,1378
2024-09-16,SKU0061,846,882,27.0,1378
2024-09-23,SKU0061,521,882,27.0,1378
2024-09-30,SKU0061,196,1717,27.0,1378
2024-10-07,SKU0061,753,835,27.0,1378
2024-10-14,SKU0061,429,1578,27.0,1378
2024-10-21,SKU0061,104,1578,27.0,1378
2024-10-28,SKU0061,614,743,27.0,1378
2024-11-04,SKU0061,289,1532,27.0,1378
2024-11-11,SKU0061,707,789,27.0,1378
2024-11-18,SKU0061,382,1577,27.0,1378
2024-11-25,SKU0061,847,788,27.0,1378
2024-12-02,SKU0061,522,788,27.0,1378
2024-12-09,SKU0061,197,1624,27.0,1378
2024-12-16,SKU0061,660,836,27.0,1378
2024-12-23,SKU0061,335,1578,27.0,1378
2024-12-30,SKU0061,846,742,27.0,1378
2025-01-06,SKU0061,522,1485,27.0,1378
2025-01-13,SKU0061,197,1485,27.0,1378
2025-01-20,SKU0061,614,743,27.0,1378
2025-01-27,SKU0061,289,1532,27.0,1378
2025-02-03,SKU0061,707,789,27.0,1378
2025-02-10,SKU0061,382,1624,27.0,1378
2025-02-17,SKU0061,847,835,27.0,1378
2025-02-24,SKU0061,522,835,27.0,1378
2025-03-03,SKU0061,197,1624,27.0,1378
2025-03-10,SKU0061,707,789,27.0,1378
2025-03-17,SKU0061,382,1531,27.0,1378
2025-03-24,SKU0061,846,742,27.0,1378
2025-03-31,SKU0061,521,1485,27.0,1378
2025-04-07,SKU0061,197,1485,27.0,1378
2025-04-14,SKU0061,614,743,27.0,1378
2025-04-21,SKU0061,289,1532,27.0,1378
2025-04-28,SKU0061,707,789,27.0,1378
2025-05-05,SKU0061,382,1531,27.0,1378
2025-05-12,SKU0061,846,742,27.0,1378
2025-05-19,SKU0061,522,1531,27.0,1378
2025-05-26,SKU0061,197,1531,27.0,1378
2025-06-02,SKU0061,614,789,27.0,1378
2025-06-09,SKU0061,289,1578,27.0,1378
2025-06-16,SKU0061,753,789,27.0,1378
2025-06-23,SKU0061,500,1558,27.0,1378
2025-06-30,SKU0061,163,1558,27.0,1378
2025-07-07,SKU0061,711,769,27.0,1378
2025-07-14,SKU0061,437,1545,27.0,1378
2025-07-21,SKU0061,1042,776,27.0,1378
2025-07-28,SKU0061,844,776,27.0,1378
2025-08-04,SKU0061,456,1514,27.0,1378
2025-08-11,SKU0061,831,738,27.0,1378
2025-08-18,SKU0061,504,738,27.0,1378
2025-08-25,SKU0061,203,1645,27.0,1378
2025-09-01,SKU0061,666,907,27.0,1378
2025-09-08,SKU0061,367,1659,27.0,1378
2025-09-15,SKU0061,160,1659,27.0,1378
2025-09-22,SKU0061,752,752,27.0,1378
2025-09-29,SKU0061,565,1485,27.0,1378
2025-10-06,SKU0061,1051,733,27.0,1378
2025-10-13,SKU0061,707,733,27.0,1378
2025-10-20,SKU0061,66,1537,27.0,1378
2025-10-27,SKU0061,448,1596,27.0,1378
2025-11-03,SKU0061,152,1596,27.0,1378
2025-11-10,SKU0061,0,1596,27.0,1378
2025-11-17,SKU0061,487,1612,27.0,1378
2025-11-24,SKU0061,892,820,27.0,1378
2025-12-01,SKU0061,370,1548,27.0,1378
2025-12-08,SKU0061,0,1548,27.0,1378
2025-12-15,SKU0061,728,728,27.0,1378
2025-12-22,SKU0061,425,1510,27.0,1378
2025-12-29,SKU0061,764,782,27.0,1378
2024-01-01,SKU0062,946,0,17.0,885
2024-01-08,SKU0062,669,695,17.0,885
2024-01-15,SKU0062,393,695,17.0,885
2024-01-22,SKU0062,812,711,17.0,885
2024-01-29,SKU0062,536,711,17.0,885
2024-02-05,SKU0062,260,711,17.0,885
2024-02-12,SKU0062,694,710,17.0,885
2024-02-19,SKU0062,418,710,17.0,885
2024-02-26,SKU0062,852,0,17.0,885
2024-03-04,SKU0062,576,749,17.0,885
2024-03-11,SKU0062,300,749,17.0,885
2024-03-18,SKU0062,772,750,17.0,885
2024-03-25,SKU0062,496,750,17.0,885
2024-04-01,SKU0062,220,750,17.0,885
2024-04-08,SKU0062,694,710,17.0,885
2024-04-15,SKU0062,418,710,17.0,885
2024-04-22,SKU0062,851,711,17.0,885
2024-04-29,SKU0062,575,711,17.0,885
2024-05-06,SKU0062,299,711,17.0,885
2024-05-13,SKU0062,734,710,17.0,885
2024-05-20,SKU0062,458,710,17.0,885
2024-05-27,SKU0062,891,0,17.0,885
2024-06-03,SKU0062,615,710,17.0,885
2024-06-10,SKU0062,339,710,17.0,885
2024-06-17,SKU0062,773,710,17.0,885
2024-06-24,SKU0062,497,710,17.0,885
2024-07-01,SKU0062,220,710,17.0,885
2024-07-08,SKU0062,654,710,17.0,885
2024-07-15,SKU0062,378,710,17.0,885
2024-07-22,SKU0062,812,711,17.0,885
2024-07-29,SKU0062,536,711,17.0,885
2024-08-05,SKU0062,259,711,17.0,885
2024-08-12,SKU0062,694,710,17.0,885
2024-08-19,SKU0062,418,710,17.0,885
2024-08-26,SKU0062,852,710,17.0,885
2024-09-02,SKU0062,576,710,17.0,885
2024-09-09,SKU0062,299,710,17.0,885
2024-09-16,SKU0062,733,750,17.0,885
2024-09-23,SKU0062,457,750,17.0,885
2024-09-30,SKU0062,181,750,17.0,885
2024-10-07,SKU0062,655,710,17.0,885
2024-10-14,SKU0062,379,710,17.0,885
2024-10-21,SKU0062,812,710,17.0,885
2024-10-28,SKU0062,536,710,17.0,885
2024-11-04,SKU0062,260,710,17.0,885
2024-11-11,SKU0062,694,710,17.0,885
2024-11-18,SKU0062,418,710,17.0,885
2024-11-25,SKU0062,851,711,17.0,885
2024-12-02,SKU0062,575,711,17.0,885
2024-12-09,SKU0062,299,711,17.0,885
2024-12-16,SKU0062,734,710,17.0,885
2024-12-23,SKU0062,458,710,17.0,885
2024-12-30,SKU0062,891,0,17.0,885
2025-01-06,SKU0062,615,710,17.0,885
2025-01-13,SKU0062,339,710,17.0,885
2025-01-20,SKU0062,773,710,17.0,885
2025-01-27,SKU0062,497,710,17.0,885
2025-02-03,SKU0062,220,710,17.0,885
2025-02-10,SKU0062,654,711,17.0,885
2025-02-17,SKU0062,378,711,17.0,885
2025-02-24,SKU0062,813,710,17.0,885
2025-03-03,SKU0062,537,710,17.0,885
2025-03-10,SKU0062,260,710,17.0,885
2025-03-17,SKU0062,694,749,17.0,885
2025-03-24,SKU0062,418,749,17.0,885
2025-03-31,SKU0062,891,0,17.0,885
2025-04-07,SKU0062,615,750,17.0,885
2025-04-14,SKU0062,338,750,17.0,885
2025-04-21,SKU0062,812,710,17.0,885
2025-04-28,SKU0062,536,710,17.0,885
2025-05-05,SKU0062,260,710,17.0,885
2025-05-12,SKU0062,694,750,17.0,885
2025-05-19,SKU0062,420,750,17.0,885
2025-05-26,SKU0062,997,0,17.0,885
2025-06-02,SKU0062,721,698,17.0,885
2025-06-09,SKU0062,462,698,17.0,885
2025-06-16,SKU0062,939,0,17.0,885
2025-06-23,SKU0062,707,689,17.0,885
2025-06-30,SKU0062,461,689,17.0,885
2025-07-07,SKU0062,961,0,17.0,885
2025-07-14,SKU0062,750,706,17.0,885
2025-07-21,SKU0062,566,706,17.0,885
2025-07-28,SKU0062,1093,0,17.0,885
2025-08-04,SKU0062,694,741,17.0,885
2025-08-11,SKU0062,335,741,17.0,885
2025-08-18,SKU0062,123,1419,17.0,885
2025-08-25,SKU0062,592,678,17.0,885
2025-09-01,SKU0062,419,678,17.0,885
2025-09-08,SKU0062,894,0,17.0,885
2025-09-15,SKU0062,663,692,17.0,885
2025-09-22,SKU0062,447,692,17.0,885
2025-09-29,SKU0062,877,685,17.0,885
2025-10-06,SKU0062,560,685,17.0,885
2025-10-13,SKU0062,290,685,17.0,885
2025-10-20,SKU0062,503,693,17.0,885
2025-10-27,SKU0062,94,1439,17.0,885
2025-11-03,SKU0062,547,746,17.0,885
2025-11-10,SKU0062,312,746,17.0,885
2025-11-17,SKU0062,780,706,17.0,885
2025-11-24,SKU0062,505,706,17.0,885
2025-12-01,SKU0062,9,1388,17.0,885
2025-12-08,SKU0062,364,682,17.0,885
2025-12-15,SKU0062,110,1452,17.0,885
2025-12-22,SKU0062,465,770,17.0,885
2025-12-29,SKU0062,139,770,17.0,885
2024-01-01,SKU0063,515,0,11.0,261
2024-01-08,SKU0063,406,0,11.0,261
2024-01-15,SKU0063,297,0,11.0,261
2024-01-22,SKU0063,189,318,11.0,261
2024-01-29,SKU0063,80,318,11.0,261
2024-02-05,SKU0063,289,0,11.0,261
2024-02-12,SKU0063,180,327,11.0,261
2024-02-19,SKU0063,71,327,11.0,261
2024-02-26,SKU0063,289,0,11.0,261
2024-03-04,SKU0063,180,295,11.0,261
2024-03-11,SKU0063,366,0,11.0,261
2024-03-18,SKU0063,257,0,11.0,261
2024-03-25,SKU0063,148,405,11.0,261
2024-04-01,SKU0063,39,405,11.0,261
2024-04-08,SKU0063,343,0,11.0,261
2024-04-15,SKU0063,234,0,11.0,261
2024-04-22,SKU0063,125,350,11.0,261
2024-04-29,SKU0063,366,0,11.0,261
2024-05-06,SKU0063,257,0,11.0,261
2024-05-13,SKU0063,148,312,11.0,261
2024-05-20,SKU0063,351,0,11.0,261
2024-05-27,SKU0063,242,296,11.0,261
2024-06-03,SKU0063,133,296,11.0,261
2024-06-10,SKU0063,320,0,11.0,261
2024-06-17,SKU0063,211,342,11.0,261
2024-06-24,SKU0063,102,342,11.0,261
2024-07-01,SKU0063,335,0,11.0,261
2024-07-08,SKU0063,226,0,11.0,261
2024-07-15,SKU0063,117,342,11.0,261
2024-07-22,SKU0063,350,0,11.0,261
2024-07-29,SKU0063,241,0,11.0,261
2024-08-05,SKU0063,132,327,11.0,261
2024-08-12,SKU0063,350,0,11.0,261
2024-08-19,SKU0063,241,0,11.0,261
2024-08-26,SKU0063,132,0,11.0,261
2024-09-02,SKU0063,23,467,11.0,261
2024-09-09,SKU0063,451,0,11.0,261
2024-09-16,SKU0063,342,0,11.0,261
2024-09-23,SKU0063,233,304,11.0,261
2024-09-30,SKU0063,125,304,11.0,261
2024-10-07,SKU0063,320,0,11.0,261
2024-10-14,SKU0063,211,296,11.0,261
2024-10-21,SKU0063,102,296,11.0,261
2024-10-28,SKU0063,289,0,11.0,261
2024-11-04,SKU0063,180,373,11.0,261
2024-11-11,SKU0063,71,373,11.0,261
2024-11-18,SKU0063,335,0,11.0,261
2024-11-25,SKU0063,226,0,11.0,261
2024-12-02,SKU0063,117,358,11.0,261
2024-12-09,SKU0063,366,0,11.0,261
2024-12-16,SKU0063,257,0,11.0,261
2024-12-23,SKU0063,148,0,11.0,261
2024-12-30,SKU0063,39,0,11.0,261
2025-01-06,SKU0063,0,530,11.0,261
2025-01-13,SKU0063,483,0,11.0,261
2025-01-20,SKU0063,374,0,11.0,261
2025-01-27,SKU0063,265,0,11.0,261
2025-02-03,SKU0063,177,0,11.0,261
2025-02-10,SKU0063,39,0,11.0,261
2025-02-17,SKU0063,0,553,11.0,261
2025-02-24,SKU0063,519,0,11.0,261
2025-03-03,SKU0063,404,0,11.0,261
2025-03-10,SKU0063,271,0,11.0,261
2025-03-17,SKU0063,188,306,11.0,261
2025-03-24,SKU0063,413,0,11.0,261
2025-03-31,SKU0063,305,0,11.0,261
2025-04-07,SKU0063,239,295,11.0,261
2025-04-14,SKU0063,176,295,11.0,261
2025-04-21,SKU0063,379,0,11.0,261
2025-04-28,SKU0063,262,0,11.0,261
2025-05-05,SKU0063,207,305,11.0,261
2025-05-12,SKU0063,413,0,11.0,261
2025-05-19,SKU0063,341,0,11.0,261
2025-05-26,SKU0063,263,0,11.0,261
2025-06-02,SKU0063,144,392,11.0,261
2025-06-09,SKU0063,18,392,11.0,261
2025-06-16,SKU0063,324,0,11.0,261
2025-06-23,SKU0063,250,303,11.0,261
2025-06-30,SKU0063,157,303,11.0,261
2025-07-07,SKU0063,375,0,11.0,261
2025-07-14,SKU0063,309,0,11.0,261
2025-07-21,SKU0063,215,0,11.0,261
2025-07-28,SKU0063,133,0,11.0,261
2025-08-04,SKU0063,11,444,11.0,261
2025-08-11,SKU0063,386,0,11.0,261
2025-08-18,SKU0063,307,0,11.0,261
2025-08-25,SKU0063,222,0,11.0,261
2025-09-01,SKU0063,95,394,11.0,261
2025-09-08,SKU0063,382,0,11.0,261
2025-09-15,SKU0063,310,0,11.0,261
2025-09-22,SKU0063,158,314,11.0,261
2025-09-29,SKU0063,70,314,11.0,261
2025-10-06,SKU0063,283,0,11.0,261
2025-10-13,SKU0063,167,310,11.0,261
2025-10-20,SKU0063,311,0,11.0,261
2025-10-27,SKU0063,145,0,11.0,261
2025-11-03,SKU0063,51,423,11.0,261
2025-11-10,SKU0063,379,0,11.0,261
2025-11-17,SKU0063,270,0,11.0,261
2025-11-24,SKU0063,154,304,11.0,261
2025-12-01,SKU0063,226,0,11.0,261
2025-12-08,SKU0063,15,441,11.0,261
2025-12-15,SKU0063,0,441,11.0,261
2025-12-22,SKU0063,305,0,11.0,261
2025-12-29,SKU0063,159,342,11.0,261
2024-01-01,SKU0064,202,0,21.0,188
2024-01-08,SKU0064,96,136,21.0,188
2024-01-15,SKU0064,0,257,21.0,188
2024-01-22,SKU0064,0,257,21.0,188
2024-01-29,SKU0064,46,121,21.0,188
2024-02-05,SKU0064,61,157,21.0,188
2024-02-12,SKU0064,0,277,21.0,188
2024-02-19,SKU0064,0,277,21.0,188
2024-02-26,SKU0064,51,120,21.0,188
2024-03-04,SKU0064,66,182,21.0,188
2024-03-11,SKU0064,0,302,21.0,188
2024-03-18,SKU0064,0,302,21.0,188
2024-03-25,SKU0064,107,120,21.0,188
2024-04-01,SKU0064,121,157,21.0,188
2024-04-08,SKU0064,16,292,21.0,188
2024-04-15,SKU0064,0,292,21.0,188
2024-04-22,SKU0064,112,135,21.0,188
2024-04-29,SKU0064,141,137,21.0,188
2024-05-06,SKU0064,36,257,21.0,188
2024-05-13,SKU0064,0,257,21.0,188
2024-05-20,SKU0064,92,120,21.0,188
2024-05-27,SKU0064,106,141,21.0,188
2024-06-03,SKU0064,1,262,21.0,188
2024-06-10,SKU0064,0,262,21.0,188
2024-06-17,SKU0064,66,242,21.0,188
2024-06-24,SKU0064,81,121,21.0,188
2024-07-01,SKU0064,0,242,21.0,188
2024-07-08,SKU0064,106,121,21.0,188
2024-07-15,SKU0064,0,277,21.0,188
2024-07-22,SKU0064,16,277,21.0,188
2024-07-29,SKU0064,0,277,21.0,188
2024-08-05,SKU0064,111,121,21.0,188
2024-08-12,SKU0064,126,121,21.0,188
2024-08-19,SKU0064,21,242,21.0,188
2024-08-26,SKU0064,0,242,21.0,188
2024-09-02,SKU0064,46,247,21.0,188
2024-09-09,SKU0064,61,247,21.0,188
2024-09-16,SKU0064,0,247,21.0,188
2024-09-23,SKU0064,96,121,21.0,188
2024-09-30,SKU0064,111,136,21.0,188
2024-10-07,SKU0064,6,272,21.0,188
2024-10-14,SKU0064,0,272,21.0,188
2024-10-21,SKU0064,61,136,21.0,188
2024-10-28,SKU0064,91,126,21.0,188
2024-11-04,SKU0064,0,262,21.0,188
2024-11-11,SKU0064,0,262,21.0,188
2024-11-18,SKU0064,20,257,21.0,188
2024-11-25,SKU0064,61,247,21.0,188
2024-12-02,SKU0064,0,247,21.0,188
2024-12-09,SKU0064,71,126,21.0,188
2024-12-16,SKU0064,106,154,21.0,188
2024-12-23,SKU0064,0,307,21.0,188
2024-12-30,SKU0064,0,307,21.0,188
2025-01-06,SKU0064,0,294,21.0,188
2025-01-13,SKU0064,74,141,21.0,188
2025-01-20,SKU0064,0,290,21.0,188
2025-01-27,SKU0064,106,149,21.0,188
2025-02-03,SKU0064,0,270,21.0,188
2025-02-10,SKU0064,73,121,21.0,188
2025-02-17,SKU0064,0,251,21.0,188
2025-02-24,SKU0064,70,130,21.0,188
2025-03-03,SKU0064,0,257,21.0,188
2025-03-10,SKU0064,43,257,21.0,188
2025-03-17,SKU0064,0,257,21.0,188
2025-03-24,SKU0064,27,268,21.0,188
2025-03-31,SKU0064,110,138,21.0,188
2025-04-07,SKU0064,47,138,21.0,188
2025-04-14,SKU0064,116,132,21.0,188
2025-04-21,SKU0064,24,269,21.0,188
2025-04-28,SKU0064,0,269,21.0,188
2025-05-05,SKU0064,45,263,21.0,188
2025-05-12,SKU0064,113,126,21.0,188
2025-05-19,SKU0064,37,247,21.0,188
2025-05-26,SKU0064,119,121,21.0,188
2025-06-02,SKU0064,48,249,21.0,188
2025-06-09,SKU0064,87,128,21.0,188
2025-06-16,SKU0064,0,259,21.0,188
2025-06-23,SKU0064,99,131,21.0,188
2025-06-30,SKU0064,0,266,21.0,188
2025-07-07,SKU0064,78,135,21.0,188
2025-07-14,SKU0064,5,303,21.0,188
2025-07-21,SKU0064,85,168,21.0,188
2025-07-28,SKU0064,0,308,21.0,188
2025-08-04,SKU0064,148,140,21.0,188
2025-08-11,SKU0064,30,268,21.0,188
2025-08-18,SKU0064,114,128,21.0,188
2025-08-25,SKU0064,40,249,21.0,188
2025-09-01,SKU0064,102,121,21.0,188
2025-09-08,SKU0064,22,259,21.0,188
2025-09-15,SKU0064,91,138,21.0,188
2025-09-22,SKU0064,9,271,21.0,188
2025-09-29,SKU0064,98,133,21.0,188
2025-10-06,SKU0064,0,257,21.0,188
2025-10-13,SKU0064,88,124,21.0,188
2025-10-20,SKU0064,0,254,21.0,188
2025-10-27,SKU0064,36,252,21.0,188
2025-11-03,SKU0064,0,252,21.0,188
2025-11-10,SKU0064,49,259,21.0,188
2025-11-17,SKU0064,87,137,21.0,188
2025-11-24,SKU0064,0,280,21.0,188
2025-12-01,SKU0064,109,143,21.0,188
2025-12-08,SKU0064,0,282,21.0,188
2025-12-15,SKU0064,95,139,21.0,188
2025-12-22,SKU0064,0,267,21.0,188
2025-12-29,SKU0064,49,128,21.0,188
2024-01-01,SKU0065,616,0,11.0,361
2024-01-08,SKU0065,466,0,11.0,361
2024-01-15,SKU0065,317,407,11.0,361
2024-01-22,SKU0065,167,407,11.0,361
2024-01-29,SKU0065,425,0,11.0,361
2024-02-05,SKU0065,275,405,11.0,361
2024-02-12,SKU0065,531,0,11.0,361
2024-02-19,SKU0065,381,0,11.0,361
2024-02-26,SKU0065,232,428,11.0,361
2024-03-04,SKU0065,510,0,11.0,361
2024-03-11,SKU0065,361,405,11.0,361
2024-03-18,SKU0065,211,405,11.0,361
2024-03-25,SKU0065,467,0,11.0,361
2024-04-01,SKU0065,317,406,11.0,361
2024-04-08,SKU0065,168,406,11.0,361
2024-04-15,SKU0065,424,0,11.0,361
2024-04-22,SKU0065,275,406,11.0,361
2024-04-29,SKU0065,531,0,11.0,361
2024-05-06,SKU0065,382,0,11.0,361
2024-05-13,SKU0065,232,406,11.0,361
2024-05-20,SKU0065,489,0,11.0,361
2024-05-27,SKU0065,339,405,11.0,361
2024-06-03,SKU0065,190,405,11.0,361
2024-06-10,SKU0065,445,0,11.0,361
2024-06-17,SKU0065,296,406,11.0,361
2024-06-24,SKU0065,146,406,11.0,361
2024-07-01,SKU0065,403,0,11.0,361
2024-07-08,SKU0065,253,406,11.0,361
2024-07-15,SKU0065,510,0,11.0,361
2024-07-22,SKU0065,360,406,11.0,361
2024-07-29,SKU0065,211,406,11.0,361
2024-08-05,SKU0065,467,0,11.0,361
2024-08-12,SKU0065,318,405,11.0,361
2024-08-19,SKU0065,168,405,11.0,361
2024-08-26,SKU0065,424,0,11.0,361
2024-09-02,SKU0065,274,427,11.0,361
2024-09-09,SKU0065,125,427,11.0,361
2024-09-16,SKU0065,402,0,11.0,361
2024-09-23,SKU0065,253,406,11.0,361
2024-09-30,SKU0065,509,0,11.0,361
2024-10-07,SKU0065,360,406,11.0,361
2024-10-14,SKU0065,210,406,11.0,361
2024-10-21,SKU0065,467,0,11.0,361
2024-10-28,SKU0065,318,406,11.0,361
2024-11-04,SKU0065,168,406,11.0,361
2024-11-11,SKU0065,425,0,11.0,361
2024-11-18,SKU0065,275,406,11.0,361
2024-11-25,SKU0065,532,0,11.0,361
2024-12-02,SKU0065,382,0,11.0,361
2024-12-09,SKU0065,233,405,11.0,361
2024-12-16,SKU0065,488,0,11.0,361
2024-12-23,SKU0065,339,406,11.0,361
2024-12-30,SKU0065,189,406,11.0,361
2025-01-06,SKU0065,446,0,11.0,361
2025-01-13,SKU0065,296,406,11.0,361
2025-01-20,SKU0065,147,406,11.0,361
2025-01-27,SKU0065,403,0,11.0,361
2025-02-03,SKU0065,254,406,11.0,361
2025-02-10,SKU0065,510,0,11.0,361
2025-02-17,SKU0065,361,405,11.0,361
2025-02-24,SKU0065,211,405,11.0,361
2025-03-03,SKU0065,467,0,11.0,361
2025-03-10,SKU0065,317,406,11.0,361
2025-03-17,SKU0065,168,406,11.0,361
2025-03-24,SKU0065,424,0,11.0,361
2025-03-31,SKU0065,275,406,11.0,361
2025-04-07,SKU0065,531,0,11.0,361
2025-04-14,SKU0065,382,0,11.0,361
2025-04-21,SKU0065,232,406,11.0,361
2025-04-28,SKU0065,489,0,11.0,361
2025-05-05,SKU0065,339,405,11.0,361
2025-05-12,SKU0065,190,405,11.0,361
2025-05-19,SKU0065,445,0,11.0,361
2025-05-26,SKU0065,296,406,11.0,361
2025-06-02,SKU0065,146,406,11.0,361
2025-06-09,SKU0065,403,0,11.0,361
2025-06-16,SKU0065,253,406,11.0,361
2025-06-23,SKU0065,510,0,11.0,361
2025-06-30,SKU0065,360,406,11.0,361
2025-07-07,SKU0065,211,406,11.0,361
2025-07-14,SKU0065,467,0,11.0,361
2025-07-21,SKU0065,318,405,11.0,361
2025-07-28,SKU0065,168,405,11.0,361
2025-08-04,SKU0065,424,0,11.0,361
2025-08-11,SKU0065,274,406,11.0,361
2025-08-18,SKU0065,531,0,11.0,361
2025-08-25,SKU0065,381,0,11.0,361
2025-09-01,SKU0065,232,406,11.0,361
2025-09-08,SKU0065,488,0,11.0,361
2025-09-15,SKU0065,339,406,11.0,361
2025-09-22,SKU0065,189,406,11.0,361
2025-09-29,SKU0065,446,0,11.0,361
2025-10-06,SKU0065,296,406,11.0,361
2025-10-13,SKU0065,147,406,11.0,361
2025-10-20,SKU0065,403,0,11.0,361
2025-10-27,SKU0065,254,405,11.0,361
2025-11-03,SKU0065,504,0,11.0,361
2025-11-10,SKU0065,414,0,11.0,361
2025-11-17,SKU0065,277,423,11.0,361
2025-11-24,SKU0065,160,423,11.0,361
2025-12-01,SKU0065,355,411,11.0,361
2025-12-08,SKU0065,188,411,11.0,361
2025-12-15,SKU0065,449,0,11.0,361
2025-12-22,SKU0065,305,414,11.0,361
2025-12-29,SKU0065,140,414,11.0,361
2024-01-01,SKU0066,638,0,12.0,346
2024-01-08,SKU0066,441,0,12.0,346
2024-01-15,SKU0066,245,403,12.0,346
2024-01-22,SKU0066,48,403,12.0,346
2024-01-29,SKU0066,263,385,12.0,346
2024-02-05,SKU0066,66,385,12.0,346
2024-02-12,SKU0066,254,366,12.0,346
2024-02-19,SKU0066,58,366,12.0,346
2024-02-26,SKU0066,227,365,12.0,346
2024-03-04,SKU0066,30,365,12.0,346
2024-03-11,SKU0066,199,393,12.0,346
2024-03-18,SKU0066,2,393,12.0,346
2024-03-25,SKU0066,198,393,12.0,346
2024-04-01,SKU0066,2,393,12.0,346
2024-04-08,SKU0066,198,366,12.0,346
2024-04-15,SKU0066,367,0,12.0,346
2024-04-22,SKU0066,171,421,12.0,346
2024-04-29,SKU0066,0,421,12.0,346
2024-05-06,SKU0066,224,367,12.0,346
2024-05-13,SKU0066,28,367,12.0,346
2024-05-20,SKU0066,198,394,12.0,346
2024-05-27,SKU0066,1,394,12.0,346
2024-06-03,SKU0066,199,365,12.0,346
2024-06-10,SKU0066,367,0,12.0,346
2024-06-17,SKU0066,170,393,12.0,346
2024-06-24,SKU0066,367,0,12.0,346
2024-07-01,SKU0066,170,393,12.0,346
2024-07-08,SKU0066,366,0,12.0,346
2024-07-15,SKU0066,170,422,12.0,346
2024-07-22,SKU0066,0,422,12.0,346
2024-07-29,SKU0066,225,394,12.0,346
2024-08-05,SKU0066,29,394,12.0,346
2024-08-12,SKU0066,226,450,12.0,346
2024-08-19,SKU0066,29,450,12.0,346
2024-08-26,SKU0066,338,0,12.0,346
2024-09-02,SKU0066,141,394,12.0,346
2024-09-09,SKU0066,338,366,12.0,346
2024-09-16,SKU0066,142,366,12.0,346
2024-09-23,SKU0066,311,365,12.0,346
2024-09-30,SKU0066,114,365,12.0,346
2024-10-07,SKU0066,283,365,12.0,346
2024-10-14,SKU0066,86,365,12.0,346
2024-10-21,SKU0066,254,365,12.0,346
2024-10-28,SKU0066,58,365,12.0,346
2024-11-04,SKU0066,226,394,12.0,346
2024-11-11,SKU0066,29,394,12.0,346
2024-11-18,SKU0066,227,365,12.0,346
2024-11-25,SKU0066,30,365,12.0,346
2024-12-02,SKU0066,198,365,12.0,346
2024-12-09,SKU0066,367,0,12.0,346
2024-12-16,SKU0066,170,365,12.0,346
2024-12-23,SKU0066,338,366,12.0,346
2024-12-30,SKU0066,142,366,12.0,346
2025-01-06,SKU0066,311,365,12.0,346
2025-01-13,SKU0066,114,365,12.0,346
2025-01-20,SKU0066,283,393,12.0,346
2025-01-27,SKU0066,86,393,12.0,346
2025-02-03,SKU0066,283,365,12.0,346
2025-02-10,SKU0066,86,365,12.0,346
2025-02-17,SKU0066,254,394,12.0,346
2025-02-24,SKU0066,58,394,12.0,346
2025-03-03,SKU0066,255,365,12.0,346
2025-03-10,SKU0066,58,365,12.0,346
2025-03-17,SKU0066,227,365,12.0,346
2025-03-24,SKU0066,20,365,12.0,346
2025-03-31,SKU0066,232,396,12.0,346
2025-04-07,SKU0066,72,396,12.0,346
2025-04-14,SKU0066,306,380,12.0,346
2025-04-21,SKU0066,96,380,12.0,346
2025-04-28,SKU0066,322,382,12.0,346
2025-05-05,SKU0066,150,382,12.0,346
2025-05-12,SKU0066,386,0,12.0,346
2025-05-19,SKU0066,196,408,12.0,346
2025-05-26,SKU0066,16,408,12.0,346
2025-06-02,SKU0066,250,0,12.0,346
2025-06-09,SKU0066,86,472,12.0,346
2025-06-16,SKU0066,413,0,12.0,346
2025-06-23,SKU0066,294,405,12.0,346
2025-06-30,SKU0066,99,405,12.0,346
2025-07-07,SKU0066,363,0,12.0,346
2025-07-14,SKU0066,197,361,12.0,346
2025-07-21,SKU0066,414,0,12.0,346
2025-07-28,SKU0066,261,369,12.0,346
2025-08-04,SKU0066,3,369,12.0,346
2025-08-11,SKU0066,82,381,12.0,346
2025-08-18,SKU0066,321,0,12.0,346
2025-08-25,SKU0066,152,403,12.0,346
2025-09-01,SKU0066,408,0,12.0,346
2025-09-08,SKU0066,234,374,12.0,346
2025-09-15,SKU0066,71,374,12.0,346
2025-09-22,SKU0066,303,401,12.0,346
2025-09-29,SKU0066,184,401,12.0,346
2025-10-06,SKU0066,361,0,12.0,346
2025-10-13,SKU0066,170,375,12.0,346
2025-10-20,SKU0066,248,0,12.0,346
2025-10-27,SKU0066,0,564,12.0,346
2025-11-03,SKU0066,542,0,12.0,346
2025-11-10,SKU0066,365,0,12.0,346
2025-11-17,SKU0066,170,379,12.0,346
2025-11-24,SKU0066,365,0,12.0,346
2025-12-01,SKU0066,0,384,12.0,346
2025-12-08,SKU0066,321,383,12.0,346
2025-12-15,SKU0066,134,383,12.0,346
2025-12-22,SKU0066,307,373,12.0,346
2025-12-29,SKU0066,67,373,12.0,346
2024-01-01,SKU0067,619,0,26.0,532
2024-01-08,SKU0067,368,315,26.0,532
2024-01-15,SKU0067,161,623,26.0,532
2024-01-22,SKU0067,32,623,26.0,532
2024-01-29,SKU0067,0,623,26.0,532
2024-02-05,SKU0067,114,629,26.0,532
2024-02-12,SKU0067,274,321,26.0,532
2024-02-19,SKU0067,155,651,26.0,532
2024-02-26,SKU0067,0,651,26.0,532
2024-03-04,SKU0067,246,330,26.0,532
2024-03-11,SKU0067,122,630,26.0,532
2024-03-18,SKU0067,322,300,26.0,532
2024-03-25,SKU0067,221,591,26.0,532
2024-04-01,SKU0067,69,591,26.0,532
2024-04-08,SKU0067,249,291,26.0,532
2024-04-15,SKU0067,101,581,26.0,532
2024-04-22,SKU0067,289,290,26.0,532
2024-04-29,SKU0067,83,600,26.0,532
2024-05-06,SKU0067,277,310,26.0,532
2024-05-13,SKU0067,212,607,26.0,532
2024-05-20,SKU0067,369,297,26.0,532
2024-05-27,SKU0067,168,651,26.0,532
2024-06-03,SKU0067,53,651,26.0,532
2024-06-10,SKU0067,221,354,26.0,532
2024-06-17,SKU0067,98,663,26.0,532
2024-06-24,SKU0067,303,309,26.0,532
2024-07-01,SKU0067,193,603,26.0,532
2024-07-08,SKU0067,412,294,26.0,532
2024-07-15,SKU0067,247,294,26.0,532
2024-07-22,SKU0067,121,594,26.0,532
2024-07-29,SKU0067,265,300,26.0,532
2024-08-05,SKU0067,50,625,26.0,532
2024-08-12,SKU0067,258,325,26.0,532
2024-08-19,SKU0067,180,635,26.0,532
2024-08-26,SKU0067,81,635,26.0,532
2024-09-02,SKU0067,262,310,26.0,532
2024-09-09,SKU0067,126,626,26.0,532
2024-09-16,SKU0067,260,316,26.0,532
2024-09-23,SKU0067,152,609,26.0,532
2024-09-30,SKU0067,88,609,26.0,532
2024-10-07,SKU0067,226,593,26.0,532
2024-10-14,SKU0067,76,593,26.0,532
2024-10-21,SKU0067,42,767,26.0,532
2024-10-28,SKU0067,0,767,26.0,532
2024-11-04,SKU0067,237,467,26.0,532
2024-11-11,SKU0067,98,467,26.0,532
2024-11-18,SKU0067,375,312,26.0,532
2024-11-25,SKU0067,168,312,26.0,532
2024-12-02,SKU0067,0,722,26.0,532
2024-12-09,SKU0067,282,410,26.0,532
2024-12-16,SKU0067,0,767,26.0,532
2024-12-23,SKU0067,293,357,26.0,532
2024-12-30,SKU0067,44,708,26.0,532
2025-01-06,SKU0067,0,708,26.0,532
2025-01-13,SKU0067,193,351,26.0,532
2025-01-20,SKU0067,84,661,26.0,532
2025-01-27,SKU0067,255,310,26.0,532
2025-02-03,SKU0067,60,310,26.0,532
2025-02-10,SKU0067,310,480,26.0,532
2025-02-17,SKU0067,161,480,26.0,532
2025-02-24,SKU0067,0,819,26.0,532
2025-03-03,SKU0067,427,339,26.0,532
2025-03-10,SKU0067,275,339,26.0,532
2025-03-17,SKU0067,113,653,26.0,532
2025-03-24,SKU0067,272,314,26.0,532
2025-03-31,SKU0067,152,605,26.0,532
2025-04-07,SKU0067,44,605,26.0,532
2025-04-14,SKU0067,286,291,26.0,532
2025-04-21,SKU0067,386,331,26.0,532
2025-04-28,SKU0067,217,331,26.0,532
2025-05-05,SKU0067,66,680,26.0,532
2025-05-12,SKU0067,0,680,26.0,532
2025-05-19,SKU0067,143,638,26.0,532
2025-05-26,SKU0067,0,638,26.0,532
2025-06-02,SKU0067,150,636,26.0,532
2025-06-09,SKU0067,9,636,26.0,532
2025-06-16,SKU0067,212,347,26.0,532
2025-06-23,SKU0067,37,658,26.0,532
2025-06-30,SKU0067,248,311,26.0,532
2025-07-07,SKU0067,101,612,26.0,532
2025-07-14,SKU0067,295,301,26.0,532
2025-07-21,SKU0067,146,624,26.0,532
2025-07-28,SKU0067,11,624,26.0,532
2025-08-04,SKU0067,63,617,26.0,532
2025-08-11,SKU0067,0,617,26.0,532
2025-08-18,SKU0067,212,592,26.0,532
2025-08-25,SKU0067,55,592,26.0,532
2025-09-01,SKU0067,221,598,26.0,532
2025-09-08,SKU0067,105,598,26.0,532
2025-09-15,SKU0067,279,300,26.0,532
2025-09-22,SKU0067,156,623,26.0,532
2025-09-29,SKU0067,292,323,26.0,532
2025-10-06,SKU0067,116,665,26.0,532
2025-10-13,SKU0067,8,665,26.0,532
2025-10-20,SKU0067,38,663,26.0,532
2025-10-27,SKU0067,0,663,26.0,532
2025-11-03,SKU0067,162,610,26.0,532
2025-11-10,SKU0067,11,610,26.0,532
2025-11-17,SKU0067,200,613,26.0,532
2025-11-24,SKU0067,13,613,26.0,532
2025-12-01,SKU0067,87,623,26.0,532
2025-12-08,SKU0067,0,623,26.0,532
2025-12-15,SKU0067,217,602,26.0,532
2025-12-22,SKU0067,0,602,26.0,532
2025-12-29,SKU0067,138,651,26.0,532
2024-01-01,SKU0068,290,257,26.0,356
2024-01-08,SKU0068,126,257,26.0,356
2024-01-15,SKU0068,0,468,26.0,356
2024-01-22,SKU0068,0,468,26.0,356
2024-01-29,SKU0068,186,211,26.0,356
2024-02-05,SKU0068,233,197,26.0,356
2024-02-12,SKU0068,68,432,26.0,356
2024-02-19,SKU0068,0,432,26.0,356
2024-02-26,SKU0068,173,235,26.0,356
2024-03-04,SKU0068,9,468,26.0,356
2024-03-11,SKU0068,117,233,26.0,356
2024-03-18,SKU0068,0,453,26.0,356
2024-03-25,SKU0068,0,453,26.0,356
2024-04-01,SKU0068,92,432,26.0,356
2024-04-08,SKU0068,173,212,26.0,356
2024-04-15,SKU0068,8,212,26.0,356
2024-04-22,SKU0068,0,547,26.0,356
2024-04-29,SKU0068,118,335,26.0,356
2024-05-06,SKU0068,0,335,26.0,356
2024-05-13,SKU0068,0,547,26.0,356
2024-05-20,SKU0068,170,212,26.0,356
2024-05-27,SKU0068,5,494,26.0,356
2024-06-03,SKU0068,188,282,26.0,356
2024-06-10,SKU0068,24,523,26.0,356
2024-06-17,SKU0068,0,523,26.0,356
2024-06-24,SKU0068,164,241,26.0,356
2024-07-01,SKU0068,0,500,26.0,356
2024-07-08,SKU0068,170,259,26.0,356
2024-07-15,SKU0068,6,518,26.0,356
2024-07-22,SKU0068,0,518,26.0,356
2024-07-29,SKU0068,141,259,26.0,356
2024-08-05,SKU0068,0,547,26.0,356
2024-08-12,SKU0068,165,288,26.0,356
2024-08-19,SKU0068,0,288,26.0,356
2024-08-26,SKU0068,0,547,26.0,356
2024-09-02,SKU0068,194,259,26.0,356
2024-09-09,SKU0068,29,259,26.0,356
2024-09-16,SKU0068,0,547,26.0,356
2024-09-23,SKU0068,94,288,26.0,356
2024-09-30,SKU0068,0,500,26.0,356
2024-10-07,SKU0068,264,212,26.0,356
2024-10-14,SKU0068,100,424,26.0,356
2024-10-21,SKU0068,188,212,26.0,356
2024-10-28,SKU0068,24,406,26.0,356
2024-11-04,SKU0068,0,406,26.0,356
2024-11-11,SKU0068,118,194,26.0,356
2024-11-18,SKU0068,170,0,26.0,356
2024-11-25,SKU0068,6,400,26.0,356
2024-12-02,SKU0068,0,400,26.0,356
2024-12-09,SKU0068,0,400,26.0,356
2024-12-16,SKU0068,353,0,26.0,356
2024-12-23,SKU0068,188,288,26.0,356
2024-12-30,SKU0068,23,288,26.0,356
2025-01-06,SKU0068,0,547,26.0,356
2025-01-13,SKU0068,0,547,26.0,356
2025-01-20,SKU0068,147,259,26.0,356
2025-01-27,SKU0068,0,259,26.0,356
2025-02-03,SKU0068,141,288,26.0,356
2025-02-10,SKU0068,0,500,26.0,356
2025-02-17,SKU0068,0,500,26.0,356
2025-02-24,SKU0068,241,212,26.0,356
2025-03-03,SKU0068,76,447,26.0,356
2025-03-10,SKU0068,123,235,26.0,356
2025-03-17,SKU0068,0,494,26.0,356
2025-03-24,SKU0068,0,494,26.0,356
2025-03-31,SKU0068,141,259,26.0,356
2025-04-07,SKU0068,0,453,26.0,356
2025-04-14,SKU0068,94,429,26.0,356
2025-04-21,SKU0068,0,429,26.0,356
2025-04-28,SKU0068,170,235,26.0,356
2025-05-05,SKU0068,6,494,26.0,356
2025-05-12,SKU0068,141,259,26.0,356
2025-05-19,SKU0068,0,453,26.0,356
2025-05-26,SKU0068,0,453,26.0,356
2025-06-02,SKU0068,141,406,26.0,356
2025-06-09,SKU0068,171,212,26.0,356
2025-06-16,SKU0068,6,471,26.0,356
2025-06-23,SKU0068,0,471,26.0,356
2025-06-30,SKU0068,141,259,26.0,356
2025-07-07,SKU0068,0,547,26.0,356
2025-07-14,SKU0068,118,288,26.0,356
2025-07-21,SKU0068,0,505,26.0,356
2025-07-28,SKU0068,0,505,26.0,356
2025-08-04,SKU0068,156,217,26.0,356
2025-08-11,SKU0068,0,547,26.0,356
2025-08-18,SKU0068,83,330,26.0,356
2025-08-25,SKU0068,0,547,26.0,356
2025-09-01,SKU0068,0,547,26.0,356
2025-09-08,SKU0068,245,217,26.0,356
2025-09-15,SKU0068,121,217,26.0,356
2025-09-22,SKU0068,220,235,26.0,356
2025-09-29,SKU0068,94,235,26.0,356
2025-10-06,SKU0068,0,472,26.0,356
2025-10-13,SKU0068,203,237,26.0,356
2025-10-20,SKU0068,0,547,26.0,356
2025-10-27,SKU0068,218,310,26.0,356
2025-11-03,SKU0068,32,310,26.0,356
2025-11-10,SKU0068,0,541,26.0,356
2025-11-17,SKU0068,219,231,26.0,356
2025-11-24,SKU0068,55,492,26.0,356
2025-12-01,SKU0068,142,261,26.0,356
2025-12-08,SKU0068,0,485,26.0,356
2025-12-15,SKU0068,0,485,26.0,356
2025-12-22,SKU0068,192,224,26.0,356
2025-12-29,SKU0068,255,292,26.0,356
2024-01-01,SKU0069,257,0,11.0,153
2024-01-08,SKU0069,72,226,11.0,153
2024-01-15,SKU0069,0,226,11.0,153
2024-01-22,SKU0069,94,204,11.0,153
2024-01-29,SKU0069,0,204,11.0,153
2024-02-05,SKU0069,72,173,11.0,153
2024-02-12,SKU0069,0,173,11.0,153
2024-02-19,SKU0069,0,177,11.0,153
2024-02-26,SKU0069,98,200,11.0,153
2024-03-04,SKU0069,0,200,11.0,153
2024-03-11,SKU0069,68,203,11.0,153
2024-03-18,SKU0069,0,203,11.0,153
2024-03-25,SKU0069,45,0,11.0,153
2024-04-01,SKU0069,0,306,11.0,153
2024-04-08,SKU0069,227,0,11.0,153
2024-04-15,SKU0069,42,176,11.0,153
2024-04-22,SKU0069,150,0,11.0,153
2024-04-29,SKU0069,0,201,11.0,153
2024-05-06,SKU0069,122,202,11.0,153
2024-05-13,SKU0069,0,202,11.0,153
2024-05-20,SKU0069,96,0,11.0,153
2024-05-27,SKU0069,0,254,11.0,153
2024-06-03,SKU0069,175,0,11.0,153
2024-06-10,SKU0069,0,228,11.0,153
2024-06-17,SKU0069,202,0,11.0,153
2024-06-24,SKU0069,17,175,11.0,153
2024-07-01,SKU0069,122,202,11.0,153
2024-07-08,SKU0069,0,202,11.0,153
2024-07-15,SKU0069,96,201,11.0,153
2024-07-22,SKU0069,0,201,11.0,153
2024-07-29,SKU0069,69,229,11.0,153
2024-08-05,SKU0069,0,229,11.0,153
2024-08-12,SKU0069,97,174,11.0,153
2024-08-19,SKU0069,0,174,11.0,153
2024-08-26,SKU0069,16,229,11.0,153
2024-09-02,SKU0069,0,229,11.0,153
2024-09-09,SKU0069,44,0,11.0,153
2024-09-16,SKU0069,0,324,11.0,153
2024-09-23,SKU0069,298,0,11.0,153
2024-09-30,SKU0069,113,0,11.0,153
2024-10-07,SKU0069,0,317,11.0,153
2024-10-14,SKU0069,0,317,11.0,153
2024-10-21,SKU0069,132,0,11.0,153
2024-10-28,SKU0069,0,218,11.0,153
2024-11-04,SKU0069,139,0,11.0,153
2024-11-11,SKU0069,0,212,11.0,153
2024-11-18,SKU0069,133,0,11.0,153
2024-11-25,SKU0069,0,218,11.0,153
2024-12-02,SKU0069,139,0,11.0,153
2024-12-09,SKU0069,0,212,11.0,153
2024-12-16,SKU0069,133,191,11.0,153
2024-12-23,SKU0069,0,191,11.0,153
2024-12-30,SKU0069,85,186,11.0,153
2025-01-06,SKU0069,0,186,11.0,153
2025-01-13,SKU0069,28,191,11.0,153
2025-01-20,SKU0069,165,0,11.0,153
2025-01-27,SKU0069,0,186,11.0,153
2025-02-03,SKU0069,107,191,11.0,153
2025-02-10,SKU0069,0,191,11.0,153
2025-02-17,SKU0069,59,239,11.0,153
2025-02-24,SKU0069,0,239,11.0,153
2025-03-03,SKU0069,107,191,11.0,153
2025-03-10,SKU0069,0,191,11.0,153
2025-03-17,SKU0069,59,186,11.0,153
2025-03-24,SKU0069,0,186,11.0,153
2025-03-31,SKU0069,1,217,11.0,153
2025-04-07,SKU0069,191,0,11.0,153
2025-04-14,SKU0069,79,201,11.0,153
2025-04-21,SKU0069,0,201,11.0,153
2025-04-28,SKU0069,52,205,11.0,153
2025-05-05,SKU0069,0,205,11.0,153
2025-05-12,SKU0069,67,210,11.0,153
2025-05-19,SKU0069,0,210,11.0,153
2025-05-26,SKU0069,48,241,11.0,153
2025-06-02,SKU0069,0,241,11.0,153
2025-06-09,SKU0069,111,0,11.0,153
2025-06-16,SKU0069,0,260,11.0,153
2025-06-23,SKU0069,195,0,11.0,153
2025-06-30,SKU0069,8,183,11.0,153
2025-07-07,SKU0069,140,0,11.0,153
2025-07-14,SKU0069,0,208,11.0,153
2025-07-21,SKU0069,142,0,11.0,153
2025-07-28,SKU0069,0,220,11.0,153
2025-08-04,SKU0069,141,183,11.0,153
2025-08-11,SKU0069,0,183,11.0,153
2025-08-18,SKU0069,86,179,11.0,153
2025-08-25,SKU0069,0,179,11.0,153
2025-09-01,SKU0069,46,184,11.0,153
2025-09-08,SKU0069,160,0,11.0,153
2025-09-15,SKU0069,33,227,11.0,153
2025-09-22,SKU0069,212,0,11.0,153
2025-09-29,SKU0069,60,245,11.0,153
2025-10-06,SKU0069,0,245,11.0,153
2025-10-13,SKU0069,91,212,11.0,153
2025-10-20,SKU0069,0,212,11.0,153
2025-10-27,SKU0069,18,221,11.0,153
2025-11-03,SKU0069,0,221,11.0,153
2025-11-10,SKU0069,34,185,11.0,153
2025-11-17,SKU0069,151,0,11.0,153
2025-11-24,SKU0069,0,283,11.0,153
2025-12-01,SKU0069,0,283,11.0,153
2025-12-08,SKU0069,59,196,11.0,153
2025-12-15,SKU0069,0,196,11.0,153
2025-12-22,SKU0069,39,187,11.0,153
2025-12-29,SKU0069,0,187,11.0,153
2024-01-01,SKU0070,600,376,28.0,647
2024-01-08,SKU0070,418,376,28.0,647
2024-01-15,SKU0070,235,741,28.0,647
2024-01-22,SKU0070,53,741,28.0,647
2024-01-29,SKU0070,350,365,28.0,647
2024-02-05,SKU0070,168,704,28.0,647
2024-02-12,SKU0070,350,339,28.0,647
2024-02-19,SKU0070,168,678,28.0,647
2024-02-26,SKU0070,0,678,28.0,647
2024-03-04,SKU0070,209,689,28.0,647
2024-03-11,SKU0070,26,689,28.0,647
2024-03-18,SKU0070,183,741,28.0,647
2024-03-25,SKU0070,0,741,28.0,647
2024-04-01,SKU0070,246,730,28.0,647
2024-04-08,SKU0070,63,730,28.0,647
2024-04-15,SKU0070,313,339,28.0,647
2024-04-22,SKU0070,130,689,28.0,647
2024-04-29,SKU0070,313,350,28.0,647
2024-05-06,SKU0070,131,715,28.0,647
2024-05-13,SKU0070,0,715,28.0,647
2024-05-20,SKU0070,168,756,28.0,647
2024-05-27,SKU0070,0,756,28.0,647
2024-06-03,SKU0070,209,741,28.0,647
2024-06-10,SKU0070,26,741,28.0,647
2024-06-17,SKU0070,305,350,28.0,647
2024-06-24,SKU0070,199,694,28.0,647
2024-07-01,SKU0070,427,344,28.0,647
2024-07-08,SKU0070,279,697,28.0,647
2024-07-15,SKU0070,137,697,28.0,647
2024-07-22,SKU0070,308,353,28.0,647
2024-07-29,SKU0070,180,724,28.0,647
2024-08-05,SKU0070,317,371,28.0,647
2024-08-12,SKU0070,70,750,28.0,647
2024-08-19,SKU0070,0,750,28.0,647
2024-08-26,SKU0070,278,379,28.0,647
2024-09-02,SKU0070,125,722,28.0,647
2024-09-09,SKU0070,357,343,28.0,647
2024-09-16,SKU0070,216,677,28.0,647
2024-09-23,SKU0070,83,677,28.0,647
2024-09-30,SKU0070,293,665,28.0,647
2024-10-07,SKU0070,130,665,28.0,647
2024-10-14,SKU0070,245,331,28.0,647
2024-10-21,SKU0070,0,862,28.0,647
2024-10-28,SKU0070,276,531,28.0,647
2024-11-04,SKU0070,64,870,,647
2024-11-11,SKU0070,0,870,28.0,647
2024-11-18,SKU0070,412,339,28.0,647
2024-11-25,SKU0070,191,681,28.0,647
2024-12-02,SKU0070,206,770,28.0,647
2024-12-09,SKU0070,0,770,28.0,647
2024-12-16,SKU0070,0,770,28.0,647
2024-12-23,SKU0070,106,428,28.0,647
2024-12-30,SKU0070,398,490,28.0,647
2025-01-06,SKU0070,70,490,28.0,647
2025-01-13,SKU0070,0,944,28.0,647
2025-01-20,SKU0070,0,944,28.0,647
2025-01-27,SKU0070,232,454,28.0,647
2025-02-03,SKU0070,56,830,28.0,647
2025-02-10,SKU0070,335,376,28.0,647
2025-02-17,SKU0070,142,706,28.0,647
2025-02-24,SKU0070,0,706,28.0,647
2025-03-03,SKU0070,282,694,28.0,647
2025-03-10,SKU0070,151,694,28.0,647
2025-03-17,SKU0070,324,364,28.0,647
2025-03-24,SKU0070,140,776,28.0,647
2025-03-31,SKU0070,355,412,28.0,647
2025-04-07,SKU0070,234,412,28.0,647
2025-04-14,SKU0070,106,774,28.0,647
2025-04-21,SKU0070,416,362,28.0,647
2025-04-28,SKU0070,286,362,28.0,647
2025-05-05,SKU0070,117,723,28.0,647
2025-05-12,SKU0070,344,361,28.0,647
2025-05-19,SKU0070,155,714,28.0,647
2025-05-26,SKU0070,0,714,28.0,647
2025-06-02,SKU0070,200,740,28.0,647
2025-06-09,SKU0070,59,740,28.0,647
2025-06-16,SKU0070,270,387,28.0,647
2025-06-23,SKU0070,136,722,28.0,647
2025-06-30,SKU0070,346,335,28.0,647
2025-07-07,SKU0070,202,690,28.0,647
2025-07-14,SKU0070,88,690,28.0,647
2025-07-21,SKU0070,288,688,28.0,647
2025-07-28,SKU0070,186,688,28.0,647
2025-08-04,SKU0070,330,333,28.0,647
2025-08-11,SKU0070,132,674,28.0,647
2025-08-18,SKU0070,331,341,28.0,647
2025-08-25,SKU0070,187,699,28.0,647
2025-09-01,SKU0070,29,699,28.0,647
2025-09-08,SKU0070,223,753,28.0,647
2025-09-15,SKU0070,85,753,28.0,647
2025-09-22,SKU0070,300,395,28.0,647
2025-09-29,SKU0070,155,761,28.0,647
2025-10-06,SKU0070,367,366,28.0,647
2025-10-13,SKU0070,203,366,28.0,647
2025-10-20,SKU0070,0,803,28.0,647
2025-10-27,SKU0070,241,437,28.0,647
2025-11-03,SKU0070,70,790,28.0,647
2025-11-10,SKU0070,0,790,28.0,647
2025-11-17,SKU0070,226,725,28.0,647
2025-11-24,SKU0070,46,725,28.0,647
2025-12-01,SKU0070,72,728,28.0,647
2025-12-08,SKU0070,0,728,28.0,647
2025-12-15,SKU0070,294,356,28.0,647
2025-12-22,SKU0070,107,710,28.0,647
2025-12-29,SKU0070,300,354,28.0,647
2024-01-01,SKU0071,397,0,9.0,192
2024-01-08,SKU0071,76,283,9.0,192
2024-01-15,SKU0071,237,0,9.0,192
2024-01-22,SKU0071,0,260,9.0,192
2024-01-29,SKU0071,31,283,9.0,192
2024-02-05,SKU0071,191,260,9.0,192
2024-02-12,SKU0071,0,260,9.0,192
2024-02-19,SKU0071,0,283,9.0,192
2024-02-26,SKU0071,145,260,9.0,192
2024-03-04,SKU0071,0,260,9.0,192
2024-03-11,SKU0071,0,283,9.0,192
2024-03-18,SKU0071,100,260,9.0,192
2024-03-25,SKU0071,214,0,9.0,192
2024-04-01,SKU0071,0,283,9.0,192
2024-04-08,SKU0071,54,260,9.0,192
2024-04-15,SKU0071,168,283,9.0,192
2024-04-22,SKU0071,0,283,9.0,192
2024-04-29,SKU0071,8,260,9.0,192
2024-05-06,SKU0071,122,283,9.0,192
2024-05-13,SKU0071,0,283,9.0,192
2024-05-20,SKU0071,0,260,9.0,192
2024-05-27,SKU0071,77,283,9.0,192
2024-06-03,SKU0071,237,0,9.0,192
2024-06-10,SKU0071,0,260,9.0,192
2024-06-17,SKU0071,31,283,9.0,192
2024-06-24,SKU0071,191,260,9.0,192
2024-07-01,SKU0071,0,260,9.0,192
2024-07-08,SKU0071,0,283,9.0,192
2024-07-15,SKU0071,145,260,9.0,192
2024-07-22,SKU0071,0,260,9.0,192
2024-07-29,SKU0071,0,283,9.0,192
2024-08-05,SKU0071,100,260,9.0,192
2024-08-12,SKU0071,214,0,9.0,192
2024-08-19,SKU0071,0,329,9.0,192
2024-08-26,SKU0071,146,260,9.0,192
2024-09-02,SKU0071,0,260,9.0,192
2024-09-09,SKU0071,0,283,9.0,192
2024-09-16,SKU0071,100,260,9.0,192
2024-09-23,SKU0071,214,0,9.0,192
2024-09-30,SKU0071,0,283,9.0,192
2024-10-07,SKU0071,54,260,9.0,192
2024-10-14,SKU0071,168,283,9.0,192
2024-10-21,SKU0071,0,283,9.0,192
2024-10-28,SKU0071,8,260,9.0,192
2024-11-04,SKU0071,122,283,9.0,192
2024-11-11,SKU0071,0,283,9.0,192
2024-11-18,SKU0071,0,260,9.0,192
2024-11-25,SKU0071,77,283,9.0,192
2024-12-02,SKU0071,237,0,9.0,192
2024-12-09,SKU0071,0,306,9.0,192
2024-12-16,SKU0071,123,283,9.0,192
2024-12-23,SKU0071,0,283,9.0,192
2024-12-30,SKU0071,0,260,9.0,192
2025-01-06,SKU0071,77,283,9.0,192
2025-01-13,SKU0071,237,0,9.0,192
2025-01-20,SKU0071,0,260,9.0,192
2025-01-27,SKU0071,31,283,9.0,192
2025-02-03,SKU0071,191,260,9.0,192
2025-02-10,SKU0071,0,260,9.0,192
2025-02-17,SKU0071,0,283,9.0,192
2025-02-24,SKU0071,145,260,9.0,192
2025-03-03,SKU0071,0,260,9.0,192
2025-03-10,SKU0071,0,283,9.0,192
2025-03-17,SKU0071,100,260,9.0,192
2025-03-24,SKU0071,214,0,9.0,192
2025-03-31,SKU0071,0,283,9.0,192
2025-04-07,SKU0071,54,260,9.0,192
2025-04-14,SKU0071,168,283,9.0,192
2025-04-21,SKU0071,0,283,9.0,192
2025-04-28,SKU0071,8,260,9.0,192
2025-05-05,SKU0071,122,283,9.0,192
2025-05-12,SKU0071,0,283,9.0,192
2025-05-19,SKU0071,0,260,9.0,192
2025-05-26,SKU0071,77,283,9.0,192
2025-06-02,SKU0071,237,0,9.0,192
2025-06-09,SKU0071,0,260,9.0,192
2025-06-16,SKU0071,40,302,9.0,192
2025-06-23,SKU0071,276,0,9.0,192
2025-06-30,SKU0071,0,279,9.0,192
2025-07-07,SKU0071,95,292,9.0,192
2025-07-14,SKU0071,0,292,9.0,192
2025-07-21,SKU0071,65,278,9.0,192
2025-07-28,SKU0071,160,264,9.0,192
2025-08-04,SKU0071,0,264,9.0,192
2025-08-11,SKU0071,0,340,9.0,192
2025-08-18,SKU0071,266,0,9.0,192
2025-08-25,SKU0071,0,314,9.0,192
2025-09-01,SKU0071,183,268,9.0,192
2025-09-08,SKU0071,0,268,9.0,192
2025-09-15,SKU0071,75,281,9.0,192
2025-09-22,SKU0071,202,0,9.0,192
2025-09-29,SKU0071,0,310,9.0,192
2025-10-06,SKU0071,62,299,9.0,192
2025-10-13,SKU0071,256,0,9.0,192
2025-10-20,SKU0071,0,334,9.0,192
2025-10-27,SKU0071,73,267,9.0,192
2025-11-03,SKU0071,221,0,9.0,192
2025-11-10,SKU0071,0,274,9.0,192
2025-11-17,SKU0071,37,262,9.0,192
2025-11-24,SKU0071,162,289,9.0,192
2025-12-01,SKU0071,0,289,9.0,192
2025-12-08,SKU0071,21,287,9.0,192
2025-12-15,SKU0071,95,292,9.0,192
2025-12-22,SKU0071,0,292,9.0,192
2025-12-29,SKU0071,0,308,9.0,192
2024-01-01,SKU0072,482,0,10.0,243
2024-01-08,SKU0072,199,302,10.0,243
2024-01-15,SKU0072,0,302,10.0,243
2024-01-22,SKU0072,59,401,10.0,243
2024-01-29,SKU0072,0,401,10.0,243
2024-02-05,SKU0072,117,302,10.0,243
2024-02-12,SKU0072,261,0,10.0,243
2024-02-19,SKU0072,0,401,10.0,243
2024-02-26,SKU0072,320,0,10.0,243
2024-03-04,SKU0072,36,302,10.0,243
2024-03-11,SKU0072,180,320,10.0,243
2024-03-18,SKU0072,0,320,10.0,243
2024-03-25,SKU0072,77,302,10.0,243
2024-04-01,SKU0072,221,320,10.0,243
2024-04-08,SKU0072,0,320,10.0,243
2024-04-15,SKU0072,117,302,10.0,243
2024-04-22,SKU0072,261,0,10.0,243
2024-04-29,SKU0072,0,320,10.0,243
2024-05-06,SKU0072,158,302,10.0,243
2024-05-13,SKU0072,0,302,10.0,243
2024-05-20,SKU0072,18,320,10.0,243
2024-05-27,SKU0072,198,0,10.0,243
2024-06-03,SKU0072,0,424,10.0,243
2024-06-10,SKU0072,302,0,10.0,243
2024-06-17,SKU0072,19,401,10.0,243
2024-06-24,SKU0072,360,0,10.0,243
2024-07-01,SKU0072,77,302,10.0,243
2024-07-08,SKU0072,221,320,10.0,243
2024-07-15,SKU0072,0,320,10.0,243
2024-07-22,SKU0072,117,302,10.0,243
2024-07-29,SKU0072,261,0,10.0,243
2024-08-05,SKU0072,0,320,10.0,243
2024-08-12,SKU0072,158,302,10.0,243
2024-08-19,SKU0072,0,302,10.0,243
2024-08-26,SKU0072,18,320,10.0,243
2024-09-02,SKU0072,198,302,10.0,243
2024-09-09,SKU0072,0,302,10.0,243
2024-09-16,SKU0072,59,320,10.0,243
2024-09-23,SKU0072,239,302,10.0,243
2024-09-30,SKU0072,0,302,10.0,243
2024-10-07,SKU0072,99,361,10.0,243
2024-10-14,SKU0072,0,361,10.0,243
2024-10-21,SKU0072,77,302,10.0,243
2024-10-28,SKU0072,191,305,10.0,243
2024-11-04,SKU0072,0,305,10.0,243
2024-11-11,SKU0072,68,335,10.0,243
2024-11-18,SKU0072,224,317,10.0,243
2024-11-25,SKU0072,0,317,10.0,243
2024-12-02,SKU0072,0,445,10.0,243
2024-12-09,SKU0072,0,445,10.0,243
2024-12-16,SKU0072,49,330,10.0,243
2024-12-23,SKU0072,0,330,10.0,243
2024-12-30,SKU0072,40,308,10.0,243
2025-01-06,SKU0072,55,415,10.0,243
2025-01-13,SKU0072,0,415,10.0,243
2025-01-20,SKU0072,194,317,10.0,243
2025-01-27,SKU0072,0,317,10.0,243
2025-02-03,SKU0072,77,464,10.0,243
2025-02-10,SKU0072,0,464,10.0,243
2025-02-17,SKU0072,264,0,10.0,243
2025-02-24,SKU0072,0,320,10.0,243
2025-03-03,SKU0072,131,310,10.0,243
2025-03-10,SKU0072,0,310,10.0,243
2025-03-17,SKU0072,77,377,10.0,243
2025-03-24,SKU0072,0,377,10.0,243
2025-03-31,SKU0072,128,329,10.0,243
2025-04-07,SKU0072,0,329,10.0,243
2025-04-14,SKU0072,109,327,10.0,243
2025-04-21,SKU0072,313,0,10.0,243
2025-04-28,SKU0072,80,322,10.0,243
2025-05-05,SKU0072,275,0,10.0,243
2025-05-12,SKU0072,8,312,10.0,243
2025-05-19,SKU0072,181,360,10.0,243
2025-05-26,SKU0072,0,360,10.0,243
2025-06-02,SKU0072,221,0,10.0,243
2025-06-09,SKU0072,0,362,10.0,243
2025-06-16,SKU0072,222,319,10.0,243
2025-06-23,SKU0072,37,319,10.0,243
2025-06-30,SKU0072,186,340,10.0,243
2025-07-07,SKU0072,0,340,10.0,243
2025-07-14,SKU0072,162,343,10.0,243
2025-07-21,SKU0072,0,343,10.0,243
2025-07-28,SKU0072,162,304,10.0,243
2025-08-04,SKU0072,245,0,10.0,243
2025-08-11,SKU0072,0,363,10.0,243
2025-08-18,SKU0072,262,0,10.0,243
2025-08-25,SKU0072,52,314,10.0,243
2025-09-01,SKU0072,182,343,10.0,243
2025-09-08,SKU0072,0,343,10.0,243
2025-09-15,SKU0072,153,305,10.0,243
2025-09-22,SKU0072,0,305,10.0,243
2025-09-29,SKU0072,72,346,10.0,243
2025-10-06,SKU0072,300,0,10.0,243
2025-10-13,SKU0072,35,318,10.0,243
2025-10-20,SKU0072,99,301,10.0,243
2025-10-27,SKU0072,0,301,10.0,243
2025-11-03,SKU0072,64,315,10.0,243
2025-11-10,SKU0072,180,335,10.0,243
2025-11-17,SKU0072,0,335,10.0,243
2025-11-24,SKU0072,101,312,10.0,243
2025-12-01,SKU0072,246,0,10.0,243
2025-12-08,SKU0072,0,361,10.0,243
2025-12-15,SKU0072,166,321,10.0,243
2025-12-22,SKU0072,0,321,10.0,243
2025-12-29,SKU0072,41,320,10.0,243
2024-01-01,SKU0073,19,0,14.0,16
2024-01-08,SKU0073,0,21,14.0,16
2024-01-15,SKU0073,0,21,14.0,16
2024-01-22,SKU0073,5,0,14.0,16
2024-01-29,SKU0073,0,30,14.0,16
2024-02-05,SKU0073,0,30,14.0,16
2024-02-12,SKU0073,10,0,14.0,16
2024-02-19,SKU0073,0,29,14.0,16
2024-02-26,SKU0073,0,29,14.0,16
2024-03-04,SKU0073,13,14,14.0,16
2024-03-11,SKU0073,0,14,14.0,16
2024-03-18,SKU0073,7,16,14.0,16
2024-03-25,SKU0073,0,16,14.0,16
2024-04-01,SKU0073,0,21,14.0,16
2024-04-08,SKU0073,0,21,14.0,16
2024-04-15,SKU0073,1,22,14.0,16
2024-04-22,SKU0073,0,22,14.0,16
2024-04-29,SKU0073,12,15,14.0,16
2024-05-06,SKU0073,0,30,14.0,16
2024-05-13,SKU0073,8,15,14.0,16
2024-05-20,SKU0073,8,15,14.0,16
2024-05-27,SKU0073,0,30,14.0,16
2024-06-03,SKU0073,2,15,14.0,16
2024-06-10,SKU0073,0,18,14.0,16
2024-06-17,SKU0073,0,18,14.0,16
2024-06-24,SKU0073,2,19,14.0,16
2024-07-01,SKU0073,0,19,14.0,16
2024-07-08,SKU0073,6,18,14.0,16
2024-07-15,SKU0073,0,18,14.0,16
2024-07-22,SKU0073,8,15,14.0,16
2024-07-29,SKU0073,0,30,14.0,16
2024-08-05,SKU0073,5,15,14.0,16
2024-08-12,SKU0073,5,25,14.0,16
2024-08-19,SKU0073,0,25,14.0,16
2024-08-26,SKU0073,22,0,14.0,16
2024-09-02,SKU0073,0,30,14.0,16
2024-09-09,SKU0073,0,30,14.0,16
2024-09-16,SKU0073,12,18,14.0,16
2024-09-23,SKU0073,0,18,14.0,16
2024-09-30,SKU0073,15,0,14.0,16
2024-10-07,SKU0073,0,22,14.0,16
2024-10-14,SKU0073,0,22,14.0,16
2024-10-21,SKU0073,2,15,14.0,16
2024-10-28,SKU0073,0,30,14.0,16
2024-11-04,SKU0073,0,30,14.0,16
2024-11-11,SKU0073,0,15,14.0,16
2024-11-18,SKU0073,12,15,14.0,16
2024-11-25,SKU0073,0,30,14.0,16
2024-12-02,SKU0073,0,30,14.0,16
2024-12-09,SKU0073,5,15,14.0,16
2024-12-16,SKU0073,8,0,14.0,16
2024-12-23,SKU0073,0,25,14.0,16
2024-12-30,SKU0073,0,25,14.0,16
2025-01-06,SKU0073,0,25,14.0,16
2025-01-13,SKU0073,0,25,14.0,16
2025-01-20,SKU0073,19,0,14.0,16
2025-01-27,SKU0073,0,21,14.0,16
2025-02-03,SKU0073,0,21,14.0,16
2025-02-10,SKU0073,2,15,14.0,16
2025-02-17,SKU0073,0,30,14.0,16
2025-02-24,SKU0073,1,15,14.0,16
2025-03-03,SKU0073,0,30,14.0,16
2025-03-10,SKU0073,0,30,14.0,16
2025-03-17,SKU0073,14,16,14.0,16
2025-03-24,SKU0073,0,16,14.0,16
2025-03-31,SKU0073,14,16,14.0,16
2025-04-07,SKU0073,0,16,14.0,16
2025-04-14,SKU0073,14,16,14.0,16
2025-04-21,SKU0073,0,16,14.0,16
2025-04-28,SKU0073,14,16,14.0,16
2025-05-05,SKU0073,0,16,14.0,16
2025-05-12,SKU0073,15,0,14.0,16
2025-05-19,SKU0073,0,17,14.0,16
2025-05-26,SKU0073,0,17,14.0,16
2025-06-02,SKU0073,0,25,14.0,16
2025-06-09,SKU0073,0,25,14.0,16
2025-06-16,SKU0073,11,0,14.0,16
2025-06-23,SKU0073,0,23,14.0,16
2025-06-30,SKU0073,0,23,14.0,16
2025-07-07,SKU0073,2,21,14.0,16
2025-07-14,SKU0073,0,21,14.0,16
2025-07-21,SKU0073,16,0,14.0,16
2025-07-28,SKU0073,0,18,14.0,16
2025-08-04,SKU0073,0,18,14.0,16
2025-08-11,SKU0073,0,16,14.0,16
2025-08-18,SKU0073,0,16,14.0,16
2025-08-25,SKU0073,0,18,14.0,16
2025-09-01,SKU0073,0,18,14.0,16
2025-09-08,SKU0073,6,15,14.0,16
2025-09-15,SKU0073,0,30,14.0,16
2025-09-22,SKU0073,0,30,14.0,16
2025-09-29,SKU0073,7,15,14.0,16
2025-10-06,SKU0073,5,15,14.0,16
2025-10-13,SKU0073,0,30,14.0,16
2025-10-20,SKU0073,0,30,14.0,16
2025-10-27,SKU0073,0,30,14.0,16
2025-11-03,SKU0073,2,15,14.0,16
2025-11-10,SKU0073,3,0,14.0,16
2025-11-17,SKU0073,0,30,14.0,16
2025-11-24,SKU0073,0,30,14.0,16
2025-12-01,SKU0073,0,18,14.0,16
2025-12-08,SKU0073,0,18,14.0,16
2025-12-15,SKU0073,0,16,14.0,16
2025-12-22,SKU0073,0,16,14.0,16
2025-12-29,SKU0073,0,18,14.0,16
2024-01-01,SKU0074,2026,0,26.0,1521
2024-01-08,SKU0074,1714,0,26.0,1521
2024-01-15,SKU0074,1402,894,26.0,1521
2024-01-22,SKU0074,1090,894,26.0,1521
2024-01-29,SKU0074,777,894,26.0,1521
2024-02-05,SKU0074,465,1741,26.0,1521
2024-02-12,SKU0074,1047,847,26.0,1521
2024-02-19,SKU0074,734,847,26.0,1521
2024-02-26,SKU0074,422,1695,26.0,1521
2024-03-04,SKU0074,957,848,26.0,1521
2024-03-11,SKU0074,645,1695,26.0,1521
2024-03-18,SKU0074,1180,847,26.0,1521
2024-03-25,SKU0074,868,847,26.0,1521
2024-04-01,SKU0074,556,1784,26.0,1521
2024-04-08,SKU0074,1090,937,26.0,1521
2024-04-15,SKU0074,778,937,26.0,1521
2024-04-22,SKU0074,466,1874,26.0,1521
2024-04-29,SKU0074,1091,937,26.0,1521
2024-05-06,SKU0074,778,937,26.0,1521
2024-05-13,SKU0074,466,1785,26.0,1521
2024-05-20,SKU0074,1091,848,26.0,1521
2024-05-27,SKU0074,778,848,26.0,1521
2024-06-03,SKU0074,466,1695,26.0,1521
2024-06-10,SKU0074,1002,847,26.0,1521
2024-06-17,SKU0074,689,847,26.0,1521
2024-06-24,SKU0074,377,1695,26.0,1521
2024-07-01,SKU0074,912,848,26.0,1521
2024-07-08,SKU0074,600,1696,26.0,1521
2024-07-15,SKU0074,1135,848,26.0,1521
2024-07-22,SKU0074,823,848,26.0,1521
2024-07-29,SKU0074,511,1695,26.0,1521
2024-08-05,SKU0074,1046,847,26.0,1521
2024-08-12,SKU0074,734,847,26.0,1521
2024-08-19,SKU0074,422,1695,26.0,1521
2024-08-26,SKU0074,957,848,26.0,1521
2024-09-02,SKU0074,644,848,26.0,1521
2024-09-09,SKU0074,1180,892,26.0,1521
2024-09-16,SKU0074,868,892,26.0,1521
2024-09-23,SKU0074,555,1740,26.0,1521
2024-09-30,SKU0074,1135,848,26.0,1521
2024-10-07,SKU0074,823,848,26.0,1521
2024-10-14,SKU0074,511,1785,26.0,1521
2024-10-21,SKU0074,1046,937,26.0,1521
2024-10-28,SKU0074,734,937,26.0,1521
2024-11-04,SKU0074,422,1784,26.0,1521
2024-11-11,SKU0074,1046,847,26.0,1521
2024-11-18,SKU0074,734,847,26.0,1521
2024-11-25,SKU0074,422,1695,26.0,1521
2024-12-02,SKU0074,957,848,26.0,1521
2024-12-09,SKU0074,644,1696,26.0,1521
2024-12-16,SKU0074,1180,848,26.0,1521
2024-12-23,SKU0074,868,848,26.0,1521
2024-12-30,SKU0074,555,1785,26.0,1521
2025-01-06,SKU0074,1091,937,26.0,1521
2025-01-13,SKU0074,779,937,26.0,1521
2025-01-20,SKU0074,467,1784,26.0,1521
2025-01-27,SKU0074,1091,847,26.0,1521
2025-02-03,SKU0074,779,847,26.0,1521
2025-02-10,SKU0074,467,1695,26.0,1521
2025-02-17,SKU0074,1001,848,26.0,1521
2025-02-24,SKU0074,689,848,26.0,1521
2025-03-03,SKU0074,377,1874,26.0,1521
2025-03-10,SKU0074,913,1026,26.0,1521
2025-03-17,SKU0074,600,1026,26.0,1521
2025-03-24,SKU0074,288,2007,26.0,1521
2025-03-31,SKU0074,1002,981,26.0,1521
2025-04-07,SKU0074,689,981,26.0,1521
2025-04-14,SKU0074,377,1874,26.0,1521
2025-04-21,SKU0074,1046,893,26.0,1521
2025-04-28,SKU0074,734,893,26.0,1521
2025-05-05,SKU0074,421,1740,26.0,1521
2025-05-12,SKU0074,1002,847,26.0,1521
2025-05-19,SKU0074,690,847,26.0,1521
2025-05-26,SKU0074,377,1695,26.0,1521
2025-06-02,SKU0074,912,848,26.0,1521
2025-06-09,SKU0074,600,1696,26.0,1521
2025-06-16,SKU0074,1136,848,26.0,1521
2025-06-23,SKU0074,823,848,26.0,1521
2025-06-30,SKU0074,511,1740,26.0,1521
2025-07-07,SKU0074,1047,892,26.0,1521
2025-07-14,SKU0074,734,892,26.0,1521
2025-07-21,SKU0074,422,1784,26.0,1521
2025-07-28,SKU0074,1093,892,26.0,1521
2025-08-04,SKU0074,759,892,26.0,1521
2025-08-11,SKU0074,406,1745,26.0,1521
2025-08-18,SKU0074,1066,853,26.0,1521
2025-08-25,SKU0074,870,853,26.0,1521
2025-09-01,SKU0074,623,1698,26.0,1521
2025-09-08,SKU0074,1268,845,26.0,1521
2025-09-15,SKU0074,941,845,26.0,1521
2025-09-22,SKU0074,728,845,26.0,1521
2025-09-29,SKU0074,1366,825,26.0,1521
2025-10-06,SKU0074,1075,825,26.0,1521
2025-10-13,SKU0074,811,825,26.0,1521
2025-10-20,SKU0074,1059,973,26.0,1521
2025-10-27,SKU0074,580,973,26.0,1521
2025-11-03,SKU0074,258,1821,26.0,1521
2025-11-10,SKU0074,0,1821,26.0,1521
2025-11-17,SKU0074,733,848,26.0,1521
2025-11-24,SKU0074,1269,844,26.0,1521
2025-12-01,SKU0074,770,844,26.0,1521
2025-12-08,SKU0074,317,1729,26.0,1521
2025-12-15,SKU0074,878,885,26.0,1521
2025-12-22,SKU0074,536,1775,26.0,1521
2025-12-29,SKU0074,1148,890,26.0,1521
2024-01-01,SKU0075,611,0,18.0,578
2024-01-08,SKU0075,377,421,18.0,578
2024-01-15,SKU0075,142,857,18.0,578
2024-01-22,SKU0075,329,436,18.0,578
2024-01-29,SKU0075,94,871,18.0,578
2024-02-05,SKU0075,302,435,18.0,578
2024-02-12,SKU0075,67,932,18.0,578
2024-02-19,SKU0075,268,497,18.0,578
2024-02-26,SKU0075,33,497,18.0,578
2024-03-04,SKU0075,363,502,18.0,578
2024-03-11,SKU0075,128,502,18.0,578
2024-03-18,SKU0075,401,436,18.0,578
2024-03-25,SKU0075,167,436,18.0,578
2024-04-01,SKU0075,369,430,18.0,578
2024-04-08,SKU0075,134,430,18.0,578
2024-04-15,SKU0075,330,468,18.0,578
2024-04-22,SKU0075,95,904,18.0,578
2024-04-29,SKU0075,367,436,18.0,578
2024-05-06,SKU0075,133,866,18.0,578
2024-05-13,SKU0075,334,430,18.0,578
2024-05-20,SKU0075,100,866,18.0,578
2024-05-27,SKU0075,296,436,18.0,578
2024-06-03,SKU0075,61,871,18.0,578
2024-06-10,SKU0075,268,435,18.0,578
2024-06-17,SKU0075,34,865,18.0,578
2024-06-24,SKU0075,234,430,18.0,578
2024-07-01,SKU0075,0,865,18.0,578
2024-07-08,SKU0075,195,435,18.0,578
2024-07-15,SKU0075,401,436,18.0,578
2024-07-22,SKU0075,167,436,18.0,578
2024-07-29,SKU0075,369,430,18.0,578
2024-08-05,SKU0075,134,865,18.0,578
2024-08-12,SKU0075,330,435,18.0,578
2024-08-19,SKU0075,95,870,18.0,578
2024-08-26,SKU0075,301,435,18.0,578
2024-09-02,SKU0075,66,866,18.0,578
2024-09-09,SKU0075,292,431,18.0,578
2024-09-16,SKU0075,125,863,18.0,578
2024-09-23,SKU0075,390,432,18.0,578
2024-09-30,SKU0075,215,432,18.0,578
2024-10-07,SKU0075,399,422,18.0,578
2024-10-14,SKU0075,144,855,18.0,578
2024-10-21,SKU0075,321,433,18.0,578
2024-10-28,SKU0075,1,863,18.0,578
2024-11-04,SKU0075,315,430,18.0,578
2024-11-11,SKU0075,127,872,18.0,578
2024-11-18,SKU0075,318,442,18.0,578
2024-11-25,SKU0075,33,966,18.0,578
2024-12-02,SKU0075,196,524,18.0,578
2024-12-09,SKU0075,0,961,18.0,578
2024-12-16,SKU0075,327,437,18.0,578
2024-12-23,SKU0075,0,886,18.0,578
2024-12-30,SKU0075,191,449,18.0,578
2025-01-06,SKU0075,0,999,18.0,578
2025-01-13,SKU0075,96,550,18.0,578
2025-01-20,SKU0075,0,978,18.0,578
2025-01-27,SKU0075,319,428,18.0,578
2025-02-03,SKU0075,81,884,18.0,578
2025-02-10,SKU0075,265,456,18.0,578
2025-02-17,SKU0075,35,940,18.0,578
2025-02-24,SKU0075,279,484,18.0,578
2025-03-03,SKU0075,45,930,18.0,578
2025-03-10,SKU0075,327,446,18.0,578
2025-03-17,SKU0075,139,446,18.0,578
2025-03-24,SKU0075,465,425,18.0,578
2025-03-31,SKU0075,285,425,18.0,578
2025-04-07,SKU0075,502,444,18.0,578
2025-04-14,SKU0075,313,444,18.0,578
2025-04-21,SKU0075,147,444,18.0,578
2025-04-28,SKU0075,396,441,18.0,578
2025-05-05,SKU0075,234,441,18.0,578
2025-05-12,SKU0075,494,424,18.0,578
2025-05-19,SKU0075,318,424,18.0,578
2025-05-26,SKU0075,123,424,18.0,578
2025-06-02,SKU0075,298,486,18.0,578
2025-06-09,SKU0075,98,486,18.0,578
2025-06-16,SKU0075,404,425,18.0,578
2025-06-23,SKU0075,201,425,18.0,578
2025-06-30,SKU0075,443,424,18.0,578
2025-07-07,SKU0075,272,424,18.0,578
2025-07-14,SKU0075,524,439,18.0,578
2025-07-21,SKU0075,393,439,18.0,578
2025-07-28,SKU0075,180,439,18.0,578
2025-08-04,SKU0075,325,446,18.0,578
2025-08-11,SKU0075,61,874,18.0,578
2025-08-18,SKU0075,389,428,18.0,578
2025-08-25,SKU0075,265,428,18.0,578
2025-09-01,SKU0075,477,492,18.0,578
2025-09-08,SKU0075,290,492,18.0,578
2025-09-15,SKU0075,116,492,18.0,578
2025-09-22,SKU0075,456,424,18.0,578
2025-09-29,SKU0075,301,424,18.0,578
2025-10-06,SKU0075,514,445,18.0,578
2025-10-13,SKU0075,291,445,18.0,578
2025-10-20,SKU0075,0,887,18.0,578
2025-10-27,SKU0075,178,442,18.0,578
2025-11-03,SKU0075,0,878,18.0,578
2025-11-10,SKU0075,248,436,18.0,578
2025-11-17,SKU0075,476,523,18.0,578
2025-11-24,SKU0075,268,523,18.0,578
2025-12-01,SKU0075,0,984,18.0,578
2025-12-08,SKU0075,334,461,18.0,578
2025-12-15,SKU0075,84,894,18.0,578
2025-12-22,SKU0075,304,433,18.0,578
2025-12-29,SKU0075,50,855,18.0,578
2024-01-01,SKU0076,163,0,13.0,142
2024-01-08,SKU0076,22,195,13.0,142
2024-01-15,SKU0076,0,195,13.0,142
2024-01-22,SKU0076,95,143,13.0,142
2024-01-29,SKU0076,0,143,13.0,142
2024-02-05,SKU0076,63,155,13.0,142
2024-02-12,SKU0076,0,155,13.0,142
2024-02-19,SKU0076,55,143,13.0,142
2024-02-26,SKU0076,0,143,13.0,142
2024-03-04,SKU0076,23,155,13.0,142
2024-03-11,SKU0076,0,155,13.0,142
2024-03-18,SKU0076,14,163,13.0,142
2024-03-25,SKU0076,0,163,13.0,142
2024-04-01,SKU0076,22,155,13.0,142
2024-04-08,SKU0076,0,155,13.0,142
2024-04-15,SKU0076,20,143,13.0,142
2024-04-22,SKU0076,138,140,13.0,142
2024-04-29,SKU0076,19,140,13.0,142
2024-05-06,SKU0076,111,138,13.0,142
2024-05-13,SKU0076,0,276,13.0,142
2024-05-20,SKU0076,2,138,13.0,142
2024-05-27,SKU0076,59,140,13.0,142
2024-06-03,SKU0076,0,278,13.0,142
2024-06-10,SKU0076,37,138,13.0,142
2024-06-17,SKU0076,96,152,13.0,142
2024-06-24,SKU0076,6,152,13.0,142
2024-07-01,SKU0076,68,152,13.0,142
2024-07-08,SKU0076,0,152,13.0,142
2024-07-15,SKU0076,19,159,13.0,142
2024-07-22,SKU0076,0,159,13.0,142
2024-07-29,SKU0076,57,147,13.0,142
2024-08-05,SKU0076,0,147,13.0,142
2024-08-12,SKU0076,7,183,13.0,142
2024-08-19,SKU0076,0,183,13.0,142
2024-08-26,SKU0076,68,144,13.0,142
2024-09-02,SKU0076,0,144,13.0,142
2024-09-09,SKU0076,0,161,13.0,142
2024-09-16,SKU0076,0,161,13.0,142
2024-09-23,SKU0076,72,153,13.0,142
2024-09-30,SKU0076,0,153,13.0,142
2024-10-07,SKU0076,22,154,13.0,142
2024-10-14,SKU0076,0,154,13.0,142
2024-10-21,SKU0076,0,147,13.0,142
2024-10-28,SKU0076,141,137,13.0,142
2024-11-04,SKU0076,5,137,13.0,142
2024-11-11,SKU0076,90,141,13.0,142
2024-11-18,SKU0076,114,137,13.0,142
2024-11-25,SKU0076,0,278,13.0,142
2024-12-02,SKU0076,0,278,13.0,142
2024-12-09,SKU0076,83,137,13.0,142
2024-12-16,SKU0076,34,141,13.0,142
2024-12-23,SKU0076,0,278,13.0,142
2024-12-30,SKU0076,66,137,13.0,142
2025-01-06,SKU0076,0,148,13.0,142
2025-01-13,SKU0076,0,148,13.0,142
2025-01-20,SKU0076,11,142,13.0,142
2025-01-27,SKU0076,110,168,13.0,142
2025-02-03,SKU0076,0,168,13.0,142
2025-02-10,SKU0076,120,158,13.0,142
2025-02-17,SKU0076,0,158,13.0,142
2025-02-24,SKU0076,127,143,13.0,142
2025-03-03,SKU0076,18,143,13.0,142
2025-03-10,SKU0076,100,151,13.0,142
2025-03-17,SKU0076,0,151,13.0,142
2025-03-24,SKU0076,77,147,13.0,142
2025-03-31,SKU0076,0,147,13.0,142
2025-04-07,SKU0076,63,161,13.0,142
2025-04-14,SKU0076,0,161,13.0,142
2025-04-21,SKU0076,65,153,13.0,142
2025-04-28,SKU0076,0,153,13.0,142
2025-05-05,SKU0076,65,154,13.0,142
2025-05-12,SKU0076,0,154,13.0,142
2025-05-19,SKU0076,63,164,13.0,142
2025-05-26,SKU0076,0,164,13.0,142
2025-06-02,SKU0076,77,144,13.0,142
2025-06-09,SKU0076,0,144,13.0,142
2025-06-16,SKU0076,61,174,13.0,142
2025-06-23,SKU0076,0,174,13.0,142
2025-06-30,SKU0076,97,173,13.0,142
2025-07-07,SKU0076,1,173,13.0,142
2025-07-14,SKU0076,96,0,13.0,142
2025-07-21,SKU0076,18,205,13.0,142
2025-07-28,SKU0076,204,0,13.0,142
2025-08-04,SKU0076,8,176,13.0,142
2025-08-11,SKU0076,0,176,13.0,142
2025-08-18,SKU0076,124,154,13.0,142
2025-08-25,SKU0076,22,154,13.0,142
2025-09-01,SKU0076,121,149,13.0,142
2025-09-08,SKU0076,13,149,13.0,142
2025-09-15,SKU0076,65,150,13.0,142
2025-09-22,SKU0076,0,150,13.0,142
2025-09-29,SKU0076,79,143,13.0,142
2025-10-06,SKU0076,0,143,13.0,142
2025-10-13,SKU0076,27,155,13.0,142
2025-10-20,SKU0076,0,155,13.0,142
2025-10-27,SKU0076,17,169,13.0,142
2025-11-03,SKU0076,0,169,13.0,142
2025-11-10,SKU0076,26,156,13.0,142
2025-11-17,SKU0076,0,156,13.0,142
2025-11-24,SKU0076,0,147,13.0,142
2025-12-01,SKU0076,108,170,13.0,142
2025-12-08,SKU0076,0,170,13.0,142
2025-12-15,SKU0076,110,142,13.0,142
2025-12-22,SKU0076,0,142,13.0,142
2025-12-29,SKU0076,73,170,13.0,142
2024-01-01,SKU0077,882,0,29.0,744
2024-01-08,SKU0077,698,414,29.0,744
2024-01-15,SKU0077,513,414,29.0,744
2024-01-22,SKU0077,329,783,29.0,744
2024-01-29,SKU0077,145,783,29.0,744
2024-02-05,SKU0077,0,783,29.0,744
2024-02-12,SKU0077,230,777,29.0,744
2024-02-19,SKU0077,46,777,29.0,744
2024-02-26,SKU0077,231,776,29.0,744
2024-03-04,SKU0077,46,776,29.0,744
2024-03-11,SKU0077,303,757,29.0,744
2024-03-18,SKU0077,119,757,29.0,744
2024-03-25,SKU0077,302,783,29.0,744
2024-04-01,SKU0077,118,783,29.0,744
2024-04-08,SKU0077,336,776,29.0,744
2024-04-15,SKU0077,152,776,29.0,744
2024-04-22,SKU0077,368,382,29.0,744
2024-04-29,SKU0077,184,771,29.0,744
2024-05-06,SKU0077,0,771,29.0,744
2024-05-13,SKU0077,198,783,29.0,744
2024-05-20,SKU0077,14,783,29.0,744
2024-05-27,SKU0077,231,776,29.0,744
2024-06-03,SKU0077,47,776,29.0,744
2024-06-10,SKU0077,262,771,29.0,744
2024-06-17,SKU0077,78,771,29.0,744
2024-06-24,SKU0077,277,783,29.0,744
2024-07-01,SKU0077,93,783,29.0,744
2024-07-08,SKU0077,310,776,29.0,744
2024-07-15,SKU0077,126,776,29.0,744
2024-07-22,SKU0077,341,771,29.0,744
2024-07-29,SKU0077,157,771,29.0,744
2024-08-05,SKU0077,356,389,29.0,744
2024-08-12,SKU0077,172,783,29.0,744
2024-08-19,SKU0077,0,783,29.0,744
2024-08-26,SKU0077,205,776,29.0,744
2024-09-02,SKU0077,21,776,29.0,744
2024-09-09,SKU0077,236,771,29.0,744
2024-09-16,SKU0077,52,771,29.0,744
2024-09-23,SKU0077,250,783,29.0,744
2024-09-30,SKU0077,66,783,29.0,744
2024-10-07,SKU0077,284,776,29.0,744
2024-10-14,SKU0077,100,776,29.0,744
2024-10-21,SKU0077,315,771,29.0,744
2024-10-28,SKU0077,131,771,29.0,744
2024-11-04,SKU0077,329,783,29.0,744
2024-11-11,SKU0077,145,783,29.0,744
2024-11-18,SKU0077,363,394,29.0,744
2024-11-25,SKU0077,179,776,29.0,744
2024-12-02,SKU0077,0,776,29.0,744
2024-12-09,SKU0077,210,771,29.0,744
2024-12-16,SKU0077,26,771,29.0,744
2024-12-23,SKU0077,224,783,29.0,744
2024-12-30,SKU0077,40,783,29.0,744
2025-01-06,SKU0077,257,776,29.0,744
2025-01-13,SKU0077,73,776,29.0,744
2025-01-20,SKU0077,289,771,29.0,744
2025-01-27,SKU0077,105,771,29.0,744
2025-02-03,SKU0077,303,783,29.0,744
2025-02-10,SKU0077,105,783,29.0,744
2025-02-17,SKU0077,329,783,29.0,744
2025-02-24,SKU0077,122,783,29.0,744
2025-03-03,SKU0077,370,389,29.0,744
2025-03-10,SKU0077,197,765,29.0,744
2025-03-17,SKU0077,45,765,29.0,744
2025-03-24,SKU0077,249,801,29.0,744
2025-03-31,SKU0077,42,801,29.0,744
2025-04-07,SKU0077,238,850,29.0,744
2025-04-14,SKU0077,44,850,29.0,744
2025-04-21,SKU0077,389,425,29.0,744
2025-04-28,SKU0077,233,817,29.0,744
2025-05-05,SKU0077,498,392,29.0,744
2025-05-12,SKU0077,297,788,29.0,744
2025-05-19,SKU0077,155,788,29.0,744
2025-05-26,SKU0077,389,396,29.0,744
2025-06-02,SKU0077,192,778,29.0,744
2025-06-09,SKU0077,444,382,29.0,744
2025-06-16,SKU0077,293,778,29.0,744
2025-06-23,SKU0077,141,778,29.0,744
2025-06-30,SKU0077,386,396,29.0,744
2025-07-07,SKU0077,243,783,29.0,744
2025-07-14,SKU0077,523,387,29.0,744
2025-07-21,SKU0077,354,758,29.0,744
2025-07-28,SKU0077,187,758,29.0,744
2025-08-04,SKU0077,376,371,29.0,744
2025-08-11,SKU0077,114,806,29.0,744
2025-08-18,SKU0077,0,806,29.0,744
2025-08-25,SKU0077,238,856,29.0,744
2025-09-01,SKU0077,100,856,29.0,744
2025-09-08,SKU0077,388,421,29.0,744
2025-09-15,SKU0077,248,800,29.0,744
2025-09-22,SKU0077,514,379,29.0,744
2025-09-29,SKU0077,371,379,29.0,744
2025-10-06,SKU0077,158,758,29.0,744
2025-10-13,SKU0077,349,763,29.0,744
2025-10-20,SKU0077,0,763,29.0,744
2025-10-27,SKU0077,0,763,29.0,744
2025-11-03,SKU0077,223,773,29.0,744
2025-11-10,SKU0077,0,773,29.0,744
2025-11-17,SKU0077,221,766,29.0,744
2025-11-24,SKU0077,40,766,29.0,744
2025-12-01,SKU0077,159,779,29.0,744
2025-12-08,SKU0077,0,779,29.0,744
2025-12-15,SKU0077,266,775,29.0,744
2025-12-22,SKU0077,74,775,29.0,744
2025-12-29,SKU0077,287,755,29.0,744
2024-01-01,SKU0078,335,0,11.0,256
2024-01-08,SKU0078,52,290,11.0,256
2024-01-15,SKU0078,209,335,11.0,256
2024-01-22,SKU0078,0,335,11.0,256
2024-01-29,SKU0078,174,290,11.0,256
2024-02-05,SKU0078,0,290,11.0,256
2024-02-12,SKU0078,17,294,11.0,256
2024-02-19,SKU0078,215,295,11.0,256
2024-02-26,SKU0078,0,295,11.0,256
2024-03-04,SKU0078,189,334,11.0,256
2024-03-11,SKU0078,0,334,11.0,256
2024-03-18,SKU0078,142,325,11.0,256
2024-03-25,SKU0078,0,325,11.0,256
2024-04-01,SKU0078,122,309,11.0,256
2024-04-08,SKU0078,0,309,11.0,256
2024-04-15,SKU0078,87,290,11.0,256
2024-04-22,SKU0078,243,301,11.0,256
2024-04-29,SKU0078,2,301,11.0,256
2024-05-06,SKU0078,155,289,11.0,256
2024-05-13,SKU0078,0,289,11.0,256
2024-05-20,SKU0078,25,294,11.0,256
2024-05-27,SKU0078,218,326,11.0,256
2024-06-03,SKU0078,0,326,11.0,256
2024-06-10,SKU0078,172,327,11.0,256
2024-06-17,SKU0078,0,327,11.0,256
2024-06-24,SKU0078,116,308,11.0,256
2024-07-01,SKU0078,0,308,11.0,256
2024-07-08,SKU0078,86,312,11.0,256
2024-07-15,SKU0078,281,0,11.0,256
2024-07-22,SKU0078,74,298,11.0,256
2024-07-29,SKU0078,206,304,11.0,256
2024-08-05,SKU0078,0,304,11.0,256
2024-08-12,SKU0078,55,291,11.0,256
2024-08-19,SKU0078,272,0,11.0,256
2024-08-26,SKU0078,117,300,11.0,256
2024-09-02,SKU0078,161,327,11.0,256
2024-09-09,SKU0078,0,327,11.0,256
2024-09-16,SKU0078,161,322,11.0,256
2024-09-23,SKU0078,0,322,11.0,256
2024-09-30,SKU0078,124,291,11.0,256
2024-10-07,SKU0078,263,0,11.0,256
2024-10-14,SKU0078,20,302,11.0,256
2024-10-21,SKU0078,65,326,11.0,256
2024-10-28,SKU0078,0,326,11.0,256
2024-11-04,SKU0078,47,311,11.0,256
2024-11-11,SKU0078,278,0,11.0,256
2024-11-18,SKU0078,28,378,11.0,256
2024-11-25,SKU0078,297,0,11.0,256
2024-12-02,SKU0078,0,373,11.0,256
2024-12-09,SKU0078,269,0,11.0,256
2024-12-16,SKU0078,0,310,11.0,256
2024-12-23,SKU0078,44,329,11.0,256
2024-12-30,SKU0078,0,329,11.0,256
2025-01-06,SKU0078,0,289,11.0,256
2025-01-13,SKU0078,221,299,11.0,256
2025-01-20,SKU0078,0,299,11.0,256
2025-01-27,SKU0078,65,290,11.0,256
2025-02-03,SKU0078,241,0,11.0,256
2025-02-10,SKU0078,0,335,11.0,256
2025-02-17,SKU0078,118,309,11.0,256
2025-02-24,SKU0078,0,309,11.0,256
2025-03-03,SKU0078,76,312,11.0,256
2025-03-10,SKU0078,292,0,11.0,256
2025-03-17,SKU0078,74,299,11.0,256
2025-03-24,SKU0078,254,290,11.0,256
2025-03-31,SKU0078,27,290,11.0,256
2025-04-07,SKU0078,179,312,11.0,256
2025-04-14,SKU0078,0,312,11.0,256
2025-04-21,SKU0078,117,330,11.0,256
2025-04-28,SKU0078,277,0,11.0,256
2025-05-05,SKU0078,79,289,11.0,256
2025-05-12,SKU0078,179,303,11.0,256
2025-05-19,SKU0078,0,303,11.0,256
2025-05-26,SKU0078,156,291,11.0,256
2025-06-02,SKU0078,0,291,11.0,256
2025-06-09,SKU0078,75,314,11.0,256
2025-06-16,SKU0078,225,319,11.0,256
2025-06-23,SKU0078,1,319,11.0,256
2025-06-30,SKU0078,160,304,11.0,256
2025-07-07,SKU0078,5,304,11.0,256
2025-07-14,SKU0078,149,299,11.0,256
2025-07-21,SKU0078,282,0,11.0,256
2025-07-28,SKU0078,29,316,11.0,256
2025-08-04,SKU0078,154,330,11.0,256
2025-08-11,SKU0078,0,330,11.0,256
2025-08-18,SKU0078,84,368,11.0,256
2025-08-25,SKU0078,0,368,11.0,256
2025-09-01,SKU0078,201,309,11.0,256
2025-09-08,SKU0078,0,309,11.0,256
2025-09-15,SKU0078,118,307,11.0,256
2025-09-22,SKU0078,0,307,11.0,256
2025-09-29,SKU0078,29,314,11.0,256
2025-10-06,SKU0078,235,309,11.0,256
2025-10-13,SKU0078,0,309,11.0,256
2025-10-20,SKU0078,6,299,11.0,256
2025-10-27,SKU0078,0,299,11.0,256
2025-11-03,SKU0078,26,321,11.0,256
2025-11-10,SKU0078,242,0,11.0,256
2025-11-17,SKU0078,0,333,11.0,256
2025-11-24,SKU0078,177,319,11.0,256
2025-12-01,SKU0078,0,319,11.0,256
2025-12-08,SKU0078,109,289,11.0,256
2025-12-15,SKU0078,244,300,11.0,256
2025-12-22,SKU0078,0,300,11.0,256
2025-12-29,SKU0078,85,398,11.0,256
2024-01-01,SKU0079,659,0,21.0,572
2024-01-08,SKU0079,404,389,21.0,572
2024-01-15,SKU0079,149,389,21.0,572
2024-01-22,SKU0079,0,825,21.0,572
2024-01-29,SKU0079,207,436,21.0,572
2024-02-05,SKU0079,0,840,21.0,572
2024-02-12,SKU0079,181,404,21.0,572
2024-02-19,SKU0079,0,793,21.0,572
2024-02-26,SKU0079,222,389,21.0,572
2024-03-04,SKU0079,0,789,21.0,572
2024-03-11,SKU0079,134,767,21.0,572
2024-03-18,SKU0079,0,767,21.0,572
2024-03-25,SKU0079,182,756,21.0,572
2024-04-01,SKU0079,294,389,21.0,572
2024-04-08,SKU0079,39,789,21.0,572
2024-04-15,SKU0079,353,400,21.0,572
2024-04-22,SKU0079,98,767,21.0,572
2024-04-29,SKU0079,254,367,21.0,572
2024-05-06,SKU0079,0,756,21.0,572
2024-05-13,SKU0079,258,389,21.0,572
2024-05-20,SKU0079,3,789,21.0,572
2024-05-27,SKU0079,171,767,21.0,572
2024-06-03,SKU0079,0,767,21.0,572
2024-06-10,SKU0079,218,367,21.0,572
2024-06-17,SKU0079,331,389,21.0,572
2024-06-24,SKU0079,76,789,21.0,572
2024-07-01,SKU0079,0,789,21.0,572
2024-07-08,SKU0079,134,767,21.0,572
2024-07-15,SKU0079,291,367,21.0,572
2024-07-22,SKU0079,36,756,21.0,572
2024-07-29,SKU0079,294,389,21.0,572
2024-08-05,SKU0079,39,826,21.0,572
2024-08-12,SKU0079,207,437,21.0,572
2024-08-19,SKU0079,0,804,21.0,572
2024-08-26,SKU0079,328,367,21.0,572
2024-09-02,SKU0079,73,756,21.0,572
2024-09-09,SKU0079,185,389,21.0,572
2024-09-16,SKU0079,0,789,21.0,572
2024-09-23,SKU0079,243,400,21.0,572
2024-09-30,SKU0079,0,767,21.0,572
2024-10-07,SKU0079,145,756,21.0,572
2024-10-14,SKU0079,0,756,21.0,572
2024-10-21,SKU0079,149,789,21.0,572
2024-10-28,SKU0079,316,400,21.0,572
2024-11-04,SKU0079,61,804,21.0,572
2024-11-11,SKU0079,364,404,21.0,572
2024-11-18,SKU0079,109,793,21.0,572
2024-11-25,SKU0079,295,389,21.0,572
2024-12-02,SKU0079,40,789,21.0,572
2024-12-09,SKU0079,316,400,21.0,572
2024-12-16,SKU0079,61,804,21.0,572
2024-12-23,SKU0079,254,404,21.0,572
2024-12-30,SKU0079,0,793,21.0,572
2025-01-06,SKU0079,197,389,21.0,572
2025-01-13,SKU0079,0,811,21.0,572
2025-01-20,SKU0079,204,422,21.0,572
2025-01-27,SKU0079,0,801,21.0,572
2025-02-03,SKU0079,133,784,21.0,572
2025-02-10,SKU0079,0,784,21.0,572
2025-02-17,SKU0079,152,772,21.0,572
2025-02-24,SKU0079,311,367,21.0,572
2025-03-03,SKU0079,106,741,21.0,572
2025-03-10,SKU0079,293,374,21.0,572
2025-03-17,SKU0079,87,775,21.0,572
2025-03-24,SKU0079,259,401,21.0,572
2025-03-31,SKU0079,52,838,21.0,572
2025-04-07,SKU0079,301,437,21.0,572
2025-04-14,SKU0079,62,814,21.0,572
2025-04-21,SKU0079,385,377,21.0,572
2025-04-28,SKU0079,162,745,21.0,572
2025-05-05,SKU0079,313,368,21.0,572
2025-05-12,SKU0079,81,806,21.0,572
2025-05-19,SKU0079,314,438,21.0,572
2025-05-26,SKU0079,69,830,21.0,572
2025-06-02,SKU0079,333,392,21.0,572
2025-06-09,SKU0079,37,771,21.0,572
2025-06-16,SKU0079,302,379,21.0,572
2025-06-23,SKU0079,103,379,21.0,572
2025-06-30,SKU0079,243,487,21.0,572
2025-07-07,SKU0079,13,896,21.0,572
2025-07-14,SKU0079,0,896,21.0,572
2025-07-21,SKU0079,265,409,21.0,572
2025-07-28,SKU0079,420,401,21.0,572
2025-08-04,SKU0079,87,802,21.0,572
2025-08-11,SKU0079,0,802,21.0,572
2025-08-18,SKU0079,287,401,21.0,572
2025-08-25,SKU0079,472,395,21.0,572
2025-09-01,SKU0079,264,395,21.0,572
2025-09-08,SKU0079,48,767,21.0,572
2025-09-15,SKU0079,279,372,21.0,572
2025-09-22,SKU0079,139,740,21.0,572
2025-09-29,SKU0079,268,368,21.0,572
2025-10-06,SKU0079,0,813,21.0,572
2025-10-13,SKU0079,224,445,21.0,572
2025-10-20,SKU0079,0,832,21.0,572
2025-10-27,SKU0079,199,387,21.0,572
2025-11-03,SKU0079,0,777,21.0,572
2025-11-10,SKU0079,200,390,21.0,572
2025-11-17,SKU0079,0,788,21.0,572
2025-11-24,SKU0079,164,774,21.0,572
2025-12-01,SKU0079,0,774,21.0,572
2025-12-08,SKU0079,44,812,21.0,572
2025-12-15,SKU0079,370,436,21.0,572
2025-12-22,SKU0079,160,436,21.0,572
2025-12-29,SKU0079,394,376,21.0,572
2024-01-01,SKU0080,100,0,15.0,102
2024-01-08,SKU0080,29,99,15.0,102
2024-01-15,SKU0080,0,189,15.0,102
2024-01-22,SKU0080,38,90,15.0,102
2024-01-29,SKU0080,80,91,15.0,102
2024-02-05,SKU0080,9,91,15.0,102
2024-02-12,SKU0080,51,98,15.0,102
2024-02-19,SKU0080,0,189,15.0,102
2024-02-26,SKU0080,47,91,15.0,102
2024-03-04,SKU0080,71,91,15.0,102
2024-03-11,SKU0080,0,179,15.0,102
2024-03-18,SKU0080,61,88,15.0,102
2024-03-25,SKU0080,78,111,15.0,102
2024-04-01,SKU0080,7,111,15.0,102
2024-04-08,SKU0080,0,111,15.0,102
2024-04-15,SKU0080,40,98,15.0,102
2024-04-22,SKU0080,0,189,15.0,102
2024-04-29,SKU0080,47,91,15.0,102
2024-05-06,SKU0080,68,91,15.0,102
2024-05-13,SKU0080,0,182,15.0,102
2024-05-20,SKU0080,61,91,15.0,102
2024-05-27,SKU0080,81,88,15.0,102
2024-06-03,SKU0080,10,179,15.0,102
2024-06-10,SKU0080,68,91,15.0,102
2024-06-17,SKU0080,0,189,15.0,102
2024-06-24,SKU0080,20,98,15.0,102
2024-07-01,SKU0080,0,189,15.0,102
2024-07-08,SKU0080,27,91,15.0,102
2024-07-15,SKU0080,51,91,15.0,102
2024-07-22,SKU0080,0,179,15.0,102
2024-07-29,SKU0080,40,88,15.0,102
2024-08-05,SKU0080,58,101,15.0,102
2024-08-12,SKU0080,0,189,15.0,102
2024-08-19,SKU0080,71,88,15.0,102
2024-08-26,SKU0080,88,91,15.0,102
2024-09-02,SKU0080,17,91,15.0,102
2024-09-09,SKU0080,81,98,15.0,102
2024-09-16,SKU0080,10,98,15.0,102
2024-09-23,SKU0080,47,91,15.0,102
2024-09-30,SKU0080,0,182,15.0,102
2024-10-07,SKU0080,30,91,15.0,102
2024-10-14,SKU0080,61,88,15.0,102
2024-10-21,SKU0080,0,179,15.0,102
2024-10-28,SKU0080,37,91,15.0,102
2024-11-04,SKU0080,71,91,15.0,102
2024-11-11,SKU0080,0,189,15.0,102
2024-11-18,SKU0080,51,98,15.0,102
2024-11-25,SKU0080,0,189,15.0,102
2024-12-02,SKU0080,27,91,15.0,102
2024-12-09,SKU0080,71,98,15.0,102
2024-12-16,SKU0080,0,189,15.0,102
2024-12-23,SKU0080,20,91,15.0,102
2024-12-30,SKU0080,0,189,15.0,102
2025-01-06,SKU0080,0,187,15.0,102
2025-01-13,SKU0080,28,89,15.0,102
2025-01-20,SKU0080,60,92,15.0,102
2025-01-27,SKU0080,0,180,15.0,102
2025-02-03,SKU0080,42,88,15.0,102
2025-02-10,SKU0080,62,99,15.0,102
2025-02-17,SKU0080,0,189,15.0,102
2025-02-24,SKU0080,75,90,15.0,102
2025-03-03,SKU0080,12,90,15.0,102
2025-03-10,SKU0080,42,95,15.0,102
2025-03-17,SKU0080,0,189,15.0,102
2025-03-24,SKU0080,35,94,15.0,102
2025-03-31,SKU0080,83,0,15.0,102
2025-04-07,SKU0080,10,121,15.0,102
2025-04-14,SKU0080,0,121,15.0,102
2025-04-21,SKU0080,67,93,15.0,102
2025-04-28,SKU0080,15,93,15.0,102
2025-05-05,SKU0080,72,94,15.0,102
2025-05-12,SKU0080,19,94,15.0,102
2025-05-19,SKU0080,58,90,15.0,102
2025-05-26,SKU0080,0,181,15.0,102
2025-06-02,SKU0080,43,91,15.0,102
2025-06-09,SKU0080,84,0,15.0,102
2025-06-16,SKU0080,28,111,15.0,102
2025-06-23,SKU0080,0,111,15.0,102
2025-06-30,SKU0080,72,90,15.0,102
2025-07-07,SKU0080,24,90,15.0,102
2025-07-14,SKU0080,68,88,15.0,102
2025-07-21,SKU0080,18,88,15.0,102
2025-07-28,SKU0080,46,91,15.0,102
2025-08-04,SKU0080,0,187,15.0,102
2025-08-11,SKU0080,6,96,15.0,102
2025-08-18,SKU0080,80,93,15.0,102
2025-08-25,SKU0080,38,93,15.0,102
2025-09-01,SKU0080,87,88,15.0,102
2025-09-08,SKU0080,32,88,15.0,102
2025-09-15,SKU0080,73,88,15.0,102
2025-09-22,SKU0080,16,88,15.0,102
2025-09-29,SKU0080,53,89,15.0,102
2025-10-06,SKU0080,0,189,15.0,102
2025-10-13,SKU0080,26,100,15.0,102
2025-10-20,SKU0080,54,89,15.0,102
2025-10-27,SKU0080,0,182,15.0,102
2025-11-03,SKU0080,36,93,15.0,102
2025-11-10,SKU0080,45,106,15.0,102
2025-11-17,SKU0080,0,106,15.0,102
2025-11-24,SKU0080,71,99,15.0,102
2025-12-01,SKU0080,0,189,15.0,102
2025-12-08,SKU0080,77,90,15.0,102
2025-12-15,SKU0080,87,88,15.0,102
2025-12-22,SKU0080,19,88,15.0,102
2025-12-29,SKU0080,73,99,15.0,102
2024-01-01,SKU0081,274,0,11.0,167
2024-01-08,SKU0081,163,191,11.0,167
2024-01-15,SKU0081,52,191,11.0,167
2024-01-22,SKU0081,132,206,11.0,167
2024-01-29,SKU0081,21,206,11.0,167
2024-02-05,SKU0081,127,196,11.0,167
2024-02-12,SKU0081,16,196,11.0,167
2024-02-19,SKU0081,101,190,11.0,167
2024-02-26,SKU0081,180,0,11.0,167
2024-03-04,SKU0081,69,190,11.0,167
2024-03-11,SKU0081,148,190,11.0,167
2024-03-18,SKU0081,37,190,11.0,167
2024-03-25,SKU0081,116,190,11.0,167
2024-04-01,SKU0081,5,190,11.0,167
2024-04-08,SKU0081,84,206,11.0,167
2024-04-15,SKU0081,190,0,11.0,167
2024-04-22,SKU0081,79,196,11.0,167
2024-04-29,SKU0081,164,190,11.0,167
2024-05-06,SKU0081,53,190,11.0,167
2024-05-13,SKU0081,132,222,11.0,167
2024-05-20,SKU0081,22,222,11.0,167
2024-05-27,SKU0081,159,195,11.0,167
2024-06-03,SKU0081,48,195,11.0,167
2024-06-10,SKU0081,132,191,11.0,167
2024-06-17,SKU0081,21,191,11.0,167
2024-06-24,SKU0081,101,190,11.0,167
2024-07-01,SKU0081,180,0,11.0,167
2024-07-08,SKU0081,69,206,11.0,167
2024-07-15,SKU0081,174,0,11.0,167
2024-07-22,SKU0081,63,196,11.0,167
2024-07-29,SKU0081,148,190,11.0,167
2024-08-05,SKU0081,38,190,11.0,167
2024-08-12,SKU0081,117,190,11.0,167
2024-08-19,SKU0081,6,190,11.0,167
2024-08-26,SKU0081,85,190,11.0,167
2024-09-02,SKU0081,164,0,11.0,167
2024-09-09,SKU0081,53,222,11.0,167
2024-09-16,SKU0081,190,0,11.0,167
2024-09-23,SKU0081,79,227,11.0,167
2024-09-30,SKU0081,0,227,11.0,167
2024-10-07,SKU0081,116,238,11.0,167
2024-10-14,SKU0081,5,238,11.0,167
2024-10-21,SKU0081,175,0,11.0,167
2024-10-28,SKU0081,64,195,11.0,167
2024-11-04,SKU0081,148,190,11.0,167
2024-11-11,SKU0081,37,190,11.0,167
2024-11-18,SKU0081,116,222,11.0,167
2024-11-25,SKU0081,5,222,11.0,167
2024-12-02,SKU0081,143,211,11.0,167
2024-12-09,SKU0081,32,211,11.0,167
2024-12-16,SKU0081,69,197,11.0,167
2024-12-23,SKU0081,0,197,11.0,167
2024-12-30,SKU0081,43,207,11.0,167
2025-01-06,SKU0081,170,0,11.0,167
2025-01-13,SKU0081,0,220,11.0,167
2025-01-20,SKU0081,162,192,11.0,167
2025-01-27,SKU0081,0,192,11.0,167
2025-02-03,SKU0081,91,213,11.0,167
2025-02-10,SKU0081,0,213,11.0,167
2025-02-17,SKU0081,89,194,11.0,167
2025-02-24,SKU0081,0,194,11.0,167
2025-03-03,SKU0081,60,206,11.0,167
2025-03-10,SKU0081,170,0,11.0,167
2025-03-17,SKU0081,40,201,11.0,167
2025-03-24,SKU0081,165,0,11.0,167
2025-03-31,SKU0081,74,192,11.0,167
2025-04-07,SKU0081,164,0,11.0,167
2025-04-14,SKU0081,56,223,11.0,167
2025-04-21,SKU0081,186,0,11.0,167
2025-04-28,SKU0081,77,192,11.0,167
2025-05-05,SKU0081,174,0,11.0,167
2025-05-12,SKU0081,26,202,11.0,167
2025-05-19,SKU0081,151,203,11.0,167
2025-05-26,SKU0081,13,203,11.0,167
2025-06-02,SKU0081,134,190,11.0,167
2025-06-09,SKU0081,0,190,11.0,167
2025-06-16,SKU0081,95,200,11.0,167
2025-06-23,SKU0081,178,0,11.0,167
2025-06-30,SKU0081,55,194,11.0,167
2025-07-07,SKU0081,131,209,11.0,167
2025-07-14,SKU0081,37,209,11.0,167
2025-07-21,SKU0081,142,212,11.0,167
2025-07-28,SKU0081,35,212,11.0,167
2025-08-04,SKU0081,72,213,11.0,167
2025-08-11,SKU0081,0,213,11.0,167
2025-08-18,SKU0081,121,218,11.0,167
2025-08-25,SKU0081,18,218,11.0,167
2025-09-01,SKU0081,173,0,11.0,167
2025-09-08,SKU0081,123,189,11.0,167
2025-09-15,SKU0081,246,0,11.0,167
2025-09-22,SKU0081,191,0,11.0,167
2025-09-29,SKU0081,129,192,11.0,167
2025-10-06,SKU0081,263,0,11.0,167
2025-10-13,SKU0081,209,0,11.0,167
2025-10-20,SKU0081,131,189,11.0,167
2025-10-27,SKU0081,73,189,11.0,167
2025-11-03,SKU0081,227,0,11.0,167
2025-11-10,SKU0081,191,0,11.0,167
2025-11-17,SKU0081,164,188,11.0,167
2025-11-24,SKU0081,140,188,11.0,167
2025-12-01,SKU0081,282,0,11.0,167
2025-12-08,SKU0081,256,0,11.0,167
2025-12-15,SKU0081,240,0,11.0,167
2025-12-22,SKU0081,224,0,11.0,167
2025-12-29,SKU0081,209,0,11.0,167
2024-01-01,SKU0082,481,391,16.0,483
2024-01-08,SKU0082,292,391,16.0,483
2024-01-15,SKU0082,103,391,16.0,483
2024-01-22,SKU0082,306,404,16.0,483
2024-01-29,SKU0082,117,404,16.0,483
2024-02-05,SKU0082,332,405,16.0,483
2024-02-12,SKU0082,143,405,16.0,483
2024-02-19,SKU0082,360,404,16.0,483
2024-02-26,SKU0082,171,404,16.0,483
2024-03-04,SKU0082,386,405,16.0,483
2024-03-11,SKU0082,197,405,16.0,483
2024-03-18,SKU0082,414,404,16.0,483
2024-03-25,SKU0082,225,404,16.0,483
2024-04-01,SKU0082,440,405,16.0,483
2024-04-08,SKU0082,251,405,16.0,483
2024-04-15,SKU0082,63,809,16.0,483
2024-04-22,SKU0082,279,404,16.0,483
2024-04-29,SKU0082,90,404,16.0,483
2024-05-06,SKU0082,305,405,16.0,483
2024-05-13,SKU0082,116,405,16.0,483
2024-05-20,SKU0082,333,404,16.0,483
2024-05-27,SKU0082,144,404,16.0,483
2024-06-03,SKU0082,359,405,16.0,483
2024-06-10,SKU0082,170,405,16.0,483
2024-06-17,SKU0082,387,404,16.0,483
2024-06-24,SKU0082,198,404,16.0,483
2024-07-01,SKU0082,413,405,16.0,483
2024-07-08,SKU0082,224,405,16.0,483
2024-07-15,SKU0082,441,405,16.0,483
2024-07-22,SKU0082,252,405,16.0,483
2024-07-29,SKU0082,63,809,16.0,483
2024-08-05,SKU0082,279,404,16.0,483
2024-08-12,SKU0082,90,404,16.0,483
2024-08-19,SKU0082,306,405,16.0,483
2024-08-26,SKU0082,117,405,16.0,483
2024-09-02,SKU0082,333,404,16.0,483
2024-09-09,SKU0082,144,404,16.0,483
2024-09-16,SKU0082,360,405,16.0,483
2024-09-23,SKU0082,171,405,16.0,483
2024-09-30,SKU0082,387,404,16.0,483
2024-10-07,SKU0082,198,404,16.0,483
2024-10-14,SKU0082,414,405,16.0,483
2024-10-21,SKU0082,225,405,16.0,483
2024-10-28,SKU0082,441,404,16.0,483
2024-11-04,SKU0082,252,404,16.0,483
2024-11-11,SKU0082,63,809,16.0,483
2024-11-18,SKU0082,279,405,16.0,483
2024-11-25,SKU0082,90,405,16.0,483
2024-12-02,SKU0082,306,404,16.0,483
2024-12-09,SKU0082,117,404,16.0,483
2024-12-16,SKU0082,333,405,16.0,483
2024-12-23,SKU0082,144,405,16.0,483
2024-12-30,SKU0082,360,404,16.0,483
2025-01-06,SKU0082,171,404,16.0,483
2025-01-13,SKU0082,387,405,16.0,483
2025-01-20,SKU0082,198,405,16.0,483
2025-01-27,SKU0082,414,404,16.0,483
2025-02-03,SKU0082,222,404,16.0,483
2025-02-10,SKU0082,408,439,16.0,483
2025-02-17,SKU0082,227,439,16.0,483
2025-02-24,SKU0082,43,829,16.0,483
2025-03-03,SKU0082,303,390,16.0,483
2025-03-10,SKU0082,120,390,16.0,483
2025-03-17,SKU0082,362,407,16.0,483
2025-03-24,SKU0082,171,407,16.0,483
2025-03-31,SKU0082,369,399,16.0,483
2025-04-07,SKU0082,214,399,16.0,483
2025-04-14,SKU0082,443,397,16.0,483
2025-04-21,SKU0082,304,397,16.0,483
2025-04-28,SKU0082,535,0,16.0,483
2025-05-05,SKU0082,364,408,16.0,483
2025-05-12,SKU0082,198,408,16.0,483
2025-05-19,SKU0082,443,393,16.0,483
2025-05-26,SKU0082,260,393,16.0,483
2025-06-02,SKU0082,495,0,16.0,483
2025-06-09,SKU0082,353,401,16.0,483
2025-06-16,SKU0082,191,401,16.0,483
2025-06-23,SKU0082,436,415,16.0,483
2025-06-30,SKU0082,320,415,16.0,483
2025-07-07,SKU0082,171,415,16.0,483
2025-07-14,SKU0082,405,467,16.0,483
2025-07-21,SKU0082,251,467,16.0,483
2025-07-28,SKU0082,125,467,16.0,483
2025-08-04,SKU0082,363,509,16.0,483
2025-08-11,SKU0082,114,509,16.0,483
2025-08-18,SKU0082,0,509,16.0,483
2025-08-25,SKU0082,389,409,16.0,483
2025-09-01,SKU0082,241,409,16.0,483
2025-09-08,SKU0082,453,419,16.0,483
2025-09-15,SKU0082,330,419,16.0,483
2025-09-22,SKU0082,169,419,16.0,483
2025-09-29,SKU0082,434,391,16.0,483
2025-10-06,SKU0082,236,391,16.0,483
2025-10-13,SKU0082,400,402,16.0,483
2025-10-20,SKU0082,57,815,16.0,483
2025-10-27,SKU0082,381,413,16.0,483
2025-11-03,SKU0082,201,413,16.0,483
2025-11-10,SKU0082,405,405,16.0,483
2025-11-17,SKU0082,226,405,16.0,483
2025-11-24,SKU0082,417,398,16.0,483
2025-12-01,SKU0082,53,819,16.0,483
2025-12-08,SKU0082,358,421,16.0,483
2025-12-15,SKU0082,144,421,16.0,483
2025-12-22,SKU0082,360,411,16.0,483
2025-12-29,SKU0082,155,411,16.0,483
2024-01-01,SKU0083,722,0,23.0,733
2024-01-08,SKU0083,404,492,23.0,733
2024-01-15,SKU0083,86,991,23.0,733
2024-01-22,SKU0083,0,991,23.0,733
2024-01-29,SKU0083,265,499,23.0,733
2024-02-05,SKU0083,454,540,23.0,733
2024-02-12,SKU0083,136,540,23.0,733
2024-02-19,SKU0083,0,1168,23.0,733
2024-02-26,SKU0083,404,628,23.0,733
2024-03-04,SKU0083,86,1082,23.0,733
2024-03-11,SKU0083,492,454,23.0,733
2024-03-18,SKU0083,174,903,23.0,733
2024-03-25,SKU0083,0,903,23.0,733
2024-04-01,SKU0083,182,449,23.0,733
2024-04-08,SKU0083,404,674,23.0,733
2024-04-15,SKU0083,86,674,23.0,733
2024-04-22,SKU0083,0,1168,23.0,733
2024-04-29,SKU0083,538,494,23.0,733
2024-05-06,SKU0083,220,494,23.0,733
2024-05-13,SKU0083,396,772,23.0,733
2024-05-20,SKU0083,79,772,23.0,733
2024-05-27,SKU0083,0,772,23.0,733
2024-06-03,SKU0083,0,772,23.0,733
2024-06-10,SKU0083,500,487,23.0,733
2024-06-17,SKU0083,182,986,23.0,733
2024-06-24,SKU0083,0,986,23.0,733
2024-07-01,SKU0083,351,499,23.0,733
2024-07-08,SKU0083,33,1090,23.0,733
2024-07-15,SKU0083,227,591,23.0,733
2024-07-22,SKU0083,0,1032,23.0,733
2024-07-29,SKU0083,0,1032,23.0,733
2024-08-05,SKU0083,273,895,23.0,733
2024-08-12,SKU0083,396,454,23.0,733
2024-08-19,SKU0083,79,1044,23.0,733
2024-08-26,SKU0083,0,1044,23.0,733
2024-09-02,SKU0083,182,590,23.0,733
2024-09-09,SKU0083,0,1032,23.0,733
2024-09-16,SKU0083,272,896,23.0,733
2024-09-23,SKU0083,0,896,23.0,733
2024-09-30,SKU0083,215,454,23.0,733
2024-10-07,SKU0083,0,1044,23.0,733
2024-10-14,SKU0083,182,590,23.0,733
2024-10-21,SKU0083,0,1032,23.0,733
2024-10-28,SKU0083,408,442,23.0,733
2024-11-04,SKU0083,91,1077,23.0,733
2024-11-11,SKU0083,215,635,23.0,733
2024-11-18,SKU0083,0,1168,23.0,733
2024-11-25,SKU0083,0,1168,23.0,733
2024-12-02,SKU0083,363,533,23.0,733
2024-12-09,SKU0083,578,499,23.0,733
2024-12-16,SKU0083,260,499,23.0,733
2024-12-23,SKU0083,0,953,23.0,733
2024-12-30,SKU0083,454,454,23.0,733
2025-01-06,SKU0083,136,454,23.0,733
2025-01-13,SKU0083,272,624,23.0,733
2025-01-20,SKU0083,0,1168,23.0,733
2025-01-27,SKU0083,0,1168,23.0,733
2025-02-03,SKU0083,397,544,23.0,733
2025-02-10,SKU0083,79,1089,23.0,733
2025-02-17,SKU0083,306,545,23.0,733
2025-02-24,SKU0083,0,1044,23.0,733
2025-03-03,SKU0083,0,1044,23.0,733
2025-03-10,SKU0083,273,499,23.0,733
2025-03-17,SKU0083,454,487,23.0,733
2025-03-24,SKU0083,136,941,23.0,733
2025-03-31,SKU0083,0,941,23.0,733
2025-04-07,SKU0083,305,454,23.0,733
2025-04-14,SKU0083,442,454,23.0,733
2025-04-21,SKU0083,124,953,23.0,733
2025-04-28,SKU0083,0,953,23.0,733
2025-05-05,SKU0083,227,499,23.0,733
2025-05-12,SKU0083,454,487,23.0,733
2025-05-19,SKU0083,136,941,23.0,733
2025-05-26,SKU0083,0,941,23.0,733
2025-06-02,SKU0083,260,908,23.0,733
2025-06-09,SKU0083,409,454,23.0,733
2025-06-16,SKU0083,91,941,23.0,733
2025-06-23,SKU0083,0,941,23.0,733
2025-06-30,SKU0083,182,487,23.0,733
2025-07-07,SKU0083,396,590,23.0,733
2025-07-14,SKU0083,78,590,23.0,733
2025-07-21,SKU0083,0,1135,23.0,733
2025-07-28,SKU0083,408,545,23.0,733
2025-08-04,SKU0083,91,545,23.0,733
2025-08-11,SKU0083,318,668,23.0,733
2025-08-18,SKU0083,0,668,23.0,733
2025-08-25,SKU0083,0,1168,23.0,733
2025-09-01,SKU0083,532,500,23.0,733
2025-09-08,SKU0083,214,500,23.0,733
2025-09-15,SKU0083,396,636,23.0,733
2025-09-22,SKU0083,79,636,23.0,733
2025-09-29,SKU0083,0,1135,23.0,733
2025-10-06,SKU0083,545,499,23.0,733
2025-10-13,SKU0083,220,499,23.0,733
2025-10-20,SKU0083,223,0,23.0,733
2025-10-27,SKU0083,0,1109,23.0,733
2025-11-03,SKU0083,0,1109,23.0,733
2025-11-10,SKU0083,0,1109,23.0,733
2025-11-17,SKU0083,1009,0,23.0,733
2025-11-24,SKU0083,648,520,23.0,733
2025-12-01,SKU0083,160,520,23.0,733
2025-12-08,SKU0083,0,1073,23.0,733
2025-12-15,SKU0083,0,1073,23.0,733
2025-12-22,SKU0083,287,553,23.0,733
2025-12-29,SKU0083,582,445,23.0,733
2024-01-01,SKU0084,554,0,12.0,310
2024-01-08,SKU0084,442,0,12.0,310
2024-01-15,SKU0084,330,0,12.0,310
2024-01-22,SKU0084,217,335,12.0,310
2024-01-29,SKU0084,440,0,12.0,310
2024-02-05,SKU0084,328,0,12.0,310
2024-02-12,SKU0084,204,323,12.0,310
2024-02-19,SKU0084,388,0,12.0,310
2024-02-26,SKU0084,292,326,12.0,310
2024-03-04,SKU0084,219,326,12.0,310
2024-03-11,SKU0084,455,0,12.0,310
2024-03-18,SKU0084,359,0,12.0,310
2024-03-25,SKU0084,263,0,12.0,310
2024-04-01,SKU0084,223,374,12.0,310
2024-04-08,SKU0084,506,0,12.0,310
2024-04-15,SKU0084,388,0,12.0,310
2024-04-22,SKU0084,319,0,12.0,310
2024-04-29,SKU0084,198,322,12.0,310
2024-05-06,SKU0084,436,0,12.0,310
2024-05-13,SKU0084,379,0,12.0,310
2024-05-20,SKU0084,272,353,12.0,310
2024-05-27,SKU0084,191,353,12.0,310
2024-06-03,SKU0084,442,0,12.0,310
2024-06-10,SKU0084,351,0,12.0,310
2024-06-17,SKU0084,268,0,12.0,310
2024-06-24,SKU0084,197,366,12.0,310
2024-07-01,SKU0084,469,0,12.0,310
2024-07-08,SKU0084,364,0,12.0,310
2024-07-15,SKU0084,273,328,12.0,310
2024-07-22,SKU0084,202,328,12.0,310
2024-07-29,SKU0084,463,0,12.0,310
2024-08-05,SKU0084,356,0,12.0,310
2024-08-12,SKU0084,230,0,12.0,310
2024-08-19,SKU0084,113,418,12.0,310
2024-08-26,SKU0084,452,0,12.0,310
2024-09-02,SKU0084,367,0,12.0,310
2024-09-09,SKU0084,279,327,12.0,310
2024-09-16,SKU0084,162,327,12.0,310
2024-09-23,SKU0084,442,0,12.0,310
2024-09-30,SKU0084,327,0,12.0,310
2024-10-07,SKU0084,167,329,12.0,310
2024-10-14,SKU0084,400,0,12.0,310
2024-10-21,SKU0084,217,341,12.0,310
2024-10-28,SKU0084,51,341,12.0,310
2024-11-04,SKU0084,233,336,12.0,310
2024-11-11,SKU0084,115,336,12.0,310
2024-11-18,SKU0084,289,343,12.0,310
2024-11-25,SKU0084,171,343,12.0,310
2024-12-02,SKU0084,294,338,12.0,310
2024-12-09,SKU0084,117,338,12.0,310
2024-12-16,SKU0084,344,0,12.0,310
2024-12-23,SKU0084,115,488,12.0,310
2024-12-30,SKU0084,0,488,12.0,310
2025-01-06,SKU0084,370,0,12.0,310
2025-01-13,SKU0084,203,350,12.0,310
2025-01-20,SKU0084,83,350,12.0,310
2025-01-27,SKU0084,303,329,12.0,310
2025-02-03,SKU0084,168,329,12.0,310
2025-02-10,SKU0084,361,0,12.0,310
2025-02-17,SKU0084,226,329,12.0,310
2025-02-24,SKU0084,93,329,12.0,310
2025-03-03,SKU0084,326,0,12.0,310
2025-03-10,SKU0084,252,355,12.0,310
2025-03-17,SKU0084,147,355,12.0,310
2025-03-24,SKU0084,386,0,12.0,310
2025-03-31,SKU0084,297,335,12.0,310
2025-04-07,SKU0084,224,335,12.0,310
2025-04-14,SKU0084,476,0,12.0,310
2025-04-21,SKU0084,333,0,12.0,310
2025-04-28,SKU0084,280,332,12.0,310
2025-05-05,SKU0084,205,332,12.0,310
2025-05-12,SKU0084,412,0,12.0,310
2025-05-19,SKU0084,348,0,12.0,310
2025-05-26,SKU0084,273,327,12.0,310
2025-06-02,SKU0084,151,327,12.0,310
2025-06-09,SKU0084,389,0,12.0,310
2025-06-16,SKU0084,269,351,12.0,310
2025-06-23,SKU0084,168,351,12.0,310
2025-06-30,SKU0084,462,0,12.0,310
2025-07-07,SKU0084,350,0,12.0,310
2025-07-14,SKU0084,294,338,12.0,310
2025-07-21,SKU0084,172,338,12.0,310
2025-07-28,SKU0084,382,0,12.0,310
2025-08-04,SKU0084,244,348,12.0,310
2025-08-11,SKU0084,107,348,12.0,310
2025-08-18,SKU0084,352,0,12.0,310
2025-08-25,SKU0084,222,346,12.0,310
2025-09-01,SKU0084,127,346,12.0,310
2025-09-08,SKU0084,364,0,12.0,310
2025-09-15,SKU0084,275,329,12.0,310
2025-09-22,SKU0084,192,329,12.0,310
2025-09-29,SKU0084,431,0,12.0,310
2025-10-06,SKU0084,297,335,12.0,310
2025-10-13,SKU0084,172,335,12.0,310
2025-10-20,SKU0084,310,0,12.0,310
2025-10-27,SKU0084,155,365,12.0,310
2025-11-03,SKU0084,410,0,12.0,310
2025-11-10,SKU0084,280,0,12.0,310
2025-11-17,SKU0084,164,364,12.0,310
2025-11-24,SKU0084,436,0,12.0,310
2025-12-01,SKU0084,254,323,12.0,310
2025-12-08,SKU0084,116,323,12.0,310
2025-12-15,SKU0084,300,332,12.0,310
2025-12-22,SKU0084,220,332,12.0,310
2025-12-29,SKU0084,458,0,12.0,310
2024-01-01,SKU0085,1454,0,19.0,1231
2024-01-08,SKU0085,1142,901,19.0,1231
2024-01-15,SKU0085,831,901,19.0,1231
2024-01-22,SKU0085,520,901,19.0,1231
2024-01-29,SKU0085,1110,933,19.0,1231
2024-02-05,SKU0085,799,933,19.0,1231
2024-02-12,SKU0085,488,933,19.0,1231
2024-02-19,SKU0085,1110,933,19.0,1231
2024-02-26,SKU0085,799,933,19.0,1231
2024-03-04,SKU0085,488,933,19.0,1231
2024-03-11,SKU0085,1110,0,19.0,1231
2024-03-18,SKU0085,799,1023,19.0,1231
2024-03-25,SKU0085,488,1023,19.0,1231
2024-04-01,SKU0085,1200,888,19.0,1231
2024-04-08,SKU0085,889,888,19.0,1231
2024-04-15,SKU0085,578,888,19.0,1231
2024-04-22,SKU0085,1154,0,19.0,1231
2024-04-29,SKU0085,843,1156,19.0,1231
2024-05-06,SKU0085,532,1156,19.0,1231
2024-05-13,SKU0085,221,1156,19.0,1231
2024-05-20,SKU0085,1066,889,19.0,1231
2024-05-27,SKU0085,755,889,19.0,1231
2024-06-03,SKU0085,444,889,19.0,1231
2024-06-10,SKU0085,1022,1066,19.0,1231
2024-06-17,SKU0085,711,1066,19.0,1231
2024-06-24,SKU0085,400,1066,19.0,1231
2024-07-01,SKU0085,1155,889,19.0,1231
2024-07-08,SKU0085,844,889,19.0,1231
2024-07-15,SKU0085,533,889,19.0,1231
2024-07-22,SKU0085,1111,889,19.0,1231
2024-07-29,SKU0085,799,889,19.0,1231
2024-08-05,SKU0085,488,889,19.0,1231
2024-08-12,SKU0085,1066,888,19.0,1231
2024-08-19,SKU0085,755,888,19.0,1231
2024-08-26,SKU0085,444,888,19.0,1231
2024-09-02,SKU0085,1021,0,19.0,1231
2024-09-09,SKU0085,710,1289,19.0,1231
2024-09-16,SKU0085,399,1289,19.0,1231
2024-09-23,SKU0085,88,1289,19.0,1231
2024-09-30,SKU0085,1067,932,19.0,1231
2024-10-07,SKU0085,756,932,19.0,1231
2024-10-14,SKU0085,445,932,19.0,1231
2024-10-21,SKU0085,1066,889,19.0,1231
2024-10-28,SKU0085,755,889,19.0,1231
2024-11-04,SKU0085,443,889,19.0,1231
2024-11-11,SKU0085,1021,889,19.0,1231
2024-11-18,SKU0085,710,889,19.0,1231
2024-11-25,SKU0085,399,889,19.0,1231
2024-12-02,SKU0085,977,889,19.0,1231
2024-12-09,SKU0085,666,889,19.0,1231
2024-12-16,SKU0085,1244,0,19.0,1231
2024-12-23,SKU0085,933,977,19.0,1231
2024-12-30,SKU0085,622,977,19.0,1231
2025-01-06,SKU0085,311,977,19.0,1231
2025-01-13,SKU0085,977,1111,19.0,1231
2025-01-20,SKU0085,666,1111,19.0,1231
2025-01-27,SKU0085,355,1111,19.0,1231
2025-02-03,SKU0085,1155,933,19.0,1231
2025-02-10,SKU0085,843,933,19.0,1231
2025-02-17,SKU0085,532,933,19.0,1231
2025-02-24,SKU0085,1154,0,19.0,1231
2025-03-03,SKU0085,843,0,19.0,1231
2025-03-10,SKU0085,532,1467,19.0,1231
2025-03-17,SKU0085,221,1467,19.0,1231
2025-03-24,SKU0085,0,1467,19.0,1231
2025-03-31,SKU0085,1245,0,19.0,1231
2025-04-07,SKU0085,934,977,19.0,1231
2025-04-14,SKU0085,623,977,19.0,1231
2025-04-21,SKU0085,312,977,19.0,1231
2025-04-28,SKU0085,978,933,19.0,1231
2025-05-05,SKU0085,666,933,19.0,1231
2025-05-12,SKU0085,355,933,19.0,1231
2025-05-19,SKU0085,977,933,19.0,1231
2025-05-26,SKU0085,666,933,19.0,1231
2025-06-02,SKU0085,355,933,19.0,1231
2025-06-09,SKU0085,977,1022,19.0,1231
2025-06-16,SKU0085,666,1022,19.0,1231
2025-06-23,SKU0085,355,1022,19.0,1231
2025-06-30,SKU0085,1066,889,19.0,1231
2025-07-07,SKU0085,755,889,19.0,1231
2025-07-14,SKU0085,451,889,19.0,1231
2025-07-21,SKU0085,1180,872,19.0,1231
2025-07-28,SKU0085,977,872,19.0,1231
2025-08-04,SKU0085,625,872,19.0,1231
2025-08-11,SKU0085,1087,950,19.0,1231
2025-08-18,SKU0085,856,950,19.0,1231
2025-08-25,SKU0085,584,950,19.0,1231
2025-09-01,SKU0085,1315,0,19.0,1231
2025-09-08,SKU0085,1156,0,19.0,1231
2025-09-15,SKU0085,873,1141,19.0,1231
2025-09-22,SKU0085,669,1141,19.0,1231
2025-09-29,SKU0085,442,1141,19.0,1231
2025-10-06,SKU0085,1303,0,19.0,1231
2025-10-13,SKU0085,982,943,19.0,1231
2025-10-20,SKU0085,473,943,19.0,1231
2025-10-27,SKU0085,12,1865,19.0,1231
2025-11-03,SKU0085,669,922,19.0,1231
2025-11-10,SKU0085,340,922,19.0,1231
2025-11-17,SKU0085,942,886,19.0,1231
2025-11-24,SKU0085,656,886,19.0,1231
2025-12-01,SKU0085,980,939,19.0,1231
2025-12-08,SKU0085,557,939,19.0,1231
2025-12-15,SKU0085,235,939,19.0,1231
2025-12-22,SKU0085,853,0,19.0,1231
2025-12-29,SKU0085,540,1347,19.0,1231
2024-01-01,SKU0086,1527,0,25.0,1118
2024-01-08,SKU0086,1212,0,25.0,1118
2024-01-15,SKU0086,898,662,25.0,1118
2024-01-22,SKU0086,583,662,25.0,1118
2024-01-29,SKU0086,268,1291,25.0,1118
2024-02-05,SKU0086,617,629,25.0,1118
2024-02-12,SKU0086,302,1302,25.0,1118
2024-02-19,SKU0086,617,673,25.0,1118
2024-02-26,SKU0086,302,1302,25.0,1118
2024-03-04,SKU0086,0,1302,25.0,1118
2024-03-11,SKU0086,358,1336,25.0,1118
2024-03-18,SKU0086,44,1336,25.0,1118
2024-03-25,SKU0086,358,707,25.0,1118
2024-04-01,SKU0086,43,1426,25.0,1118
2024-04-08,SKU0086,482,719,25.0,1118
2024-04-15,SKU0086,167,1347,25.0,1118
2024-04-22,SKU0086,584,628,25.0,1118
2024-04-29,SKU0086,269,1290,25.0,1118
2024-05-06,SKU0086,583,662,25.0,1118
2024-05-13,SKU0086,268,1291,25.0,1118
2024-05-20,SKU0086,617,629,25.0,1118
2024-05-27,SKU0086,302,1257,25.0,1118
2024-06-03,SKU0086,617,628,25.0,1118
2024-06-10,SKU0086,302,1347,25.0,1118
2024-06-17,SKU0086,615,719,25.0,1118
2024-06-24,SKU0086,300,1349,25.0,1118
2024-07-01,SKU0086,0,1349,25.0,1118
2024-07-08,SKU0086,449,1290,25.0,1118
2024-07-15,SKU0086,134,1290,25.0,1118
2024-07-22,SKU0086,450,660,25.0,1118
2024-07-29,SKU0086,135,1334,25.0,1118
2024-08-05,SKU0086,480,674,25.0,1118
2024-08-12,SKU0086,166,1304,25.0,1118
2024-08-19,SKU0086,539,630,25.0,1118
2024-08-26,SKU0086,224,1290,25.0,1118
2024-09-02,SKU0086,540,660,25.0,1118
2024-09-09,SKU0086,225,1289,25.0,1118
2024-09-16,SKU0086,570,629,25.0,1118
2024-09-23,SKU0086,255,1349,25.0,1118
2024-09-30,SKU0086,570,720,25.0,1118
2024-10-07,SKU0086,255,1349,25.0,1118
2024-10-14,SKU0086,0,1349,25.0,1118
2024-10-21,SKU0086,405,1289,25.0,1118
2024-10-28,SKU0086,91,1289,25.0,1118
2024-11-04,SKU0086,405,1289,25.0,1118
2024-11-11,SKU0086,90,1289,25.0,1118
2024-11-18,SKU0086,435,1304,25.0,1118
2024-11-25,SKU0086,121,1304,25.0,1118
2024-12-02,SKU0086,435,1304,25.0,1118
2024-12-09,SKU0086,120,1304,25.0,1118
2024-12-16,SKU0086,495,629,25.0,1118
2024-12-23,SKU0086,180,1289,25.0,1118
2024-12-30,SKU0086,495,660,25.0,1118
2025-01-06,SKU0086,180,1289,25.0,1118
2025-01-13,SKU0086,525,629,25.0,1118
2025-01-20,SKU0086,210,1259,25.0,1118
2025-01-27,SKU0086,525,630,25.0,1118
2025-02-03,SKU0086,210,1304,25.0,1118
2025-02-10,SKU0086,525,674,25.0,1118
2025-02-17,SKU0086,211,1304,25.0,1118
2025-02-24,SKU0086,584,630,25.0,1118
2025-03-03,SKU0086,269,1335,25.0,1118
2025-03-10,SKU0086,585,705,25.0,1118
2025-03-17,SKU0086,270,1334,25.0,1118
2025-03-24,SKU0086,0,1334,25.0,1118
2025-03-31,SKU0086,390,1304,25.0,1118
2025-04-07,SKU0086,76,1304,25.0,1118
2025-04-14,SKU0086,390,1304,25.0,1118
2025-04-21,SKU0086,75,1304,25.0,1118
2025-04-28,SKU0086,450,1289,25.0,1118
2025-05-05,SKU0086,135,1289,25.0,1118
2025-05-12,SKU0086,450,1289,25.0,1118
2025-05-19,SKU0086,135,1289,25.0,1118
2025-05-26,SKU0086,480,1259,25.0,1118
2025-06-02,SKU0086,166,1259,25.0,1118
2025-06-09,SKU0086,480,630,25.0,1118
2025-06-16,SKU0086,165,1304,25.0,1118
2025-06-23,SKU0086,480,674,25.0,1118
2025-06-30,SKU0086,140,1349,25.0,1118
2025-07-07,SKU0086,592,675,25.0,1118
2025-07-14,SKU0086,320,1309,25.0,1118
2025-07-21,SKU0086,786,634,25.0,1118
2025-07-28,SKU0086,572,634,25.0,1118
2025-08-04,SKU0086,269,1309,25.0,1118
2025-08-11,SKU0086,450,675,25.0,1118
2025-08-18,SKU0086,210,1313,25.0,1118
2025-08-25,SKU0086,0,1313,25.0,1118
2025-09-01,SKU0086,486,638,25.0,1118
2025-09-08,SKU0086,837,690,25.0,1118
2025-09-15,SKU0086,642,690,25.0,1118
2025-09-22,SKU0086,398,690,25.0,1118
2025-09-29,SKU0086,803,686,25.0,1118
2025-10-06,SKU0086,477,686,25.0,1118
2025-10-13,SKU0086,181,1327,25.0,1118
2025-10-20,SKU0086,391,1348,25.0,1118
2025-10-27,SKU0086,0,1348,25.0,1118
2025-11-03,SKU0086,545,707,25.0,1118
2025-11-10,SKU0086,256,1363,25.0,1118
2025-11-17,SKU0086,617,656,25.0,1118
2025-11-24,SKU0086,309,1296,25.0,1118
2025-12-01,SKU0086,0,1296,25.0,1118
2025-12-08,SKU0086,327,1291,25.0,1118
2025-12-15,SKU0086,0,1291,25.0,1118
2025-12-22,SKU0086,355,1300,25.0,1118
2025-12-29,SKU0086,36,1300,25.0,1118
2024-01-01,SKU0087,962,670,29.0,1092
2024-01-08,SKU0087,785,670,29.0,1092
2024-01-15,SKU0087,608,670,29.0,1092
2024-01-22,SKU0087,431,670,29.0,1092
2024-01-29,SKU0087,254,1226,29.0,1092
2024-02-05,SKU0087,748,556,29.0,1092
2024-02-12,SKU0087,571,556,29.0,1092
2024-02-19,SKU0087,394,1137,29.0,1092
2024-02-26,SKU0087,773,581,29.0,1092
2024-03-04,SKU0087,596,581,29.0,1092
2024-03-11,SKU0087,419,1162,29.0,1092
2024-03-18,SKU0087,824,581,29.0,1092
2024-03-25,SKU0087,647,581,29.0,1092
2024-04-01,SKU0087,470,1137,29.0,1092
2024-04-08,SKU0087,874,556,29.0,1092
2024-04-15,SKU0087,697,556,29.0,1092
2024-04-22,SKU0087,520,556,29.0,1092
2024-04-29,SKU0087,900,581,29.0,1092
2024-05-06,SKU0087,723,581,29.0,1092
2024-05-13,SKU0087,546,581,29.0,1092
2024-05-20,SKU0087,369,1187,29.0,1092
2024-05-27,SKU0087,773,606,29.0,1092
2024-06-03,SKU0087,596,606,29.0,1092
2024-06-10,SKU0087,420,1162,29.0,1092
2024-06-17,SKU0087,849,556,29.0,1092
2024-06-24,SKU0087,672,556,29.0,1092
2024-07-01,SKU0087,495,1112,29.0,1092
2024-07-08,SKU0087,874,556,29.0,1092
2024-07-15,SKU0087,697,556,29.0,1092
2024-07-22,SKU0087,521,556,29.0,1092
2024-07-29,SKU0087,900,581,29.0,1092
2024-08-05,SKU0087,723,581,29.0,1092
2024-08-12,SKU0087,546,581,29.0,1092
2024-08-19,SKU0087,369,1136,29.0,1092
2024-08-26,SKU0087,774,555,29.0,1092
2024-09-02,SKU0087,597,555,29.0,1092
2024-09-09,SKU0087,420,1162,29.0,1092
2024-09-16,SKU0087,798,607,29.0,1092
2024-09-23,SKU0087,621,607,29.0,1092
2024-09-30,SKU0087,444,1188,29.0,1092
2024-10-07,SKU0087,875,581,29.0,1092
2024-10-14,SKU0087,698,581,29.0,1092
2024-10-21,SKU0087,521,581,29.0,1092
2024-10-28,SKU0087,344,1136,29.0,1092
2024-11-04,SKU0087,748,555,29.0,1092
2024-11-11,SKU0087,571,555,29.0,1092
2024-11-18,SKU0087,395,1111,29.0,1092
2024-11-25,SKU0087,773,556,29.0,1092
2024-12-02,SKU0087,596,556,29.0,1092
2024-12-09,SKU0087,419,1112,29.0,1092
2024-12-16,SKU0087,798,556,29.0,1092
2024-12-23,SKU0087,621,556,29.0,1092
2024-12-30,SKU0087,445,1162,29.0,1092
2025-01-06,SKU0087,824,606,29.0,1092
2025-01-13,SKU0087,647,606,29.0,1092
2025-01-20,SKU0087,470,606,29.0,1092
2025-01-27,SKU0087,899,581,29.0,1092
2025-02-03,SKU0087,722,581,29.0,1092
2025-02-10,SKU0087,546,581,29.0,1092
2025-02-17,SKU0087,369,1137,29.0,1092
2025-02-24,SKU0087,773,556,29.0,1092
2025-03-03,SKU0087,596,556,29.0,1092
2025-03-10,SKU0087,419,1137,29.0,1092
2025-03-17,SKU0087,798,581,29.0,1092
2025-03-24,SKU0087,622,581,29.0,1092
2025-03-31,SKU0087,445,1137,29.0,1092
2025-04-07,SKU0087,849,556,29.0,1092
2025-04-14,SKU0087,672,556,29.0,1092
2025-04-21,SKU0087,495,1111,29.0,1092
2025-04-28,SKU0087,874,555,29.0,1092
2025-05-05,SKU0087,698,555,29.0,1092
2025-05-12,SKU0087,521,1111,29.0,1092
2025-05-19,SKU0087,899,556,29.0,1092
2025-05-26,SKU0087,722,556,29.0,1092
2025-06-02,SKU0087,545,556,29.0,1092
2025-06-09,SKU0087,368,1112,29.0,1092
2025-06-16,SKU0087,748,556,29.0,1092
2025-06-23,SKU0087,571,556,29.0,1092
2025-06-30,SKU0087,394,1213,29.0,1092
2025-07-07,SKU0087,773,657,29.0,1092
2025-07-14,SKU0087,596,657,29.0,1092
2025-07-21,SKU0087,420,1212,29.0,1092
2025-07-28,SKU0087,900,555,29.0,1092
2025-08-04,SKU0087,689,555,29.0,1092
2025-08-11,SKU0087,496,1123,29.0,1092
2025-08-18,SKU0087,349,1123,29.0,1092
2025-08-25,SKU0087,766,568,29.0,1092
2025-09-01,SKU0087,637,568,29.0,1092
2025-09-08,SKU0087,1054,0,29.0,1092
2025-09-15,SKU0087,912,593,29.0,1092
2025-09-22,SKU0087,784,593,29.0,1092
2025-09-29,SKU0087,671,593,29.0,1092
2025-10-06,SKU0087,470,1162,29.0,1092
2025-10-13,SKU0087,899,569,29.0,1092
2025-10-20,SKU0087,570,569,29.0,1092
2025-10-27,SKU0087,330,1132,29.0,1092
2025-11-03,SKU0087,210,1132,29.0,1092
2025-11-10,SKU0087,617,563,29.0,1092
2025-11-17,SKU0087,440,1149,29.0,1092
2025-11-24,SKU0087,862,586,29.0,1092
2025-12-01,SKU0087,589,586,29.0,1092
2025-12-08,SKU0087,368,1187,29.0,1092
2025-12-15,SKU0087,798,601,29.0,1092
2025-12-22,SKU0087,631,601,29.0,1092
2025-12-29,SKU0087,450,1153,29.0,1092
2024-01-01,SKU0088,980,886,15.0,1007
2024-01-08,SKU0088,659,886,15.0,1007
2024-01-15,SKU0088,337,886,15.0,1007
2024-01-22,SKU0088,902,872,15.0,1007
2024-01-29,SKU0088,580,872,15.0,1007
2024-02-05,SKU0088,1131,0,15.0,1007
2024-02-12,SKU0088,810,873,15.0,1007
2024-02-19,SKU0088,488,873,15.0,1007
2024-02-26,SKU0088,1040,0,15.0,1007
2024-03-04,SKU0088,718,872,15.0,1007
2024-03-11,SKU0088,397,872,15.0,1007
2024-03-18,SKU0088,948,918,15.0,1007
2024-03-25,SKU0088,626,918,15.0,1007
2024-04-01,SKU0088,305,918,15.0,1007
2024-04-08,SKU0088,901,873,15.0,1007
2024-04-15,SKU0088,580,873,15.0,1007
2024-04-22,SKU0088,1131,0,15.0,1007
2024-04-29,SKU0088,810,872,15.0,1007
2024-05-06,SKU0088,489,872,15.0,1007
2024-05-13,SKU0088,1039,0,15.0,1007
2024-05-20,SKU0088,718,919,15.0,1007
2024-05-27,SKU0088,396,919,15.0,1007
2024-06-03,SKU0088,994,872,15.0,1007
2024-06-10,SKU0088,673,872,15.0,1007
2024-06-17,SKU0088,351,872,15.0,1007
2024-06-24,SKU0088,902,872,15.0,1007
2024-07-01,SKU0088,580,872,15.0,1007
2024-07-08,SKU0088,1131,0,15.0,1007
2024-07-15,SKU0088,809,873,15.0,1007
2024-07-22,SKU0088,488,873,15.0,1007
2024-07-29,SKU0088,1040,0,15.0,1007
2024-08-05,SKU0088,718,872,15.0,1007
2024-08-12,SKU0088,397,872,15.0,1007
2024-08-19,SKU0088,947,919,15.0,1007
2024-08-26,SKU0088,626,919,15.0,1007
2024-09-02,SKU0088,305,919,15.0,1007
2024-09-09,SKU0088,902,872,15.0,1007
2024-09-16,SKU0088,581,872,15.0,1007
2024-09-23,SKU0088,1131,0,15.0,1007
2024-09-30,SKU0088,810,918,15.0,1007
2024-10-07,SKU0088,489,918,15.0,1007
2024-10-14,SKU0088,1085,0,15.0,1007
2024-10-21,SKU0088,764,873,15.0,1007
2024-10-28,SKU0088,442,873,15.0,1007
2024-11-04,SKU0088,994,872,15.0,1007
2024-11-11,SKU0088,672,872,15.0,1007
2024-11-18,SKU0088,351,872,15.0,1007
2024-11-25,SKU0088,922,894,15.0,1007
2024-12-02,SKU0088,389,894,15.0,1007
2024-12-09,SKU0088,855,873,15.0,1007
2024-12-16,SKU0088,482,873,15.0,1007
2024-12-23,SKU0088,751,1017,15.0,1007
2024-12-30,SKU0088,308,1017,15.0,1007
2025-01-06,SKU0088,960,0,15.0,1007
2025-01-13,SKU0088,494,983,15.0,1007
2025-01-20,SKU0088,160,983,15.0,1007
2025-01-27,SKU0088,849,905,15.0,1007
2025-02-03,SKU0088,526,905,15.0,1007
2025-02-10,SKU0088,1187,0,15.0,1007
2025-02-17,SKU0088,938,907,15.0,1007
2025-02-24,SKU0088,624,907,15.0,1007
2025-03-03,SKU0088,1193,0,15.0,1007
2025-03-10,SKU0088,930,879,15.0,1007
2025-03-17,SKU0088,673,879,15.0,1007
2025-03-24,SKU0088,1313,0,15.0,1007
2025-03-31,SKU0088,1035,0,15.0,1007
2025-04-07,SKU0088,731,916,15.0,1007
2025-04-14,SKU0088,503,916,15.0,1007
2025-04-21,SKU0088,1082,0,15.0,1007
2025-04-28,SKU0088,815,886,15.0,1007
2025-05-05,SKU0088,525,886,15.0,1007
2025-05-12,SKU0088,1219,0,15.0,1007
2025-05-19,SKU0088,952,889,15.0,1007
2025-05-26,SKU0088,690,889,15.0,1007
2025-06-02,SKU0088,1321,0,15.0,1007
2025-06-09,SKU0088,1111,0,15.0,1007
2025-06-16,SKU0088,827,912,15.0,1007
2025-06-23,SKU0088,557,912,15.0,1007
2025-06-30,SKU0088,1187,0,15.0,1007
2025-07-07,SKU0088,975,861,15.0,1007
2025-07-14,SKU0088,718,861,15.0,1007
2025-07-21,SKU0088,1308,0,15.0,1007
2025-07-28,SKU0088,1059,0,15.0,1007
2025-08-04,SKU0088,653,993,15.0,1007
2025-08-11,SKU0088,246,993,15.0,1007
2025-08-18,SKU0088,1005,0,15.0,1007
2025-08-25,SKU0088,781,880,15.0,1007
2025-09-01,SKU0088,521,880,15.0,1007
2025-09-08,SKU0088,1129,0,15.0,1007
2025-09-15,SKU0088,883,945,15.0,1007
2025-09-22,SKU0088,657,945,15.0,1007
2025-09-29,SKU0088,1363,0,15.0,1007
2025-10-06,SKU0088,1010,0,15.0,1007
2025-10-13,SKU0088,793,875,15.0,1007
2025-10-20,SKU0088,273,875,15.0,1007
2025-10-27,SKU0088,666,957,15.0,1007
2025-11-03,SKU0088,357,957,15.0,1007
2025-11-10,SKU0088,1023,0,15.0,1007
2025-11-17,SKU0088,741,876,15.0,1007
2025-11-24,SKU0088,451,876,15.0,1007
2025-12-01,SKU0088,790,922,15.0,1007
2025-12-08,SKU0088,324,922,15.0,1007
2025-12-15,SKU0088,925,905,15.0,1007
2025-12-22,SKU0088,558,905,15.0,1007
2025-12-29,SKU0088,1096,0,15.0,1007
2024-01-01,SKU0089,129,0,9.0,111
2024-01-08,SKU0089,0,159,9.0,111
2024-01-15,SKU0089,27,155,9.0,111
2024-01-22,SKU0089,102,0,9.0,111
2024-01-29,SKU0089,0,185,9.0,111
2024-02-05,SKU0089,53,182,9.0,111
2024-02-12,SKU0089,0,182,9.0,111
2024-02-19,SKU0089,0,195,9.0,111
2024-02-26,SKU0089,110,0,9.0,111
2024-03-04,SKU0089,0,162,9.0,111
2024-03-11,SKU0089,63,170,9.0,111
2024-03-18,SKU0089,165,0,9.0,111
2024-03-25,SKU0089,35,201,9.0,111
2024-04-01,SKU0089,0,201,9.0,111
2024-04-08,SKU0089,37,185,9.0,111
2024-04-15,SKU0089,185,0,9.0,111
2024-04-22,SKU0089,86,167,9.0,111
2024-04-29,SKU0089,0,167,9.0,111
2024-05-06,SKU0089,0,187,9.0,111
2024-05-13,SKU0089,110,151,9.0,111
2024-05-20,SKU0089,0,151,9.0,111
2024-05-27,SKU0089,38,169,9.0,111
2024-06-03,SKU0089,121,0,9.0,111
2024-06-10,SKU0089,0,187,9.0,111
2024-06-17,SKU0089,112,0,9.0,111
2024-06-24,SKU0089,0,155,9.0,111
2024-07-01,SKU0089,28,169,9.0,111
2024-07-08,SKU0089,155,0,9.0,111
2024-07-15,SKU0089,47,152,9.0,111
2024-07-22,SKU0089,72,189,9.0,111
2024-07-29,SKU0089,0,189,9.0,111
2024-08-05,SKU0089,0,204,9.0,111
2024-08-12,SKU0089,162,0,9.0,111
2024-08-19,SKU0089,0,151,9.0,111
2024-08-26,SKU0089,81,171,9.0,111
2024-09-02,SKU0089,0,171,9.0,111
2024-09-09,SKU0089,31,230,9.0,111
2024-09-16,SKU0089,0,230,9.0,111
2024-09-23,SKU0089,137,0,9.0,111
2024-09-30,SKU0089,25,157,9.0,111
2024-10-07,SKU0089,38,198,9.0,111
2024-10-14,SKU0089,0,198,9.0,111
2024-10-21,SKU0089,0,214,9.0,111
2024-10-28,SKU0089,187,0,9.0,111
2024-11-04,SKU0089,0,186,9.0,111
2024-11-11,SKU0089,126,0,9.0,111
2024-11-18,SKU0089,0,168,9.0,111
2024-11-25,SKU0089,51,180,9.0,111
2024-12-02,SKU0089,0,180,9.0,111
2024-12-09,SKU0089,0,176,9.0,111
2024-12-16,SKU0089,0,164,9.0,111
2024-12-23,SKU0089,98,163,9.0,111
2024-12-30,SKU0089,0,163,9.0,111
2025-01-06,SKU0089,0,162,9.0,111
2025-01-13,SKU0089,16,245,9.0,111
2025-01-20,SKU0089,0,245,9.0,111
2025-01-27,SKU0089,36,0,9.0,111
2025-02-03,SKU0089,0,261,9.0,111
2025-02-10,SKU0089,91,0,9.0,111
2025-02-17,SKU0089,0,212,9.0,111
2025-02-24,SKU0089,20,177,9.0,111
2025-03-03,SKU0089,0,177,9.0,111
2025-03-10,SKU0089,46,161,9.0,111
2025-03-17,SKU0089,93,168,9.0,111
2025-03-24,SKU0089,0,168,9.0,111
2025-03-31,SKU0089,13,156,9.0,111
2025-04-07,SKU0089,120,0,9.0,111
2025-04-14,SKU0089,0,161,9.0,111
2025-04-21,SKU0089,64,197,9.0,111
2025-04-28,SKU0089,0,197,9.0,111
2025-05-05,SKU0089,87,166,9.0,111
2025-05-12,SKU0089,0,166,9.0,111
2025-05-19,SKU0089,33,155,9.0,111
2025-05-26,SKU0089,93,0,9.0,111
2025-06-02,SKU0089,0,217,9.0,111
2025-06-09,SKU0089,137,0,9.0,111
2025-06-16,SKU0089,0,174,9.0,111
2025-06-23,SKU0089,80,161,9.0,111
2025-06-30,SKU0089,6,161,9.0,111
2025-07-07,SKU0089,0,196,9.0,111
2025-07-14,SKU0089,99,0,9.0,111
2025-07-21,SKU0089,0,238,9.0,111
2025-07-28,SKU0089,190,0,9.0,111
2025-08-04,SKU0089,0,186,9.0,111
2025-08-11,SKU0089,95,166,9.0,111
2025-08-18,SKU0089,0,166,9.0,111
2025-08-25,SKU0089,86,154,9.0,111
2025-09-01,SKU0089,128,0,9.0,111
2025-09-08,SKU0089,0,185,9.0,111
2025-09-15,SKU0089,134,0,9.0,111
2025-09-22,SKU0089,6,180,9.0,111
2025-09-29,SKU0089,56,0,9.0,111
2025-10-06,SKU0089,0,261,9.0,111
2025-10-13,SKU0089,203,0,9.0,111
2025-10-20,SKU0089,0,186,9.0,111
2025-10-27,SKU0089,97,164,9.0,111
2025-11-03,SKU0089,0,164,9.0,111
2025-11-10,SKU0089,0,154,9.0,111
2025-11-17,SKU0089,109,0,9.0,111
2025-11-24,SKU0089,0,199,9.0,111
2025-12-01,SKU0089,31,204,9.0,111
2025-12-08,SKU0089,0,204,9.0,111
2025-12-15,SKU0089,0,155,9.0,111
2025-12-22,SKU0089,85,176,9.0,111
2025-12-29,SKU0089,0,176,9.0,111
2024-01-01,SKU0090,1122,0,20.0,709
2024-01-08,SKU0090,902,0,20.0,709
2024-01-15,SKU0090,683,499,20.0,709
2024-01-22,SKU0090,463,499,20.0,709
2024-01-29,SKU0090,244,499,20.0,709
2024-02-05,SKU0090,524,502,20.0,709
2024-02-12,SKU0090,304,502,20.0,709
2024-02-19,SKU0090,85,1003,20.0,709
2024-02-26,SKU0090,367,501,20.0,709
2024-03-04,SKU0090,148,1003,20.0,709
2024-03-11,SKU0090,430,502,20.0,709
2024-03-18,SKU0090,210,502,20.0,709
2024-03-25,SKU0090,493,501,20.0,709
2024-04-01,SKU0090,274,501,20.0,709
2024-04-08,SKU0090,555,502,20.0,709
2024-04-15,SKU0090,336,502,20.0,709
2024-04-22,SKU0090,116,1034,20.0,709
2024-04-29,SKU0090,399,532,20.0,709
2024-05-06,SKU0090,180,532,20.0,709
2024-05-13,SKU0090,492,502,20.0,709
2024-05-20,SKU0090,273,502,20.0,709
2024-05-27,SKU0090,555,501,20.0,709
2024-06-03,SKU0090,336,501,20.0,709
2024-06-10,SKU0090,117,1003,20.0,709
2024-06-17,SKU0090,439,502,20.0,709
2024-06-24,SKU0090,206,976,20.0,709
2024-07-01,SKU0090,541,474,20.0,709
2024-07-08,SKU0090,392,474,20.0,709
2024-07-15,SKU0090,680,502,20.0,709
2024-07-22,SKU0090,555,502,20.0,709
2024-07-29,SKU0090,410,502,20.0,709
2024-08-05,SKU0090,647,0,20.0,709
2024-08-12,SKU0090,405,561,20.0,709
2024-08-19,SKU0090,224,561,20.0,709
2024-08-26,SKU0090,610,485,20.0,709
2024-09-02,SKU0090,432,485,20.0,709
2024-09-09,SKU0090,261,485,20.0,709
2024-09-16,SKU0090,532,478,20.0,709
2024-09-23,SKU0090,375,478,20.0,709
2024-09-30,SKU0090,152,969,20.0,709
2024-10-07,SKU0090,381,491,20.0,709
2024-10-14,SKU0090,148,1003,20.0,709
2024-10-21,SKU0090,274,512,20.0,709
2024-10-28,SKU0090,30,1013,20.0,709
2024-11-04,SKU0090,405,501,20.0,709
2024-11-11,SKU0090,193,501,20.0,709
2024-11-18,SKU0090,531,515,20.0,709
2024-11-25,SKU0090,300,515,20.0,709
2024-12-02,SKU0090,464,566,20.0,709
2024-12-09,SKU0090,184,566,20.0,709
2024-12-16,SKU0090,0,1047,20.0,709
2024-12-23,SKU0090,255,481,20.0,709
2024-12-30,SKU0090,436,513,20.0,709
2025-01-06,SKU0090,61,513,20.0,709
2025-01-13,SKU0090,470,651,20.0,709
2025-01-20,SKU0090,255,651,20.0,709
2025-01-27,SKU0090,710,0,20.0,709
2025-02-03,SKU0090,481,501,20.0,709
2025-02-10,SKU0090,246,501,20.0,709
2025-02-17,SKU0090,543,511,20.0,709
2025-02-24,SKU0090,312,511,20.0,709
2025-03-03,SKU0090,138,988,20.0,709
2025-03-10,SKU0090,489,477,20.0,709
2025-03-17,SKU0090,330,477,20.0,709
2025-03-24,SKU0090,611,493,20.0,709
2025-03-31,SKU0090,411,493,20.0,709
2025-04-07,SKU0090,176,974,20.0,709
2025-04-14,SKU0090,478,481,20.0,709
2025-04-21,SKU0090,341,481,20.0,709
2025-04-28,SKU0090,656,498,20.0,709
2025-05-05,SKU0090,455,498,20.0,709
2025-05-12,SKU0090,236,498,20.0,709
2025-05-19,SKU0090,524,541,20.0,709
2025-05-26,SKU0090,320,541,20.0,709
2025-06-02,SKU0090,148,1034,20.0,709
2025-06-09,SKU0090,522,493,20.0,709
2025-06-16,SKU0090,315,493,20.0,709
2025-06-23,SKU0090,636,507,20.0,709
2025-06-30,SKU0090,422,507,20.0,709
2025-07-07,SKU0090,249,507,20.0,709
2025-07-14,SKU0090,606,501,20.0,709
2025-07-21,SKU0090,454,501,20.0,709
2025-07-28,SKU0090,306,501,20.0,709
2025-08-04,SKU0090,582,559,20.0,709
2025-08-11,SKU0090,293,559,20.0,709
2025-08-18,SKU0090,99,1038,20.0,709
2025-08-25,SKU0090,490,479,20.0,709
2025-09-01,SKU0090,295,479,20.0,709
2025-09-08,SKU0090,567,474,20.0,709
2025-09-15,SKU0090,412,474,20.0,709
2025-09-22,SKU0090,262,474,20.0,709
2025-09-29,SKU0090,556,513,20.0,709
2025-10-06,SKU0090,339,513,20.0,709
2025-10-13,SKU0090,97,998,20.0,709
2025-10-20,SKU0090,231,485,20.0,709
2025-10-27,SKU0090,0,1074,20.0,709
2025-11-03,SKU0090,353,589,20.0,709
2025-11-10,SKU0090,120,589,20.0,709
2025-11-17,SKU0090,492,545,20.0,709
2025-11-24,SKU0090,311,545,20.0,709
2025-12-01,SKU0090,0,1028,20.0,709
2025-12-08,SKU0090,311,483,20.0,709
2025-12-15,SKU0090,103,958,20.0,709
2025-12-22,SKU0090,380,475,20.0,709
2025-12-29,SKU0090,118,982,20.0,709
2024-01-01,SKU0091,207,0,23.0,154
2024-01-08,SKU0091,63,101,23.0,154
2024-01-15,SKU0091,0,204,23.0,154
2024-01-22,SKU0091,0,204,23.0,154
2024-01-29,SKU0091,39,207,23.0,154
2024-02-05,SKU0091,0,205,23.0,154
2024-02-12,SKU0091,0,205,23.0,154
2024-02-19,SKU0091,0,205,23.0,154
2024-02-26,SKU0091,81,103,23.0,154
2024-03-04,SKU0091,0,206,23.0,154
2024-03-11,SKU0091,0,206,23.0,154
2024-03-18,SKU0091,62,103,23.0,154
2024-03-25,SKU0091,20,205,23.0,154
2024-04-01,SKU0091,0,205,23.0,154
2024-04-08,SKU0091,0,205,23.0,154
2024-04-15,SKU0091,0,206,23.0,154
2024-04-22,SKU0091,0,205,23.0,154
2024-04-29,SKU0091,0,205,23.0,154
2024-05-06,SKU0091,82,102,23.0,154
2024-05-13,SKU0091,40,124,23.0,154
2024-05-20,SKU0091,0,246,23.0,154
2024-05-27,SKU0091,0,246,23.0,154
2024-06-03,SKU0091,62,122,23.0,154
2024-06-10,SKU0091,40,206,23.0,154
2024-06-17,SKU0091,0,206,23.0,154
2024-06-24,SKU0091,0,206,23.0,154
2024-07-01,SKU0091,20,205,23.0,154
2024-07-08,SKU0091,0,205,23.0,154
2024-07-15,SKU0091,0,205,23.0,154
2024-07-22,SKU0091,0,205,23.0,154
2024-07-29,SKU0091,62,103,23.0,154
2024-08-05,SKU0091,0,205,23.0,154
2024-08-12,SKU0091,0,205,23.0,154
2024-08-19,SKU0091,41,102,23.0,154
2024-08-26,SKU0091,0,227,23.0,154
2024-09-02,SKU0091,0,227,23.0,154
2024-09-09,SKU0091,0,227,23.0,154
2024-09-16,SKU0091,21,205,23.0,154
2024-09-23,SKU0091,0,205,23.0,154
2024-09-30,SKU0091,0,205,23.0,154
2024-10-07,SKU0091,0,205,23.0,154
2024-10-14,SKU0091,62,103,23.0,154
2024-10-21,SKU0091,0,205,23.0,154
2024-10-28,SKU0091,0,205,23.0,154
2024-11-04,SKU0091,42,204,23.0,154
2024-11-11,SKU0091,2,210,23.0,154
2024-11-18,SKU0091,0,210,23.0,154
2024-11-25,SKU0091,0,210,23.0,154
2024-12-02,SKU0091,66,138,23.0,154
2024-12-09,SKU0091,0,246,23.0,154
2024-12-16,SKU0091,0,246,23.0,154
2024-12-23,SKU0091,60,108,23.0,154
2024-12-30,SKU0091,40,119,23.0,154
2025-01-06,SKU0091,0,216,23.0,154
2025-01-13,SKU0091,0,216,23.0,154
2025-01-20,SKU0091,8,197,23.0,154
2025-01-27,SKU0091,0,214,23.0,154
2025-02-03,SKU0091,0,214,23.0,154
2025-02-10,SKU0091,78,114,23.0,154
2025-02-17,SKU0091,98,97,23.0,154
2025-02-24,SKU0091,0,217,23.0,154
2025-03-03,SKU0091,0,217,23.0,154
2025-03-10,SKU0091,3,243,23.0,154
2025-03-17,SKU0091,111,123,23.0,154
2025-03-24,SKU0091,7,216,23.0,154
2025-03-31,SKU0091,0,216,23.0,154
2025-04-07,SKU0091,13,187,23.0,154
2025-04-14,SKU0091,0,187,23.0,154
2025-04-21,SKU0091,0,209,23.0,154
2025-04-28,SKU0091,62,115,23.0,154
2025-05-05,SKU0091,0,215,23.0,154
2025-05-12,SKU0091,73,100,23.0,154
2025-05-19,SKU0091,0,213,23.0,154
2025-05-26,SKU0091,29,217,23.0,154
2025-06-02,SKU0091,0,217,23.0,154
2025-06-09,SKU0091,46,104,23.0,154
2025-06-16,SKU0091,0,225,23.0,154
2025-06-23,SKU0091,27,121,23.0,154
2025-06-30,SKU0091,0,246,23.0,154
2025-07-07,SKU0091,64,125,23.0,154
2025-07-14,SKU0091,0,246,23.0,154
2025-07-21,SKU0091,61,121,23.0,154
2025-07-28,SKU0091,0,239,23.0,154
2025-08-04,SKU0091,92,118,23.0,154
2025-08-11,SKU0091,0,246,23.0,154
2025-08-18,SKU0091,90,128,23.0,154
2025-08-25,SKU0091,0,240,23.0,154
2025-09-01,SKU0091,109,112,23.0,154
2025-09-08,SKU0091,7,216,23.0,154
2025-09-15,SKU0091,101,104,23.0,154
2025-09-22,SKU0091,0,201,23.0,154
2025-09-29,SKU0091,81,97,23.0,154
2025-10-06,SKU0091,0,195,23.0,154
2025-10-13,SKU0091,36,210,23.0,154
2025-10-20,SKU0091,0,210,23.0,154
2025-10-27,SKU0091,0,213,23.0,154
2025-11-03,SKU0091,0,213,23.0,154
2025-11-10,SKU0091,0,246,23.0,154
2025-11-17,SKU0091,75,145,23.0,154
2025-11-24,SKU0091,0,246,23.0,154
2025-12-01,SKU0091,0,246,23.0,154
2025-12-08,SKU0091,20,201,23.0,154
2025-12-15,SKU0091,78,100,23.0,154
2025-12-22,SKU0091,0,206,23.0,154
2025-12-29,SKU0091,0,206,23.0,154
2024-01-01,SKU0092,1119,0,24.0,749
2024-01-08,SKU0092,927,0,24.0,749
2024-01-15,SKU0092,735,444,24.0,749
2024-01-22,SKU0092,542,444,24.0,749
2024-01-29,SKU0092,350,444,24.0,749
2024-02-05,SKU0092,158,883,24.0,749
2024-02-12,SKU0092,410,439,24.0,749
2024-02-19,SKU0092,218,878,24.0,749
2024-02-26,SKU0092,465,439,24.0,749
2024-03-04,SKU0092,273,878,24.0,749
2024-03-11,SKU0092,520,439,24.0,749
2024-03-18,SKU0092,328,439,24.0,749
2024-03-25,SKU0092,136,906,24.0,749
2024-04-01,SKU0092,383,467,24.0,749
2024-04-08,SKU0092,191,906,24.0,749
2024-04-15,SKU0092,466,439,24.0,749
2024-04-22,SKU0092,274,439,24.0,749
2024-04-29,SKU0092,521,521,24.0,749
2024-05-06,SKU0092,329,521,24.0,749
2024-05-13,SKU0092,137,1015,24.0,749
2024-05-20,SKU0092,466,494,24.0,749
2024-05-27,SKU0092,274,494,24.0,749
2024-06-03,SKU0092,82,960,24.0,749
2024-06-10,SKU0092,384,466,24.0,749
2024-06-17,SKU0092,192,960,24.0,749
2024-06-24,SKU0092,466,494,24.0,749
2024-07-01,SKU0092,274,494,24.0,749
2024-07-08,SKU0092,82,960,24.0,749
2024-07-15,SKU0092,384,466,24.0,749
2024-07-22,SKU0092,192,932,24.0,749
2024-07-29,SKU0092,466,466,24.0,749
2024-08-05,SKU0092,274,905,24.0,749
2024-08-12,SKU0092,82,905,24.0,749
2024-08-19,SKU0092,356,439,24.0,749
2024-08-26,SKU0092,164,878,24.0,749
2024-09-02,SKU0092,411,439,24.0,749
2024-09-09,SKU0092,218,878,24.0,749
2024-09-16,SKU0092,465,439,24.0,749
2024-09-23,SKU0092,273,878,24.0,749
2024-09-30,SKU0092,520,439,24.0,749
2024-10-07,SKU0092,328,439,24.0,749
2024-10-14,SKU0092,136,988,24.0,749
2024-10-21,SKU0092,383,549,24.0,749
2024-10-28,SKU0092,191,988,24.0,749
2024-11-04,SKU0092,0,988,24.0,749
2024-11-11,SKU0092,357,439,24.0,749
2024-11-18,SKU0092,165,932,24.0,749
2024-11-25,SKU0092,412,493,24.0,749
2024-12-02,SKU0092,220,932,24.0,749
2024-12-09,SKU0092,521,439,24.0,749
2024-12-16,SKU0092,329,439,24.0,749
2024-12-23,SKU0092,137,932,24.0,749
2024-12-30,SKU0092,384,493,24.0,749
2025-01-06,SKU0092,192,932,24.0,749
2025-01-13,SKU0092,493,439,24.0,749
2025-01-20,SKU0092,301,878,24.0,749
2025-01-27,SKU0092,109,878,24.0,749
2025-02-03,SKU0092,356,439,24.0,749
2025-02-10,SKU0092,164,878,24.0,749
2025-02-17,SKU0092,411,439,24.0,749
2025-02-24,SKU0092,219,878,24.0,749
2025-03-03,SKU0092,465,439,24.0,749
2025-03-10,SKU0092,273,439,24.0,749
2025-03-17,SKU0092,520,521,24.0,749
2025-03-24,SKU0092,328,521,24.0,749
2025-03-31,SKU0092,136,960,24.0,749
2025-04-07,SKU0092,465,439,24.0,749
2025-04-14,SKU0092,273,906,24.0,749
2025-04-21,SKU0092,520,467,24.0,749
2025-04-28,SKU0092,328,467,24.0,749
2025-05-05,SKU0092,136,933,24.0,749
2025-05-12,SKU0092,411,466,24.0,749
2025-05-19,SKU0092,219,905,24.0,749
2025-05-26,SKU0092,493,439,24.0,749
2025-06-02,SKU0092,301,878,24.0,749
2025-06-09,SKU0092,109,878,24.0,749
2025-06-16,SKU0092,356,439,24.0,749
2025-06-23,SKU0092,164,905,24.0,749
2025-06-30,SKU0092,411,466,24.0,749
2025-07-07,SKU0092,219,933,24.0,749
2025-07-14,SKU0092,493,467,24.0,749
2025-07-21,SKU0092,301,467,24.0,749
2025-07-28,SKU0092,109,906,24.0,749
2025-08-04,SKU0092,384,439,24.0,749
2025-08-11,SKU0092,192,877,24.0,749
2025-08-18,SKU0092,439,438,24.0,749
2025-08-25,SKU0092,247,438,24.0,749
2025-09-01,SKU0092,493,522,24.0,749
2025-09-08,SKU0092,301,522,24.0,749
2025-09-15,SKU0092,109,1043,24.0,749
2025-09-22,SKU0092,439,521,24.0,749
2025-09-29,SKU0092,247,521,24.0,749
2025-10-06,SKU0092,55,987,24.0,749
2025-10-13,SKU0092,384,466,24.0,749
2025-10-20,SKU0092,192,905,24.0,749
2025-10-27,SKU0092,470,439,24.0,749
2025-11-03,SKU0092,308,871,24.0,749
2025-11-10,SKU0092,598,432,24.0,749
2025-11-17,SKU0092,413,432,24.0,749
2025-11-24,SKU0092,260,432,24.0,749
2025-12-01,SKU0092,371,566,24.0,749
2025-12-08,SKU0092,135,1015,24.0,749
2025-12-15,SKU0092,0,1015,24.0,749
2025-12-22,SKU0092,481,449,24.0,749
2025-12-29,SKU0092,287,892,24.0,749
2024-01-01,SKU0093,862,0,28.0,796
2024-01-08,SKU0093,553,471,28.0,796
2024-01-15,SKU0093,243,912,28.0,796
2024-01-22,SKU0093,0,912,28.0,796
2024-01-29,SKU0093,0,912,28.0,796
2024-02-05,SKU0093,250,862,28.0,796
2024-02-12,SKU0093,382,421,28.0,796
2024-02-19,SKU0093,73,951,28.0,796
2024-02-26,SKU0093,0,951,28.0,796
2024-03-04,SKU0093,288,530,28.0,796
2024-03-11,SKU0093,0,1000,28.0,796
2024-03-18,SKU0093,309,470,28.0,796
2024-03-25,SKU0093,0,1023,28.0,796
2024-04-01,SKU0093,0,1023,28.0,796
2024-04-08,SKU0093,205,995,28.0,796
2024-04-15,SKU0093,0,995,28.0,796
2024-04-22,SKU0093,332,442,28.0,796
2024-04-29,SKU0093,23,956,28.0,796
2024-05-06,SKU0093,398,514,28.0,796
2024-05-13,SKU0093,89,979,28.0,796
2024-05-20,SKU0093,0,979,28.0,796
2024-05-27,SKU0093,249,907,28.0,796
2024-06-03,SKU0093,0,907,28.0,796
2024-06-10,SKU0093,288,912,28.0,796
2024-06-17,SKU0093,0,912,28.0,796
2024-06-24,SKU0093,354,470,28.0,796
2024-07-01,SKU0093,44,891,28.0,796
2024-07-08,SKU0093,426,421,28.0,796
2024-07-15,SKU0093,117,863,28.0,796
2024-07-22,SKU0093,0,863,28.0,796
2024-07-29,SKU0093,112,956,28.0,796
2024-08-05,SKU0093,0,956,28.0,796
2024-08-12,SKU0093,177,935,28.0,796
2024-08-19,SKU0093,0,935,28.0,796
2024-08-26,SKU0093,337,863,28.0,796
2024-09-02,SKU0093,28,863,28.0,796
2024-09-09,SKU0093,288,912,28.0,796
2024-09-16,SKU0093,0,912,28.0,796
2024-09-23,SKU0093,398,470,28.0,796
2024-09-30,SKU0093,89,935,28.0,796
2024-10-07,SKU0093,426,465,28.0,796
2024-10-14,SKU0093,117,907,28.0,796
2024-10-21,SKU0093,0,907,28.0,796
2024-10-28,SKU0093,244,956,28.0,796
2024-11-04,SKU0093,0,956,28.0,796
2024-11-11,SKU0093,221,935,28.0,796
2024-11-18,SKU0093,0,935,28.0,796
2024-11-25,SKU0093,450,421,28.0,796
2024-12-02,SKU0093,0,932,28.0,796
2024-12-09,SKU0093,307,511,28.0,796
2024-12-16,SKU0093,0,949,28.0,796
2024-12-23,SKU0093,0,949,28.0,796
2024-12-30,SKU0093,280,920,28.0,796
2025-01-06,SKU0093,0,920,28.0,796
2025-01-13,SKU0093,38,1015,28.0,796
2025-01-20,SKU0093,0,1015,28.0,796
2025-01-27,SKU0093,445,533,28.0,796
2025-02-03,SKU0093,171,1029,28.0,796
2025-02-10,SKU0093,417,496,28.0,796
2025-02-17,SKU0093,103,1019,28.0,796
2025-02-24,SKU0093,0,1019,28.0,796
2025-03-03,SKU0093,463,523,28.0,796
2025-03-10,SKU0093,201,999,28.0,796
2025-03-17,SKU0093,500,476,28.0,796
2025-03-24,SKU0093,286,476,28.0,796
2025-03-31,SKU0093,0,1009,28.0,796
2025-04-07,SKU0093,416,533,28.0,796
2025-04-14,SKU0093,161,977,28.0,796
2025-04-21,SKU0093,0,977,28.0,796
2025-04-28,SKU0093,347,444,28.0,796
2025-05-05,SKU0093,105,880,28.0,796
2025-05-12,SKU0093,330,870,28.0,796
2025-05-19,SKU0093,62,870,28.0,796
2025-05-26,SKU0093,0,870,28.0,796
2025-06-02,SKU0093,179,852,28.0,796
2025-06-09,SKU0093,412,418,28.0,796
2025-06-16,SKU0093,113,891,28.0,796
2025-06-23,SKU0093,0,891,28.0,796
2025-06-30,SKU0093,192,973,28.0,796
2025-07-07,SKU0093,0,973,28.0,796
2025-07-14,SKU0093,298,500,28.0,796
2025-07-21,SKU0093,13,981,28.0,796
2025-07-28,SKU0093,444,481,28.0,796
2025-08-04,SKU0093,87,987,28.0,796
2025-08-11,SKU0093,0,987,28.0,796
2025-08-18,SKU0093,272,506,28.0,796
2025-08-25,SKU0093,61,973,28.0,796
2025-09-01,SKU0093,358,467,28.0,796
2025-09-08,SKU0093,133,917,28.0,796
2025-09-15,SKU0093,0,917,28.0,796
2025-09-22,SKU0093,256,885,28.0,796
2025-09-29,SKU0093,104,885,28.0,796
2025-10-06,SKU0093,287,881,28.0,796
2025-10-13,SKU0093,0,881,28.0,796
2025-10-20,SKU0093,151,446,28.0,796
2025-10-27,SKU0093,0,1200,28.0,796
2025-11-03,SKU0093,375,754,28.0,796
2025-11-10,SKU0093,115,754,28.0,796
2025-11-17,SKU0093,0,1161,28.0,796
2025-11-24,SKU0093,591,407,28.0,796
2025-12-01,SKU0093,14,831,28.0,796
2025-12-08,SKU0093,0,831,28.0,796
2025-12-15,SKU0093,151,841,28.0,796
2025-12-22,SKU0093,0,841,28.0,796
2025-12-29,SKU0093,145,907,28.0,796
2024-01-01,SKU0094,412,0,14.0,298
2024-01-08,SKU0094,70,301,14.0,298
2024-01-15,SKU0094,0,301,14.0,298
2024-01-22,SKU0094,57,364,14.0,298
2024-01-29,SKU0094,0,364,14.0,298
2024-02-05,SKU0094,169,350,14.0,298
2024-02-12,SKU0094,0,350,14.0,298
2024-02-19,SKU0094,252,315,14.0,298
2024-02-26,SKU0094,0,315,14.0,298
2024-03-04,SKU0094,266,301,14.0,298
2024-03-11,SKU0094,0,301,14.0,298
2024-03-18,SKU0094,252,315,14.0,298
2024-03-25,SKU0094,0,315,14.0,298
2024-04-01,SKU0094,266,0,14.0,298
2024-04-08,SKU0094,0,350,14.0,298
2024-04-15,SKU0094,0,350,14.0,298
2024-04-22,SKU0094,8,315,14.0,298
2024-04-29,SKU0094,0,315,14.0,298
2024-05-06,SKU0094,22,301,14.0,298
2024-05-13,SKU0094,0,301,14.0,298
2024-05-20,SKU0094,8,315,14.0,298
2024-05-27,SKU0094,0,315,14.0,298
2024-06-03,SKU0094,22,301,14.0,298
2024-06-10,SKU0094,0,301,14.0,298
2024-06-17,SKU0094,8,315,14.0,298
2024-06-24,SKU0094,0,315,14.0,298
2024-07-01,SKU0094,22,301,14.0,298
2024-07-08,SKU0094,0,301,14.0,298
2024-07-15,SKU0094,8,315,14.0,298
2024-07-22,SKU0094,0,315,14.0,298
2024-07-29,SKU0094,22,301,14.0,298
2024-08-05,SKU0094,0,301,14.0,298
2024-08-12,SKU0094,8,315,14.0,298
2024-08-19,SKU0094,0,315,14.0,298
2024-08-26,SKU0094,22,301,14.0,298
2024-09-02,SKU0094,0,301,14.0,298
2024-09-09,SKU0094,8,315,14.0,298
2024-09-16,SKU0094,0,315,14.0,298
2024-09-23,SKU0094,22,301,14.0,298
2024-09-30,SKU0094,0,301,14.0,298
2024-10-07,SKU0094,8,315,14.0,298
2024-10-14,SKU0094,0,315,14.0,298
2024-10-21,SKU0094,22,301,14.0,298
2024-10-28,SKU0094,0,301,14.0,298
2024-11-04,SKU0094,8,315,14.0,298
2024-11-11,SKU0094,0,315,14.0,298
2024-11-18,SKU0094,22,301,14.0,298
2024-11-25,SKU0094,0,301,14.0,298
2024-12-02,SKU0094,8,315,14.0,298
2024-12-09,SKU0094,0,315,14.0,298
2024-12-16,SKU0094,22,301,14.0,298
2024-12-23,SKU0094,0,301,14.0,298
2024-12-30,SKU0094,8,315,14.0,298
2025-01-06,SKU0094,0,315,14.0,298
2025-01-13,SKU0094,22,301,14.0,298
2025-01-20,SKU0094,0,301,14.0,298
2025-01-27,SKU0094,8,315,14.0,298
2025-02-03,SKU0094,0,315,14.0,298
2025-02-10,SKU0094,22,301,14.0,298
2025-02-17,SKU0094,0,301,14.0,298
2025-02-24,SKU0094,8,315,14.0,298
2025-03-03,SKU0094,0,315,14.0,298
2025-03-10,SKU0094,22,301,14.0,298
2025-03-17,SKU0094,0,301,14.0,298
2025-03-24,SKU0094,8,315,14.0,298
2025-03-31,SKU0094,0,315,14.0,298
2025-04-07,SKU0094,22,301,14.0,298
2025-04-14,SKU0094,0,301,14.0,298
2025-04-21,SKU0094,8,315,14.0,298
2025-04-28,SKU0094,0,315,14.0,298
2025-05-05,SKU0094,22,301,14.0,298
2025-05-12,SKU0094,0,301,14.0,298
2025-05-19,SKU0094,8,315,14.0,298
2025-05-26,SKU0094,0,315,14.0,298
2025-06-02,SKU0094,22,301,14.0,298
2025-06-09,SKU0094,0,301,14.0,298
2025-06-16,SKU0094,8,315,14.0,298
2025-06-23,SKU0094,0,315,14.0,298
2025-06-30,SKU0094,22,301,14.0,298
2025-07-07,SKU0094,0,301,14.0,298
2025-07-14,SKU0094,8,315,14.0,298
2025-07-21,SKU0094,0,315,14.0,298
2025-07-28,SKU0094,40,313,14.0,298
2025-08-04,SKU0094,0,313,14.0,298
2025-08-11,SKU0094,0,405,14.0,298
2025-08-18,SKU0094,0,405,14.0,298
2025-08-25,SKU0094,268,286,14.0,298
2025-09-01,SKU0094,0,567,14.0,298
2025-09-08,SKU0094,204,281,14.0,298
2025-09-15,SKU0094,278,289,14.0,298
2025-09-22,SKU0094,0,289,14.0,298
2025-09-29,SKU0094,262,278,14.0,298
2025-10-06,SKU0094,0,567,14.0,298
2025-10-13,SKU0094,0,567,14.0,298
2025-10-20,SKU0094,0,278,14.0,298
2025-10-27,SKU0094,237,289,14.0,298
2025-11-03,SKU0094,0,567,14.0,298
2025-11-10,SKU0094,0,560,14.0,298
2025-11-17,SKU0094,202,282,14.0,298
2025-11-24,SKU0094,193,374,14.0,298
2025-12-01,SKU0094,0,374,14.0,298
2025-12-08,SKU0094,319,0,14.0,298
2025-12-15,SKU0094,0,300,14.0,298
2025-12-22,SKU0094,0,300,14.0,298
2025-12-29,SKU0094,0,314,14.0,298
2024-01-01,SKU0095,348,0,23.0,339
2024-01-08,SKU0095,232,308,23.0,339
2024-01-15,SKU0095,115,308,23.0,339
2024-01-22,SKU0095,0,308,23.0,339
2024-01-29,SKU0095,0,540,23.0,339
2024-02-05,SKU0095,208,232,23.0,339
2024-02-12,SKU0095,92,232,23.0,339
2024-02-19,SKU0095,207,233,23.0,339
2024-02-26,SKU0095,90,233,23.0,339
2024-03-04,SKU0095,0,466,23.0,339
2024-03-11,SKU0095,150,233,23.0,339
2024-03-18,SKU0095,33,490,23.0,339
2024-03-25,SKU0095,150,257,23.0,339
2024-04-01,SKU0095,33,474,23.0,339
2024-04-08,SKU0095,0,474,23.0,339
2024-04-15,SKU0095,140,217,23.0,339
2024-04-22,SKU0095,241,249,23.0,339
2024-04-29,SKU0095,124,249,23.0,339
2024-05-06,SKU0095,24,466,23.0,339
2024-05-13,SKU0095,224,217,23.0,339
2024-05-20,SKU0095,131,217,23.0,339
2024-05-27,SKU0095,242,0,23.0,339
2024-06-03,SKU0095,160,316,23.0,339
2024-06-10,SKU0095,64,316,23.0,339
2024-06-17,SKU0095,0,525,23.0,339
2024-06-24,SKU0095,250,209,23.0,339
2024-07-01,SKU0095,164,209,23.0,339
2024-07-08,SKU0095,287,225,23.0,339
2024-07-15,SKU0095,209,225,23.0,339
2024-07-22,SKU0095,110,430,23.0,339
2024-07-29,SKU0095,251,205,23.0,339
2024-08-05,SKU0095,98,205,23.0,339
2024-08-12,SKU0095,0,488,23.0,339
2024-08-19,SKU0095,103,283,23.0,339
2024-08-26,SKU0095,13,512,23.0,339
2024-09-02,SKU0095,226,229,23.0,339
2024-09-09,SKU0095,114,229,23.0,339
2024-09-16,SKU0095,12,435,23.0,339
2024-09-23,SKU0095,126,414,23.0,339
2024-09-30,SKU0095,40,414,23.0,339
2024-10-07,SKU0095,125,208,23.0,339
2024-10-14,SKU0095,0,427,23.0,339
2024-10-21,SKU0095,27,513,23.0,339
2024-10-28,SKU0095,0,513,23.0,339
2024-11-04,SKU0095,107,294,23.0,339
2024-11-11,SKU0095,3,505,23.0,339
2024-11-18,SKU0095,190,211,23.0,339
2024-11-25,SKU0095,59,455,23.0,339
2024-12-02,SKU0095,190,244,23.0,339
2024-12-09,SKU0095,34,244,23.0,339
2024-12-16,SKU0095,0,540,23.0,339
2024-12-23,SKU0095,6,534,23.0,339
2024-12-30,SKU0095,0,534,23.0,339
2025-01-06,SKU0095,229,238,23.0,339
2025-01-13,SKU0095,39,238,23.0,339
2025-01-20,SKU0095,183,303,23.0,339
2025-01-27,SKU0095,69,303,23.0,339
2025-02-03,SKU0095,0,531,23.0,339
2025-02-10,SKU0095,251,228,23.0,339
2025-02-17,SKU0095,148,228,23.0,339
2025-02-24,SKU0095,259,0,23.0,339
2025-03-03,SKU0095,141,304,23.0,339
2025-03-10,SKU0095,51,304,23.0,339
2025-03-17,SKU0095,0,540,23.0,339
2025-03-24,SKU0095,243,236,23.0,339
2025-03-31,SKU0095,162,236,23.0,339
2025-04-07,SKU0095,70,448,23.0,339
2025-04-14,SKU0095,186,212,23.0,339
2025-04-21,SKU0095,93,415,23.0,339
2025-04-28,SKU0095,205,203,23.0,339
2025-05-05,SKU0095,132,203,23.0,339
2025-05-12,SKU0095,244,0,23.0,339
2025-05-19,SKU0095,137,388,23.0,339
2025-05-26,SKU0095,61,388,23.0,339
2025-06-02,SKU0095,0,388,23.0,339
2025-06-09,SKU0095,0,388,23.0,339
2025-06-16,SKU0095,281,202,23.0,339
2025-06-23,SKU0095,177,202,23.0,339
2025-06-30,SKU0095,75,408,23.0,339
2025-07-07,SKU0095,174,206,23.0,339
2025-07-14,SKU0095,76,413,23.0,339
2025-07-21,SKU0095,186,207,23.0,339
2025-07-28,SKU0095,75,442,23.0,339
2025-08-04,SKU0095,149,235,23.0,339
2025-08-11,SKU0095,2,448,23.0,339
2025-08-18,SKU0095,221,213,23.0,339
2025-08-25,SKU0095,145,213,23.0,339
2025-09-01,SKU0095,288,202,23.0,339
2025-09-08,SKU0095,212,202,23.0,339
2025-09-15,SKU0095,112,202,23.0,339
2025-09-22,SKU0095,230,254,23.0,339
2025-09-29,SKU0095,140,254,23.0,339
2025-10-06,SKU0095,4,492,23.0,339
2025-10-13,SKU0095,183,238,23.0,339
2025-10-20,SKU0095,0,531,23.0,339
2025-10-27,SKU0095,218,293,23.0,339
2025-11-03,SKU0095,106,293,23.0,339
2025-11-10,SKU0095,0,540,23.0,339
2025-11-17,SKU0095,173,247,23.0,339
2025-11-24,SKU0095,69,463,23.0,339
2025-12-01,SKU0095,0,463,23.0,339
2025-12-08,SKU0095,100,216,23.0,339
2025-12-15,SKU0095,0,476,23.0,339
2025-12-22,SKU0095,94,260,23.0,339
2025-12-29,SKU0095,0,501,23.0,339
2024-01-01,SKU0096,947,0,13.0,682
2024-01-08,SKU0096,579,708,13.0,682
2024-01-15,SKU0096,211,708,13.0,682
2024-01-22,SKU0096,551,684,13.0,682
2024-01-29,SKU0096,182,684,13.0,682
2024-02-05,SKU0096,498,684,13.0,682
2024-02-12,SKU0096,130,684,13.0,682
2024-02-19,SKU0096,446,684,13.0,682
2024-02-26,SKU0096,78,684,13.0,682
2024-03-04,SKU0096,393,684,13.0,682
2024-03-11,SKU0096,25,684,13.0,682
2024-03-18,SKU0096,341,684,13.0,682
2024-03-25,SKU0096,657,0,13.0,682
2024-04-01,SKU0096,288,789,13.0,682
2024-04-08,SKU0096,0,789,13.0,682
2024-04-15,SKU0096,421,709,13.0,682
2024-04-22,SKU0096,53,709,13.0,682
2024-04-29,SKU0096,393,684,13.0,682
2024-05-06,SKU0096,25,684,13.0,682
2024-05-13,SKU0096,341,736,13.0,682
2024-05-20,SKU0096,0,736,13.0,682
2024-05-27,SKU0096,368,709,13.0,682
2024-06-03,SKU0096,0,709,13.0,682
2024-06-10,SKU0096,341,736,13.0,682
2024-06-17,SKU0096,0,736,13.0,682
2024-06-24,SKU0096,368,762,13.0,682
2024-07-01,SKU0096,0,762,13.0,682
2024-07-08,SKU0096,446,736,13.0,682
2024-07-15,SKU0096,78,736,13.0,682
2024-07-22,SKU0096,473,762,13.0,682
2024-07-29,SKU0096,105,762,13.0,682
2024-08-05,SKU0096,552,736,13.0,682
2024-08-12,SKU0096,183,736,13.0,682
2024-08-19,SKU0096,578,709,13.0,682
2024-08-26,SKU0096,210,709,13.0,682
2024-09-02,SKU0096,551,684,13.0,682
2024-09-09,SKU0096,183,684,13.0,682
2024-09-16,SKU0096,499,683,13.0,682
2024-09-23,SKU0096,130,683,13.0,682
2024-09-30,SKU0096,445,684,13.0,682
2024-10-07,SKU0096,77,684,13.0,682
2024-10-14,SKU0096,393,789,13.0,682
2024-10-21,SKU0096,25,789,13.0,682
2024-10-28,SKU0096,526,761,13.0,682
2024-11-04,SKU0096,158,761,13.0,682
2024-11-11,SKU0096,603,684,13.0,682
2024-11-18,SKU0096,235,684,13.0,682
2024-11-25,SKU0096,551,737,13.0,682
2024-12-02,SKU0096,182,737,13.0,682
2024-12-09,SKU0096,579,708,13.0,682
2024-12-16,SKU0096,211,708,13.0,682
2024-12-23,SKU0096,551,684,13.0,682
2024-12-30,SKU0096,182,684,13.0,682
2025-01-06,SKU0096,498,737,13.0,682
2025-01-13,SKU0096,130,737,13.0,682
2025-01-20,SKU0096,527,708,13.0,682
2025-01-27,SKU0096,158,708,13.0,682
2025-02-03,SKU0096,498,684,13.0,682
2025-02-10,SKU0096,130,684,13.0,682
2025-02-17,SKU0096,446,684,13.0,682
2025-02-24,SKU0096,77,684,13.0,682
2025-03-03,SKU0096,393,684,13.0,682
2025-03-10,SKU0096,25,684,13.0,682
2025-03-17,SKU0096,341,684,13.0,682
2025-03-24,SKU0096,656,684,13.0,682
2025-03-31,SKU0096,288,684,13.0,682
2025-04-07,SKU0096,604,683,13.0,682
2025-04-14,SKU0096,236,683,13.0,682
2025-04-21,SKU0096,551,684,13.0,682
2025-04-28,SKU0096,182,684,13.0,682
2025-05-05,SKU0096,498,684,13.0,682
2025-05-12,SKU0096,130,684,13.0,682
2025-05-19,SKU0096,446,684,13.0,682
2025-05-26,SKU0096,77,684,13.0,682
2025-06-02,SKU0096,393,684,13.0,682
2025-06-09,SKU0096,25,684,13.0,682
2025-06-16,SKU0096,341,684,13.0,682
2025-06-23,SKU0096,656,684,13.0,682
2025-06-30,SKU0096,288,684,13.0,682
2025-07-07,SKU0096,604,683,13.0,682
2025-07-14,SKU0096,236,683,13.0,682
2025-07-21,SKU0096,551,737,13.0,682
2025-07-28,SKU0096,182,737,13.0,682
2025-08-04,SKU0096,579,708,13.0,682
2025-08-11,SKU0096,211,708,13.0,682
2025-08-18,SKU0096,551,684,13.0,682
2025-08-25,SKU0096,187,684,13.0,682
2025-09-01,SKU0096,557,681,13.0,682
2025-09-08,SKU0096,233,681,13.0,682
2025-09-15,SKU0096,708,0,13.0,682
2025-09-22,SKU0096,403,689,13.0,682
2025-09-29,SKU0096,856,0,13.0,682
2025-10-06,SKU0096,463,690,13.0,682
2025-10-13,SKU0096,157,690,13.0,682
2025-10-20,SKU0096,207,723,13.0,682
2025-10-27,SKU0096,0,723,13.0,682
2025-11-03,SKU0096,419,756,13.0,682
2025-11-10,SKU0096,67,756,13.0,682
2025-11-17,SKU0096,489,700,13.0,682
2025-11-24,SKU0096,148,700,13.0,682
2025-12-01,SKU0096,234,715,13.0,682
2025-12-08,SKU0096,0,715,13.0,682
2025-12-15,SKU0096,483,761,13.0,682
2025-12-22,SKU0096,173,761,13.0,682
2025-12-29,SKU0096,578,674,13.0,682
2024-01-01,SKU0097,1106,0,17.0,779
2024-01-08,SKU0097,859,0,17.0,779
2024-01-15,SKU0097,612,622,17.0,779
2024-01-22,SKU0097,366,622,17.0,779
2024-01-29,SKU0097,741,0,17.0,779
2024-02-05,SKU0097,494,705,17.0,779
2024-02-12,SKU0097,248,705,17.0,779
2024-02-19,SKU0097,706,599,17.0,779
2024-02-26,SKU0097,459,599,17.0,779
2024-03-04,SKU0097,212,599,17.0,779
2024-03-11,SKU0097,565,599,17.0,779
2024-03-18,SKU0097,318,599,17.0,779
2024-03-25,SKU0097,670,599,17.0,779
2024-04-01,SKU0097,424,599,17.0,779
2024-04-08,SKU0097,776,599,17.0,779
2024-04-15,SKU0097,529,599,17.0,779
2024-04-22,SKU0097,282,599,17.0,779
2024-04-29,SKU0097,635,599,17.0,779
2024-05-06,SKU0097,388,599,17.0,779
2024-05-13,SKU0097,740,599,17.0,779
2024-05-20,SKU0097,494,599,17.0,779
2024-05-27,SKU0097,247,599,17.0,779
2024-06-03,SKU0097,599,600,17.0,779
2024-06-10,SKU0097,352,600,17.0,779
2024-06-17,SKU0097,706,599,17.0,779
2024-06-24,SKU0097,459,599,17.0,779
2024-07-01,SKU0097,212,599,17.0,779
2024-07-08,SKU0097,565,634,17.0,779
2024-07-15,SKU0097,318,634,17.0,779
2024-07-22,SKU0097,705,599,17.0,779
2024-07-29,SKU0097,459,599,17.0,779
2024-08-05,SKU0097,212,599,17.0,779
2024-08-12,SKU0097,564,635,17.0,779
2024-08-19,SKU0097,317,635,17.0,779
2024-08-26,SKU0097,706,599,17.0,779
2024-09-02,SKU0097,459,599,17.0,779
2024-09-09,SKU0097,212,599,17.0,779
2024-09-16,SKU0097,565,599,17.0,779
2024-09-23,SKU0097,318,599,17.0,779
2024-09-30,SKU0097,670,670,17.0,779
2024-10-07,SKU0097,423,670,17.0,779
2024-10-14,SKU0097,177,670,17.0,779
2024-10-21,SKU0097,600,599,17.0,779
2024-10-28,SKU0097,353,599,17.0,779
2024-11-04,SKU0097,706,634,17.0,779
2024-11-11,SKU0097,459,634,17.0,779
2024-11-18,SKU0097,212,634,17.0,779
2024-11-25,SKU0097,599,599,17.0,779
2024-12-02,SKU0097,353,599,17.0,779
2024-12-09,SKU0097,705,599,17.0,779
2024-12-16,SKU0097,458,599,17.0,779
2024-12-23,SKU0097,212,599,17.0,779
2024-12-30,SKU0097,564,600,17.0,779
2025-01-06,SKU0097,317,600,17.0,779
2025-01-13,SKU0097,670,599,17.0,779
2025-01-20,SKU0097,424,599,17.0,779
2025-01-27,SKU0097,776,599,17.0,779
2025-02-03,SKU0097,529,599,17.0,779
2025-02-10,SKU0097,283,599,17.0,779
2025-02-17,SKU0097,635,599,17.0,779
2025-02-24,SKU0097,388,599,17.0,779
2025-03-03,SKU0097,741,634,17.0,779
2025-03-10,SKU0097,494,634,17.0,779
2025-03-17,SKU0097,246,634,17.0,779
2025-03-24,SKU0097,606,683,17.0,779
2025-03-31,SKU0097,385,683,17.0,779
2025-04-07,SKU0097,164,683,17.0,779
2025-04-14,SKU0097,643,627,17.0,779
2025-04-21,SKU0097,421,627,17.0,779
2025-04-28,SKU0097,875,0,17.0,779
2025-05-05,SKU0097,663,624,17.0,779
2025-05-12,SKU0097,441,624,17.0,779
2025-05-19,SKU0097,843,0,17.0,779
2025-05-26,SKU0097,637,636,17.0,779
2025-06-02,SKU0097,430,636,17.0,779
2025-06-09,SKU0097,795,0,17.0,779
2025-06-16,SKU0097,597,610,17.0,779
2025-06-23,SKU0097,425,610,17.0,779
2025-06-30,SKU0097,772,603,17.0,779
2025-07-07,SKU0097,542,603,17.0,779
2025-07-14,SKU0097,354,603,17.0,779
2025-07-21,SKU0097,757,0,17.0,779
2025-07-28,SKU0097,556,677,17.0,779
2025-08-04,SKU0097,227,677,17.0,779
2025-08-11,SKU0097,588,743,17.0,779
2025-08-18,SKU0097,400,743,17.0,779
2025-08-25,SKU0097,214,743,17.0,779
2025-09-01,SKU0097,714,632,17.0,779
2025-09-08,SKU0097,509,632,17.0,779
2025-09-15,SKU0097,336,632,17.0,779
2025-09-22,SKU0097,711,623,17.0,779
2025-09-29,SKU0097,512,623,17.0,779
2025-10-06,SKU0097,263,623,17.0,779
2025-10-13,SKU0097,624,624,17.0,779
2025-10-20,SKU0097,160,624,17.0,779
2025-10-27,SKU0097,556,675,17.0,779
2025-11-03,SKU0097,331,675,17.0,779
2025-11-10,SKU0097,734,602,17.0,779
2025-11-17,SKU0097,448,602,17.0,779
2025-11-24,SKU0097,177,602,17.0,779
2025-12-01,SKU0097,338,722,17.0,779
2025-12-08,SKU0097,25,1324,17.0,779
2025-12-15,SKU0097,607,602,17.0,779
2025-12-22,SKU0097,404,602,17.0,779
2025-12-29,SKU0097,788,0,17.0,779
2024-01-01,SKU0098,153,0,10.0,100
2024-01-08,SKU0098,42,147,10.0,100
2024-01-15,SKU0098,0,147,10.0,100
2024-01-22,SKU0098,36,122,10.0,100
2024-01-29,SKU0098,90,131,10.0,100
2024-02-05,SKU0098,0,131,10.0,100
2024-02-12,SKU0098,52,0,10.0,100
2024-02-19,SKU0098,0,221,10.0,100
2024-02-26,SKU0098,0,221,10.0,100
2024-03-04,SKU0098,110,0,10.0,100
2024-03-11,SKU0098,0,127,10.0,100
2024-03-18,SKU0098,64,0,10.0,100
2024-03-25,SKU0098,0,189,10.0,100
2024-04-01,SKU0098,141,0,10.0,100
2024-04-08,SKU0098,51,154,10.0,100
2024-04-15,SKU0098,0,154,10.0,100
2024-04-22,SKU0098,58,145,10.0,100
2024-04-29,SKU0098,0,145,10.0,100
2024-05-06,SKU0098,44,0,10.0,100
2024-05-13,SKU0098,0,195,10.0,100
2024-05-20,SKU0098,143,0,10.0,100
2024-05-27,SKU0098,56,132,10.0,100
2024-06-03,SKU0098,116,0,10.0,100
2024-06-10,SKU0098,14,192,10.0,100
2024-06-17,SKU0098,0,192,10.0,100
2024-06-24,SKU0098,118,0,10.0,100
2024-07-01,SKU0098,34,134,10.0,100
2024-07-08,SKU0098,104,0,10.0,100
2024-07-15,SKU0098,28,0,10.0,100
2024-07-22,SKU0098,0,0,10.0,100
2024-07-29,SKU0098,0,221,10.0,100
2024-08-05,SKU0098,147,0,10.0,100
2024-08-12,SKU0098,35,142,10.0,100
2024-08-19,SKU0098,130,0,10.0,100
2024-08-26,SKU0098,53,0,10.0,100
2024-09-02,SKU0098,0,204,10.0,100
2024-09-09,SKU0098,163,0,10.0,100
2024-09-16,SKU0098,73,0,10.0,100
2024-09-23,SKU0098,0,195,10.0,100
2024-09-30,SKU0098,186,0,10.0,100
2024-10-07,SKU0098,72,0,10.0,100
2024-10-14,SKU0098,0,180,10.0,100
2024-10-21,SKU0098,121,0,10.0,100
2024-10-28,SKU0098,0,147,10.0,100
2024-11-04,SKU0098,99,0,10.0,100
2024-11-11,SKU0098,18,128,10.0,100
2024-11-18,SKU0098,62,150,10.0,100
2024-11-25,SKU0098,0,150,10.0,100
2024-12-02,SKU0098,0,219,10.0,100
2024-12-09,SKU0098,0,219,10.0,100
2024-12-16,SKU0098,81,140,10.0,100
2024-12-23,SKU0098,0,140,10.0,100
2024-12-30,SKU0098,62,153,10.0,100
2025-01-06,SKU0098,0,153,10.0,100
2025-01-13,SKU0098,0,129,10.0,100
2025-01-20,SKU0098,84,137,10.0,100
2025-01-27,SKU0098,0,137,10.0,100
2025-02-03,SKU0098,46,0,10.0,100
2025-02-10,SKU0098,0,208,10.0,100
2025-02-17,SKU0098,161,0,10.0,100
2025-02-24,SKU0098,51,170,10.0,100
2025-03-03,SKU0098,0,170,10.0,100
2025-03-10,SKU0098,103,0,10.0,100
2025-03-17,SKU0098,0,150,10.0,100
2025-03-24,SKU0098,109,0,10.0,100
2025-03-31,SKU0098,13,131,10.0,100
2025-04-07,SKU0098,79,142,10.0,100
2025-04-14,SKU0098,0,142,10.0,100
2025-04-21,SKU0098,66,155,10.0,100
2025-04-28,SKU0098,0,155,10.0,100
2025-05-05,SKU0098,94,0,10.0,100
2025-05-12,SKU0098,0,179,10.0,100
2025-05-19,SKU0098,163,0,10.0,100
2025-05-26,SKU0098,72,0,10.0,100
2025-06-02,SKU0098,0,165,10.0,100
2025-06-09,SKU0098,101,0,10.0,100
2025-06-16,SKU0098,10,135,10.0,100
2025-06-23,SKU0098,86,0,10.0,100
2025-06-30,SKU0098,0,147,10.0,100
2025-07-07,SKU0098,116,0,10.0,100
2025-07-14,SKU0098,24,124,10.0,100
2025-07-21,SKU0098,75,146,10.0,100
2025-07-28,SKU0098,0,146,10.0,100
2025-08-04,SKU0098,49,172,10.0,100
2025-08-11,SKU0098,0,172,10.0,100
2025-08-18,SKU0098,119,0,10.0,100
2025-08-25,SKU0098,54,0,10.0,100
2025-09-01,SKU0098,0,181,10.0,100
2025-09-08,SKU0098,122,0,10.0,100
2025-09-15,SKU0098,44,147,10.0,100
2025-09-22,SKU0098,0,147,10.0,100
2025-09-29,SKU0098,58,142,10.0,100
2025-10-06,SKU0098,0,142,10.0,100
2025-10-13,SKU0098,29,159,10.0,100
2025-10-20,SKU0098,0,159,10.0,100
2025-10-27,SKU0098,0,124,10.0,100
2025-11-03,SKU0098,81,127,10.0,100
2025-11-10,SKU0098,0,127,10.0,100
2025-11-17,SKU0098,30,124,10.0,100
2025-11-24,SKU0098,91,0,10.0,100
2025-12-01,SKU0098,0,159,10.0,100
2025-12-08,SKU0098,86,0,10.0,100
2025-12-15,SKU0098,0,165,10.0,100
2025-12-22,SKU0098,99,122,10.0,100
2025-12-29,SKU0098,0,122,10.0,100
2024-01-01,SKU0099,491,0,15.0,287
2024-01-08,SKU0099,400,0,15.0,287
2024-01-15,SKU0099,309,0,15.0,287
2024-01-22,SKU0099,218,301,15.0,287
2024-01-29,SKU0099,127,301,15.0,287
2024-02-05,SKU0099,337,0,15.0,287
2024-02-12,SKU0099,246,247,15.0,287
2024-02-19,SKU0099,155,247,15.0,287
2024-02-26,SKU0099,311,0,15.0,287
2024-03-04,SKU0099,220,260,15.0,287
2024-03-11,SKU0099,129,260,15.0,287
2024-03-18,SKU0099,298,0,15.0,287
2024-03-25,SKU0099,207,273,15.0,287
2024-04-01,SKU0099,116,273,15.0,287
2024-04-08,SKU0099,298,0,15.0,287
2024-04-15,SKU0099,207,312,15.0,287
2024-04-22,SKU0099,116,312,15.0,287
2024-04-29,SKU0099,337,0,15.0,287
2024-05-06,SKU0099,246,247,15.0,287
2024-05-13,SKU0099,155,247,15.0,287
2024-05-20,SKU0099,311,0,15.0,287
2024-05-27,SKU0099,220,247,15.0,287
2024-06-03,SKU0099,129,247,15.0,287
2024-06-10,SKU0099,285,247,15.0,287
2024-06-17,SKU0099,194,247,15.0,287
2024-06-24,SKU0099,103,247,15.0,287
2024-07-01,SKU0099,259,273,15.0,287
2024-07-08,SKU0099,168,273,15.0,287
2024-07-15,SKU0099,77,273,15.0,287
2024-07-22,SKU0099,259,260,15.0,287
2024-07-29,SKU0099,167,260,15.0,287
2024-08-05,SKU0099,336,0,15.0,287
2024-08-12,SKU0099,245,248,15.0,287
2024-08-19,SKU0099,154,248,15.0,287
2024-08-26,SKU0099,311,0,15.0,287
2024-09-02,SKU0099,220,260,15.0,287
2024-09-09,SKU0099,129,260,15.0,287
2024-09-16,SKU0099,298,0,15.0,287
2024-09-23,SKU0099,207,247,15.0,287
2024-09-30,SKU0099,116,247,15.0,287
2024-10-07,SKU0099,272,247,15.0,287
2024-10-14,SKU0099,181,247,15.0,287
2024-10-21,SKU0099,337,0,15.0,287
2024-10-28,SKU0099,246,247,15.0,287
2024-11-04,SKU0099,155,247,15.0,287
2024-11-11,SKU0099,326,0,15.0,287
2024-11-18,SKU0099,244,258,15.0,287
2024-11-25,SKU0099,163,258,15.0,287
2024-12-02,SKU0099,259,0,15.0,287
2024-12-09,SKU0099,160,291,15.0,287
2024-12-16,SKU0099,46,291,15.0,287
2024-12-23,SKU0099,163,286,15.0,287
2024-12-30,SKU0099,63,286,15.0,287
2025-01-06,SKU0099,208,246,15.0,287
2025-01-13,SKU0099,62,246,15.0,287
2025-01-20,SKU0099,216,263,15.0,287
2025-01-27,SKU0099,124,263,15.0,287
2025-02-03,SKU0099,274,0,15.0,287
2025-02-10,SKU0099,188,272,15.0,287
2025-02-17,SKU0099,101,272,15.0,287
2025-02-24,SKU0099,292,0,15.0,287
2025-03-03,SKU0099,203,275,15.0,287
2025-03-10,SKU0099,146,275,15.0,287
2025-03-17,SKU0099,357,0,15.0,287
2025-03-24,SKU0099,295,0,15.0,287
2025-03-31,SKU0099,238,247,15.0,287
2025-04-07,SKU0099,168,247,15.0,287
2025-04-14,SKU0099,353,0,15.0,287
2025-04-21,SKU0099,279,0,15.0,287
2025-04-28,SKU0099,198,262,15.0,287
2025-05-05,SKU0099,120,262,15.0,287
2025-05-12,SKU0099,296,0,15.0,287
2025-05-19,SKU0099,229,249,15.0,287
2025-05-26,SKU0099,177,249,15.0,287
2025-06-02,SKU0099,342,0,15.0,287
2025-06-09,SKU0099,255,251,15.0,287
2025-06-16,SKU0099,201,251,15.0,287
2025-06-23,SKU0099,391,0,15.0,287
2025-06-30,SKU0099,293,0,15.0,287
2025-07-07,SKU0099,215,257,15.0,287
2025-07-14,SKU0099,142,257,15.0,287
2025-07-21,SKU0099,338,0,15.0,287
2025-07-28,SKU0099,264,256,15.0,287
2025-08-04,SKU0099,160,256,15.0,287
2025-08-11,SKU0099,304,0,15.0,287
2025-08-18,SKU0099,220,259,15.0,287
2025-08-25,SKU0099,146,259,15.0,287
2025-09-01,SKU0099,330,0,15.0,287
2025-09-08,SKU0099,241,0,15.0,287
2025-09-15,SKU0099,176,307,15.0,287
2025-09-22,SKU0099,89,307,15.0,287
2025-09-29,SKU0099,338,0,15.0,287
2025-10-06,SKU0099,252,247,15.0,287
2025-10-13,SKU0099,171,247,15.0,287
2025-10-20,SKU0099,265,0,15.0,287
2025-10-27,SKU0099,149,303,15.0,287
2025-11-03,SKU0099,58,303,15.0,287
2025-11-10,SKU0099,270,250,15.0,287
2025-11-17,SKU0099,179,250,15.0,287
2025-11-24,SKU0099,336,0,15.0,287
2025-12-01,SKU0099,160,273,15.0,287
2025-12-08,SKU0099,34,273,15.0,287
2025-12-15,SKU0099,226,0,15.0,287
2025-12-22,SKU0099,135,362,15.0,287
2025-12-29,SKU0099,46,362,15.0,287
2024-01-01,SKU0100,286,0,13.0,231
2024-01-08,SKU0100,187,226,13.0,231
2024-01-15,SKU0100,87,226,13.0,231
2024-01-22,SKU0100,214,0,13.0,231
2024-01-29,SKU0100,115,312,13.0,231
2024-02-05,SKU0100,16,312,13.0,231
2024-02-12,SKU0100,255,0,13.0,231
2024-02-19,SKU0100,156,242,13.0,231
2024-02-26,SKU0100,57,242,13.0,231
2024-03-04,SKU0100,200,0,13.0,231
2024-03-11,SKU0100,100,270,13.0,231
2024-03-18,SKU0100,271,0,13.0,231
2024-03-25,SKU0100,172,241,13.0,231
2024-04-01,SKU0100,73,241,13.0,231
2024-04-08,SKU0100,214,241,13.0,231
2024-04-15,SKU0100,115,241,13.0,231
2024-04-22,SKU0100,257,0,13.0,231
2024-04-29,SKU0100,158,226,13.0,231
2024-05-06,SKU0100,59,226,13.0,231
2024-05-13,SKU0100,185,227,13.0,231
2024-05-20,SKU0100,86,227,13.0,231
2024-05-27,SKU0100,214,227,13.0,231
2024-06-03,SKU0100,115,227,13.0,231
2024-06-10,SKU0100,242,0,13.0,231
2024-06-17,SKU0100,143,284,13.0,231
2024-06-24,SKU0100,44,284,13.0,231
2024-07-01,SKU0100,223,0,13.0,231
2024-07-08,SKU0100,130,250,13.0,231
2024-07-15,SKU0100,300,0,13.0,231
2024-07-22,SKU0100,216,0,13.0,231
2024-07-29,SKU0100,154,255,13.0,231
2024-08-05,SKU0100,20,255,13.0,231
2024-08-12,SKU0100,178,235,13.0,231
2024-08-19,SKU0100,91,235,13.0,231
2024-08-26,SKU0100,258,0,13.0,231
2024-09-02,SKU0100,181,235,13.0,231
2024-09-09,SKU0100,119,235,13.0,231
2024-09-16,SKU0100,289,0,13.0,231
2024-09-23,SKU0100,217,231,13.0,231
2024-09-30,SKU0100,128,231,13.0,231
2024-10-07,SKU0100,242,0,13.0,231
2024-10-14,SKU0100,147,247,13.0,231
2024-10-21,SKU0100,0,247,13.0,231
2024-10-28,SKU0100,153,262,13.0,231
2024-11-04,SKU0100,53,262,13.0,231
2024-11-11,SKU0100,206,235,13.0,231
2024-11-18,SKU0100,108,235,13.0,231
2024-11-25,SKU0100,234,0,13.0,231
2024-12-02,SKU0100,33,265,13.0,231
2024-12-09,SKU0100,0,265,13.0,231
2024-12-16,SKU0100,127,260,13.0,231
2024-12-23,SKU0100,0,260,13.0,231
2024-12-30,SKU0100,202,238,13.0,231
2025-01-06,SKU0100,29,238,13.0,231
2025-01-13,SKU0100,185,0,13.0,231
2025-01-20,SKU0100,109,337,13.0,231
2025-01-27,SKU0100,4,337,13.0,231
2025-02-03,SKU0100,282,0,13.0,231
2025-02-10,SKU0100,159,243,13.0,231
2025-02-17,SKU0100,57,243,13.0,231
2025-02-24,SKU0100,191,251,13.0,231
2025-03-03,SKU0100,119,251,13.0,231
2025-03-10,SKU0100,286,0,13.0,231
2025-03-17,SKU0100,186,225,13.0,231
2025-03-24,SKU0100,106,225,13.0,231
2025-03-31,SKU0100,263,0,13.0,231
2025-04-07,SKU0100,187,228,13.0,231
2025-04-14,SKU0100,115,228,13.0,231
2025-04-21,SKU0100,265,0,13.0,231
2025-04-28,SKU0100,169,278,13.0,231
2025-05-05,SKU0100,96,278,13.0,231
2025-05-12,SKU0100,285,0,13.0,231
2025-05-19,SKU0100,215,0,13.0,231
2025-05-26,SKU0100,156,259,13.0,231
2025-06-02,SKU0100,61,259,13.0,231
2025-06-09,SKU0100,255,0,13.0,231
2025-06-16,SKU0100,188,235,13.0,231
2025-06-23,SKU0100,108,235,13.0,231
2025-06-30,SKU0100,243,0,13.0,231
2025-07-07,SKU0100,173,235,13.0,231
2025-07-14,SKU0100,87,235,13.0,231
2025-07-21,SKU0100,250,0,13.0,231
2025-07-28,SKU0100,161,0,13.0,231
2025-08-04,SKU0100,29,426,13.0,231
2025-08-11,SKU0100,0,426,13.0,231
2025-08-18,SKU0100,400,0,13.0,231
2025-08-25,SKU0100,332,0,13.0,231
2025-09-01,SKU0100,253,0,13.0,231
2025-09-08,SKU0100,162,0,13.0,231
2025-09-15,SKU0100,90,0,13.0,231
2025-09-22,SKU0100,30,372,13.0,231
2025-09-29,SKU0100,368,0,13.0,231
2025-10-06,SKU0100,288,0,13.0,231
2025-10-13,SKU0100,203,252,13.0,231
2025-10-20,SKU0100,26,252,13.0,231
2025-10-27,SKU0100,222,0,13.0,231
2025-11-03,SKU0100,105,259,13.0,231
2025-11-10,SKU0100,14,259,13.0,231
2025-11-17,SKU0100,175,0,13.0,231
2025-11-24,SKU0100,58,294,13.0,231
2025-12-01,SKU0100,264,0,13.0,231
2025-12-08,SKU0100,139,0,13.0,231
2025-12-15,SKU0100,31,397,13.0,231
2025-12-22,SKU0100,0,397,13.0,231
2025-12-29,SKU0100,338,0,13.0,231
2024-01-01,SKU0101,642,0,15.0,481
2024-01-08,SKU0101,417,442,15.0,481
2024-01-15,SKU0101,193,442,15.0,481
2024-01-22,SKU0101,410,417,15.0,481
2024-01-29,SKU0101,186,417,15.0,481
2024-02-05,SKU0101,378,416,15.0,481
2024-02-12,SKU0101,154,416,15.0,481
2024-02-19,SKU0101,345,450,15.0,481
2024-02-26,SKU0101,121,450,15.0,481
2024-03-04,SKU0101,354,417,15.0,481
2024-03-11,SKU0101,129,417,15.0,481
2024-03-18,SKU0101,322,441,15.0,481
2024-03-25,SKU0101,97,441,15.0,481
2024-04-01,SKU0101,314,417,15.0,481
2024-04-08,SKU0101,89,417,15.0,481
2024-04-15,SKU0101,282,417,15.0,481
2024-04-22,SKU0101,57,834,15.0,481
2024-04-29,SKU0101,273,417,15.0,481
2024-05-06,SKU0101,113,417,15.0,481
2024-05-13,SKU0101,397,418,15.0,481
2024-05-20,SKU0101,186,418,15.0,481
2024-05-27,SKU0101,411,480,15.0,481
2024-06-03,SKU0101,184,480,15.0,481
2024-06-10,SKU0101,0,480,15.0,481
2024-06-17,SKU0101,269,429,15.0,481
2024-06-24,SKU0101,75,429,15.0,481
2024-07-01,SKU0101,326,431,15.0,481
2024-07-08,SKU0101,151,431,15.0,481
2024-07-15,SKU0101,394,438,15.0,481
2024-07-22,SKU0101,209,438,15.0,481
2024-07-29,SKU0101,524,0,15.0,481
2024-08-05,SKU0101,255,411,15.0,481
2024-08-12,SKU0101,0,850,15.0,481
2024-08-19,SKU0101,286,439,15.0,481
2024-08-26,SKU0101,568,0,15.0,481
2024-09-02,SKU0101,387,434,15.0,481
2024-09-09,SKU0101,219,434,15.0,481
2024-09-16,SKU0101,486,0,15.0,481
2024-09-23,SKU0101,286,434,15.0,481
2024-09-30,SKU0101,101,434,15.0,481
2024-10-07,SKU0101,304,488,15.0,481
2024-10-14,SKU0101,117,488,15.0,481
2024-10-21,SKU0101,273,474,15.0,481
2024-10-28,SKU0101,0,474,15.0,481
2024-11-04,SKU0101,434,417,15.0,481
2024-11-11,SKU0101,198,417,15.0,481
2024-11-18,SKU0101,401,423,15.0,481
2024-11-25,SKU0101,160,423,15.0,481
2024-12-02,SKU0101,291,600,15.0,481
2024-12-09,SKU0101,43,600,15.0,481
2024-12-16,SKU0101,0,600,15.0,481
2024-12-23,SKU0101,142,415,15.0,481
2024-12-30,SKU0101,0,853,15.0,481
2025-01-06,SKU0101,135,438,15.0,481
2025-01-13,SKU0101,178,512,15.0,481
2025-01-20,SKU0101,0,512,15.0,481
2025-01-27,SKU0101,344,459,15.0,481
2025-02-03,SKU0101,75,459,15.0,481
2025-02-10,SKU0101,370,432,15.0,481
2025-02-17,SKU0101,169,432,15.0,481
2025-02-24,SKU0101,393,418,15.0,481
2025-03-03,SKU0101,177,418,15.0,481
2025-03-10,SKU0101,386,426,15.0,481
2025-03-17,SKU0101,190,426,15.0,481
2025-03-24,SKU0101,491,0,15.0,481
2025-03-31,SKU0101,319,419,15.0,481
2025-04-07,SKU0101,108,419,15.0,481
2025-04-14,SKU0101,381,449,15.0,481
2025-04-21,SKU0101,181,449,15.0,481
2025-04-28,SKU0101,453,416,15.0,481
2025-05-05,SKU0101,256,416,15.0,481
2025-05-12,SKU0101,555,0,15.0,481
2025-05-19,SKU0101,336,453,15.0,481
2025-05-26,SKU0101,131,453,15.0,481
2025-06-02,SKU0101,428,0,15.0,481
2025-06-09,SKU0101,305,467,15.0,481
2025-06-16,SKU0101,164,467,15.0,481
2025-06-23,SKU0101,461,430,15.0,481
2025-06-30,SKU0101,274,430,15.0,481
2025-07-07,SKU0101,53,430,15.0,481
2025-07-14,SKU0101,304,456,15.0,481
2025-07-21,SKU0101,101,456,15.0,481
2025-07-28,SKU0101,380,420,15.0,481
2025-08-04,SKU0101,126,420,15.0,481
2025-08-11,SKU0101,276,584,15.0,481
2025-08-18,SKU0101,80,584,15.0,481
2025-08-25,SKU0101,565,0,15.0,481
2025-09-01,SKU0101,325,476,15.0,481
2025-09-08,SKU0101,144,476,15.0,481
2025-09-15,SKU0101,479,412,15.0,481
2025-09-22,SKU0101,292,412,15.0,481
2025-09-29,SKU0101,130,412,15.0,481
2025-10-06,SKU0101,275,424,15.0,481
2025-10-13,SKU0101,53,838,15.0,481
2025-10-20,SKU0101,138,414,15.0,481
2025-10-27,SKU0101,0,852,15.0,481
2025-11-03,SKU0101,167,438,15.0,481
2025-11-10,SKU0101,376,515,15.0,481
2025-11-17,SKU0101,123,515,15.0,481
2025-11-24,SKU0101,0,515,15.0,481
2025-12-01,SKU0101,72,437,15.0,481
2025-12-08,SKU0101,0,891,15.0,481
2025-12-15,SKU0101,203,454,15.0,481
2025-12-22,SKU0101,434,428,15.0,481
2025-12-29,SKU0101,163,428,15.0,481
2024-01-01,SKU0102,268,0,8.0,210
2024-01-08,SKU0102,0,413,8.0,210
2024-01-15,SKU0102,297,0,8.0,210
2024-01-22,SKU0102,25,346,8.0,210
2024-01-29,SKU0102,191,335,8.0,210
2024-02-05,SKU0102,0,335,8.0,210
2024-02-12,SKU0102,63,385,8.0,210
2024-02-19,SKU0102,307,0,8.0,210
2024-02-26,SKU0102,36,413,8.0,210
2024-03-04,SKU0102,335,0,8.0,210
2024-03-11,SKU0102,64,385,8.0,210
2024-03-18,SKU0102,307,0,8.0,210
2024-03-25,SKU0102,36,335,8.0,210
2024-04-01,SKU0102,180,0,8.0,210
2024-04-08,SKU0102,0,385,8.0,210
2024-04-15,SKU0102,152,374,8.0,210
2024-04-22,SKU0102,0,374,8.0,210
2024-04-29,SKU0102,102,346,8.0,210
2024-05-06,SKU0102,268,0,8.0,210
2024-05-13,SKU0102,0,374,8.0,210
2024-05-20,SKU0102,219,0,8.0,210
2024-05-27,SKU0102,0,424,8.0,210
2024-06-03,SKU0102,269,0,8.0,210
2024-06-10,SKU0102,0,374,8.0,210
2024-06-17,SKU0102,219,0,8.0,210
2024-06-24,SKU0102,0,424,8.0,210
2024-07-01,SKU0102,269,0,8.0,210
2024-07-08,SKU0102,0,335,8.0,210
2024-07-15,SKU0102,141,0,8.0,210
2024-07-22,SKU0102,0,424,8.0,210
2024-07-29,SKU0102,191,335,8.0,210
2024-08-05,SKU0102,0,335,8.0,210
2024-08-12,SKU0102,63,346,8.0,210
2024-08-19,SKU0102,230,0,8.0,210
2024-08-26,SKU0102,0,374,8.0,210
2024-09-02,SKU0102,180,346,8.0,210
2024-09-09,SKU0102,0,346,8.0,210
2024-09-16,SKU0102,74,335,8.0,210
2024-09-23,SKU0102,219,0,8.0,210
2024-09-30,SKU0102,0,385,8.0,210
2024-10-07,SKU0102,191,335,8.0,210
2024-10-14,SKU0102,0,335,8.0,210
2024-10-21,SKU0102,63,346,8.0,210
2024-10-28,SKU0102,230,0,8.0,210
2024-11-04,SKU0102,0,335,8.0,210
2024-11-11,SKU0102,102,385,8.0,210
2024-11-18,SKU0102,346,0,8.0,210
2024-11-25,SKU0102,0,322,8.0,210
2024-12-02,SKU0102,86,0,8.0,210
2024-12-09,SKU0102,0,492,8.0,210
2024-12-16,SKU0102,145,325,8.0,210
2024-12-23,SKU0102,255,0,8.0,210
2024-12-30,SKU0102,0,347,8.0,210
2025-01-06,SKU0102,0,370,8.0,210
2025-01-13,SKU0102,250,0,8.0,210
2025-01-20,SKU0102,0,355,8.0,210
2025-01-27,SKU0102,72,325,8.0,210
2025-02-03,SKU0102,237,0,8.0,210
2025-02-10,SKU0102,0,320,8.0,210
2025-02-17,SKU0102,97,404,8.0,210
2025-02-24,SKU0102,364,0,8.0,210
2025-03-03,SKU0102,150,0,8.0,210
2025-03-10,SKU0102,0,376,8.0,210
2025-03-17,SKU0102,197,329,8.0,210
2025-03-24,SKU0102,19,329,8.0,210
2025-03-31,SKU0102,128,342,8.0,210
2025-04-07,SKU0102,288,0,8.0,210
2025-04-14,SKU0102,104,365,8.0,210
2025-04-21,SKU0102,298,0,8.0,210
2025-04-28,SKU0102,92,331,8.0,210
2025-05-05,SKU0102,238,0,8.0,210
2025-05-12,SKU0102,53,373,8.0,210
2025-05-19,SKU0102,261,0,8.0,210
2025-05-26,SKU0102,42,373,8.0,210
2025-06-02,SKU0102,280,0,8.0,210
2025-06-09,SKU0102,90,339,8.0,210
2025-06-16,SKU0102,261,0,8.0,210
2025-06-23,SKU0102,14,332,8.0,210
2025-06-30,SKU0102,149,338,8.0,210
2025-07-07,SKU0102,291,0,8.0,210
2025-07-14,SKU0102,37,326,8.0,210
2025-07-21,SKU0102,191,0,8.0,210
2025-07-28,SKU0102,5,357,8.0,210
2025-08-04,SKU0102,123,363,8.0,210
2025-08-11,SKU0102,336,0,8.0,210
2025-08-18,SKU0102,72,347,8.0,210
2025-08-25,SKU0102,228,0,8.0,210
2025-09-01,SKU0102,0,330,8.0,210
2025-09-08,SKU0102,153,347,8.0,210
2025-09-15,SKU0102,303,0,8.0,210
2025-09-22,SKU0102,79,329,8.0,210
2025-09-29,SKU0102,183,0,8.0,210
2025-10-06,SKU0102,0,444,8.0,210
2025-10-13,SKU0102,284,0,8.0,210
2025-10-20,SKU0102,0,411,8.0,210
2025-10-27,SKU0102,218,0,8.0,210
2025-11-03,SKU0102,0,359,8.0,210
2025-11-10,SKU0102,119,318,8.0,210
2025-11-17,SKU0102,261,0,8.0,210
2025-11-24,SKU0102,0,390,8.0,210
2025-12-01,SKU0102,109,0,8.0,210
2025-12-08,SKU0102,0,526,8.0,210
2025-12-15,SKU0102,311,0,8.0,210
2025-12-22,SKU0102,14,318,8.0,210
2025-12-29,SKU0102,138,349,8.0,210
2024-01-01,SKU0103,303,0,8.0,201
2024-01-08,SKU0103,173,311,8.0,201
2024-01-15,SKU0103,355,0,8.0,201
2024-01-22,SKU0103,226,0,8.0,201
2024-01-29,SKU0103,97,314,8.0,201
2024-02-05,SKU0103,281,0,8.0,201
2024-02-12,SKU0103,152,351,8.0,201
2024-02-19,SKU0103,23,351,8.0,201
2024-02-26,SKU0103,245,0,8.0,201
2024-03-04,SKU0103,115,314,8.0,201
2024-03-11,SKU0103,300,0,8.0,201
2024-03-18,SKU0103,171,332,8.0,201
2024-03-25,SKU0103,42,332,8.0,201
2024-04-01,SKU0103,244,0,8.0,201
2024-04-08,SKU0103,115,314,8.0,201
2024-04-15,SKU0103,300,0,8.0,201
2024-04-22,SKU0103,171,314,8.0,201
2024-04-29,SKU0103,356,0,8.0,201
2024-05-06,SKU0103,226,0,8.0,201
2024-05-13,SKU0103,97,332,8.0,201
2024-05-20,SKU0103,300,0,8.0,201
2024-05-27,SKU0103,171,314,8.0,201
2024-06-03,SKU0103,355,0,8.0,201
2024-06-10,SKU0103,226,0,8.0,201
2024-06-17,SKU0103,97,351,8.0,201
2024-06-24,SKU0103,319,0,8.0,201
2024-07-01,SKU0103,189,314,8.0,201
2024-07-08,SKU0103,60,314,8.0,201
2024-07-15,SKU0103,245,0,8.0,201
2024-07-22,SKU0103,116,313,8.0,201
2024-07-29,SKU0103,299,0,8.0,201
2024-08-05,SKU0103,170,0,8.0,201
2024-08-12,SKU0103,41,370,8.0,201
2024-08-19,SKU0103,282,0,8.0,201
2024-08-26,SKU0103,153,332,8.0,201
2024-09-02,SKU0103,355,0,8.0,201
2024-09-09,SKU0103,226,0,8.0,201
2024-09-16,SKU0103,97,314,8.0,201
2024-09-23,SKU0103,282,0,8.0,201
2024-09-30,SKU0103,152,314,8.0,201
2024-10-07,SKU0103,337,0,8.0,201
2024-10-14,SKU0103,208,0,8.0,201
2024-10-21,SKU0103,79,369,8.0,201
2024-10-28,SKU0103,318,0,8.0,201
2024-11-04,SKU0103,189,314,8.0,201
2024-11-11,SKU0103,60,314,8.0,201
2024-11-18,SKU0103,245,0,8.0,201
2024-11-25,SKU0103,115,314,8.0,201
2024-12-02,SKU0103,300,0,8.0,201
2024-12-09,SKU0103,171,332,8.0,201
2024-12-16,SKU0103,42,332,8.0,201
2024-12-23,SKU0103,245,0,8.0,201
2024-12-30,SKU0103,105,314,8.0,201
2025-01-06,SKU0103,202,0,8.0,201
2025-01-13,SKU0103,2,330,8.0,201
2025-01-20,SKU0103,221,0,8.0,201
2025-01-27,SKU0103,79,316,8.0,201
2025-02-03,SKU0103,262,0,8.0,201
2025-02-10,SKU0103,134,305,8.0,201
2025-02-17,SKU0103,313,0,8.0,201
2025-02-24,SKU0103,156,303,8.0,201
2025-03-03,SKU0103,301,0,8.0,201
2025-03-10,SKU0103,181,306,8.0,201
2025-03-17,SKU0103,393,0,8.0,201
2025-03-24,SKU0103,271,0,8.0,201
2025-03-31,SKU0103,160,305,8.0,201
2025-04-07,SKU0103,372,0,8.0,201
2025-04-14,SKU0103,253,0,8.0,201
2025-04-21,SKU0103,146,328,8.0,201
2025-04-28,SKU0103,351,0,8.0,201
2025-05-05,SKU0103,235,0,8.0,201
2025-05-12,SKU0103,128,317,8.0,201
2025-05-19,SKU0103,338,0,8.0,201
2025-05-26,SKU0103,217,0,8.0,201
2025-06-02,SKU0103,103,342,8.0,201
2025-06-09,SKU0103,317,0,8.0,201
2025-06-16,SKU0103,206,0,8.0,201
2025-06-23,SKU0103,122,310,8.0,201
2025-06-30,SKU0103,342,0,8.0,201
2025-07-07,SKU0103,239,0,8.0,201
2025-07-14,SKU0103,145,358,8.0,201
2025-07-21,SKU0103,37,358,8.0,201
2025-07-28,SKU0103,305,0,8.0,201
2025-08-04,SKU0103,158,326,8.0,201
2025-08-11,SKU0103,324,0,8.0,201
2025-08-18,SKU0103,227,0,8.0,201
2025-08-25,SKU0103,136,307,8.0,201
2025-09-01,SKU0103,335,0,8.0,201
2025-09-08,SKU0103,257,0,8.0,201
2025-09-15,SKU0103,156,331,8.0,201
2025-09-22,SKU0103,378,0,8.0,201
2025-09-29,SKU0103,259,0,8.0,201
2025-10-06,SKU0103,134,0,8.0,201
2025-10-13,SKU0103,11,412,8.0,201
2025-10-20,SKU0103,229,0,8.0,201
2025-10-27,SKU0103,49,334,8.0,201
2025-11-03,SKU0103,248,0,8.0,201
2025-11-10,SKU0103,87,331,8.0,201
2025-11-17,SKU0103,253,0,8.0,201
2025-11-24,SKU0103,121,326,8.0,201
2025-12-01,SKU0103,209,0,8.0,201
2025-12-08,SKU0103,38,319,8.0,201
2025-12-15,SKU0103,237,0,8.0,201
2025-12-22,SKU0103,115,331,8.0,201
2025-12-29,SKU0103,305,0,8.0,201
2024-01-01,SKU0104,666,0,9.0,482
2024-01-08,SKU0104,416,0,9.0,482
2024-01-15,SKU0104,166,750,9.0,482
2024-01-22,SKU0104,665,0,9.0,482
2024-01-29,SKU0104,415,0,9.0,482
2024-02-05,SKU0104,165,751,9.0,482
2024-02-12,SKU0104,665,0,9.0,482
2024-02-19,SKU0104,415,679,9.0,482
2024-02-26,SKU0104,165,679,9.0,482
2024-03-04,SKU0104,594,0,9.0,482
2024-03-11,SKU0104,343,679,9.0,482
2024-03-18,SKU0104,772,0,9.0,482
2024-03-25,SKU0104,558,0,9.0,482
2024-04-01,SKU0104,405,0,9.0,482
2024-04-08,SKU0104,151,764,9.0,482
2024-04-15,SKU0104,757,0,9.0,482
2024-04-22,SKU0104,512,0,9.0,482
2024-04-29,SKU0104,340,666,9.0,482
2024-05-06,SKU0104,826,0,9.0,482
2024-05-13,SKU0104,628,0,9.0,482
2024-05-20,SKU0104,420,0,9.0,482
2024-05-27,SKU0104,189,738,9.0,482
2024-06-03,SKU0104,759,0,9.0,482
2024-06-10,SKU0104,604,0,9.0,482
2024-06-17,SKU0104,384,685,9.0,482
2024-06-24,SKU0104,812,0,9.0,482
2024-07-01,SKU0104,588,0,9.0,482
2024-07-08,SKU0104,407,670,9.0,482
2024-07-15,SKU0104,907,0,9.0,482
2024-07-22,SKU0104,716,0,9.0,482
2024-07-29,SKU0104,600,0,9.0,482
2024-08-05,SKU0104,280,705,9.0,482
2024-08-12,SKU0104,674,0,9.0,482
2024-08-19,SKU0104,461,0,9.0,482
2024-08-26,SKU0104,238,685,9.0,482
2024-09-02,SKU0104,729,0,9.0,482
2024-09-09,SKU0104,510,0,9.0,482
2024-09-16,SKU0104,296,756,9.0,482
2024-09-23,SKU0104,848,0,9.0,482
2024-09-30,SKU0104,619,0,9.0,482
2024-10-07,SKU0104,349,706,9.0,482
2024-10-14,SKU0104,821,0,9.0,482
2024-10-21,SKU0104,362,768,9.0,482
2024-10-28,SKU0104,17,768,9.0,482
2024-11-04,SKU0104,546,0,9.0,482
2024-11-11,SKU0104,367,748,9.0,482
2024-11-18,SKU0104,104,748,9.0,482
2024-11-25,SKU0104,537,0,9.0,482
2024-12-02,SKU0104,56,1012,9.0,482
2024-12-09,SKU0104,0,1012,9.0,482
2024-12-16,SKU0104,681,0,9.0,482
2024-12-23,SKU0104,213,735,9.0,482
2024-12-30,SKU0104,703,0,9.0,482
2025-01-06,SKU0104,298,832,9.0,482
2025-01-13,SKU0104,0,832,9.0,482
2025-01-20,SKU0104,660,0,9.0,482
2025-01-27,SKU0104,393,0,9.0,482
2025-02-03,SKU0104,144,748,9.0,482
2025-02-10,SKU0104,646,0,9.0,482
2025-02-17,SKU0104,404,667,9.0,482
2025-02-24,SKU0104,778,0,9.0,482
2025-03-03,SKU0104,547,0,9.0,482
2025-03-10,SKU0104,319,0,9.0,482
2025-03-17,SKU0104,87,1043,9.0,482
2025-03-24,SKU0104,0,1043,9.0,482
2025-03-31,SKU0104,857,0,9.0,482
2025-04-07,SKU0104,649,0,9.0,482
2025-04-14,SKU0104,428,0,9.0,482
2025-04-21,SKU0104,188,880,9.0,482
2025-04-28,SKU0104,855,0,9.0,482
2025-05-05,SKU0104,685,0,9.0,482
2025-05-12,SKU0104,468,662,9.0,482
2025-05-19,SKU0104,290,662,9.0,482
2025-05-26,SKU0104,719,0,9.0,482
2025-06-02,SKU0104,495,0,9.0,482
2025-06-09,SKU0104,255,745,9.0,482
2025-06-16,SKU0104,790,0,9.0,482
2025-06-23,SKU0104,565,0,9.0,482
2025-06-30,SKU0104,335,694,9.0,482
2025-07-07,SKU0104,804,0,9.0,482
2025-07-14,SKU0104,633,0,9.0,482
2025-07-21,SKU0104,420,678,9.0,482
2025-07-28,SKU0104,199,678,9.0,482
2025-08-04,SKU0104,535,0,9.0,482
2025-08-11,SKU0104,155,649,9.0,482
2025-08-18,SKU0104,584,0,9.0,482
2025-08-25,SKU0104,362,651,9.0,482
2025-09-01,SKU0104,808,0,9.0,482
2025-09-08,SKU0104,608,0,9.0,482
2025-09-15,SKU0104,396,0,9.0,482
2025-09-22,SKU0104,164,751,9.0,482
2025-09-29,SKU0104,658,0,9.0,482
2025-10-06,SKU0104,394,702,9.0,482
2025-10-13,SKU0104,123,702,9.0,482
2025-10-20,SKU0104,371,663,9.0,482
2025-10-27,SKU0104,0,663,9.0,482
2025-11-03,SKU0104,398,700,9.0,482
2025-11-10,SKU0104,136,700,9.0,482
2025-11-17,SKU0104,551,0,9.0,482
2025-11-24,SKU0104,342,728,9.0,482
2025-12-01,SKU0104,669,0,9.0,482
2025-12-08,SKU0104,356,0,9.0,482
2025-12-15,SKU0104,59,956,9.0,482
2025-12-22,SKU0104,861,0,9.0,482
2025-12-29,SKU0104,565,0,9.0,482
2024-01-01,SKU0105,533,0,11.0,479
2024-01-08,SKU0105,295,550,11.0,479
2024-01-15,SKU0105,607,0,11.0,479
2024-01-22,SKU0105,369,544,11.0,479
2024-01-29,SKU0105,132,544,11.0,479
2024-02-05,SKU0105,438,577,11.0,479
2024-02-12,SKU0105,200,577,11.0,479
2024-02-19,SKU0105,539,0,11.0,479
2024-02-26,SKU0105,301,544,11.0,479
2024-03-04,SKU0105,607,0,11.0,479
2024-03-11,SKU0105,370,0,11.0,479
2024-03-18,SKU0105,132,679,11.0,479
2024-03-25,SKU0105,577,0,11.0,479
2024-04-01,SKU0105,339,540,11.0,479
2024-04-08,SKU0105,641,0,11.0,479
2024-04-15,SKU0105,404,544,11.0,479
2024-04-22,SKU0105,166,544,11.0,479
2024-04-29,SKU0105,472,543,11.0,479
2024-05-06,SKU0105,234,543,11.0,479
2024-05-13,SKU0105,539,0,11.0,479
2024-05-20,SKU0105,301,544,11.0,479
2024-05-27,SKU0105,607,0,11.0,479
2024-06-03,SKU0105,370,577,11.0,479
2024-06-10,SKU0105,132,577,11.0,479
2024-06-17,SKU0105,471,544,11.0,479
2024-06-24,SKU0105,233,544,11.0,479
2024-07-01,SKU0105,539,0,11.0,479
2024-07-08,SKU0105,301,544,11.0,479
2024-07-15,SKU0105,608,0,11.0,479
2024-07-22,SKU0105,370,645,11.0,479
2024-07-29,SKU0105,132,645,11.0,479
2024-08-05,SKU0105,539,0,11.0,479
2024-08-12,SKU0105,301,544,11.0,479
2024-08-19,SKU0105,607,0,11.0,479
2024-08-26,SKU0105,370,577,11.0,479
2024-09-02,SKU0105,132,577,11.0,479
2024-09-09,SKU0105,471,544,11.0,479
2024-09-16,SKU0105,233,544,11.0,479
2024-09-23,SKU0105,539,0,11.0,479
2024-09-30,SKU0105,301,544,11.0,479
2024-10-07,SKU0105,608,0,11.0,479
2024-10-14,SKU0105,370,577,11.0,479
2024-10-21,SKU0105,132,577,11.0,479
2024-10-28,SKU0105,471,544,11.0,479
2024-11-04,SKU0105,233,544,11.0,479
2024-11-11,SKU0105,539,0,11.0,479
2024-11-18,SKU0105,301,544,11.0,479
2024-11-25,SKU0105,608,0,11.0,479
2024-12-02,SKU0105,370,645,11.0,479
2024-12-09,SKU0105,132,645,11.0,479
2024-12-16,SKU0105,539,0,11.0,479
2024-12-23,SKU0105,301,578,11.0,479
2024-12-30,SKU0105,641,0,11.0,479
2025-01-06,SKU0105,404,577,11.0,479
2025-01-13,SKU0105,166,577,11.0,479
2025-01-20,SKU0105,505,0,11.0,479
2025-01-27,SKU0105,267,544,11.0,479
2025-02-03,SKU0105,573,0,11.0,479
2025-02-10,SKU0105,335,544,11.0,479
2025-02-17,SKU0105,642,0,11.0,479
2025-02-24,SKU0105,404,577,11.0,479
2025-03-03,SKU0105,166,577,11.0,479
2025-03-10,SKU0105,505,0,11.0,479
2025-03-17,SKU0105,267,680,11.0,479
2025-03-24,SKU0105,29,680,11.0,479
2025-03-31,SKU0105,476,0,11.0,479
2025-04-07,SKU0105,238,573,11.0,479
2025-04-14,SKU0105,573,0,11.0,479
2025-04-21,SKU0105,336,577,11.0,479
2025-04-28,SKU0105,98,577,11.0,479
2025-05-05,SKU0105,437,578,11.0,479
2025-05-12,SKU0105,199,578,11.0,479
2025-05-19,SKU0105,539,0,11.0,479
2025-05-26,SKU0105,284,578,11.0,479
2025-06-02,SKU0105,682,0,11.0,479
2025-06-09,SKU0105,479,0,11.0,479
2025-06-16,SKU0105,282,561,11.0,479
2025-06-23,SKU0105,647,0,11.0,479
2025-06-30,SKU0105,471,0,11.0,479
2025-07-07,SKU0105,294,586,11.0,479
2025-07-14,SKU0105,694,0,11.0,479
2025-07-21,SKU0105,497,0,11.0,479
2025-07-28,SKU0105,306,552,11.0,479
2025-08-04,SKU0105,603,0,11.0,479
2025-08-11,SKU0105,313,571,11.0,479
2025-08-18,SKU0105,95,571,11.0,479
2025-08-25,SKU0105,498,0,11.0,479
2025-09-01,SKU0105,306,590,11.0,479
2025-09-08,SKU0105,669,0,11.0,479
2025-09-15,SKU0105,480,0,11.0,479
2025-09-22,SKU0105,338,597,11.0,479
2025-09-29,SKU0105,749,0,11.0,479
2025-10-06,SKU0105,509,0,11.0,479
2025-10-13,SKU0105,274,543,11.0,479
2025-10-20,SKU0105,373,642,11.0,479
2025-10-27,SKU0105,1,642,11.0,479
2025-11-03,SKU0105,524,0,11.0,479
2025-11-10,SKU0105,281,559,11.0,479
2025-11-17,SKU0105,603,0,11.0,479
2025-11-24,SKU0105,323,602,11.0,479
2025-12-01,SKU0105,0,602,11.0,479
2025-12-08,SKU0105,327,538,11.0,479
2025-12-15,SKU0105,625,0,11.0,479
2025-12-22,SKU0105,410,575,11.0,479
2025-12-29,SKU0105,148,575,11.0,479
2024-01-01,SKU0106,69,0,10.0,52
2024-01-08,SKU0106,27,70,10.0,52
2024-01-15,SKU0106,64,0,10.0,52
2024-01-22,SKU0106,22,93,10.0,52
2024-01-29,SKU0106,0,93,10.0,52
2024-02-05,SKU0106,63,0,10.0,52
2024-02-12,SKU0106,20,70,10.0,52
2024-02-19,SKU0106,58,0,10.0,52
2024-02-26,SKU0106,16,75,10.0,52
2024-03-04,SKU0106,63,0,10.0,52
2024-03-11,SKU0106,21,64,10.0,52
2024-03-18,SKU0106,46,69,10.0,52
2024-03-25,SKU0106,3,69,10.0,52
2024-04-01,SKU0106,39,70,10.0,52
2024-04-08,SKU0106,0,70,10.0,52
2024-04-15,SKU0106,34,69,10.0,52
2024-04-22,SKU0106,0,69,10.0,52
2024-04-29,SKU0106,27,70,10.0,52
2024-05-06,SKU0106,64,0,10.0,52
2024-05-13,SKU0106,22,0,10.0,52
2024-05-20,SKU0106,0,99,10.0,52
2024-05-27,SKU0106,75,0,10.0,52
2024-06-03,SKU0106,32,83,10.0,52
2024-06-10,SKU0106,0,83,10.0,52
2024-06-17,SKU0106,53,0,10.0,52
2024-06-24,SKU0106,10,68,10.0,52
2024-07-01,SKU0106,44,71,10.0,52
2024-07-08,SKU0106,1,71,10.0,52
2024-07-15,SKU0106,41,68,10.0,52
2024-07-22,SKU0106,0,68,10.0,52
2024-07-29,SKU0106,32,65,10.0,52
2024-08-05,SKU0106,59,0,10.0,52
2024-08-12,SKU0106,17,68,10.0,52
2024-08-19,SKU0106,50,0,10.0,52
2024-08-26,SKU0106,12,91,10.0,52
2024-09-02,SKU0106,0,91,10.0,52
2024-09-09,SKU0106,57,0,10.0,52
2024-09-16,SKU0106,23,72,10.0,52
2024-09-23,SKU0106,67,0,10.0,52
2024-09-30,SKU0106,38,77,10.0,52
2024-10-07,SKU0106,0,77,10.0,52
2024-10-14,SKU0106,56,0,10.0,52
2024-10-21,SKU0106,0,69,10.0,52
2024-10-28,SKU0106,40,0,10.0,52
2024-11-04,SKU0106,0,106,10.0,52
2024-11-11,SKU0106,0,106,10.0,52
2024-11-18,SKU0106,55,0,10.0,52
2024-11-25,SKU0106,12,103,10.0,52
2024-12-02,SKU0106,0,103,10.0,52
2024-12-09,SKU0106,75,0,10.0,52
2024-12-16,SKU0106,19,70,10.0,52
2024-12-23,SKU0106,0,70,10.0,52
2024-12-30,SKU0106,15,71,10.0,52
2025-01-06,SKU0106,49,66,10.0,52
2025-01-13,SKU0106,0,66,10.0,52
2025-01-20,SKU0106,37,0,10.0,52
2025-01-27,SKU0106,0,113,10.0,52
2025-02-03,SKU0106,0,113,10.0,52
2025-02-10,SKU0106,78,0,10.0,52
2025-02-17,SKU0106,30,70,10.0,52
2025-02-24,SKU0106,0,70,10.0,52
2025-03-03,SKU0106,25,79,10.0,52
2025-03-10,SKU0106,0,79,10.0,52
2025-03-17,SKU0106,41,0,10.0,52
2025-03-24,SKU0106,10,0,10.0,52
2025-03-31,SKU0106,0,110,10.0,52
2025-04-07,SKU0106,88,0,10.0,52
2025-04-14,SKU0106,59,0,10.0,52
2025-04-21,SKU0106,28,65,10.0,52
2025-04-28,SKU0106,54,0,10.0,52
2025-05-05,SKU0106,18,80,10.0,52
2025-05-12,SKU0106,75,0,10.0,52
2025-05-19,SKU0106,39,0,10.0,52
2025-05-26,SKU0106,2,103,10.0,52
2025-06-02,SKU0106,0,103,10.0,52
2025-06-09,SKU0106,65,0,10.0,52
2025-06-16,SKU0106,29,73,10.0,52
2025-06-23,SKU0106,68,0,10.0,52
2025-06-30,SKU0106,34,77,10.0,52
2025-07-07,SKU0106,9,77,10.0,52
2025-07-14,SKU0106,55,0,10.0,52
2025-07-21,SKU0106,23,76,10.0,52
2025-07-28,SKU0106,63,0,10.0,52
2025-08-04,SKU0106,13,69,10.0,52
2025-08-11,SKU0106,54,0,10.0,52
2025-08-18,SKU0106,20,69,10.0,52
2025-08-25,SKU0106,52,0,10.0,52
2025-09-01,SKU0106,23,68,10.0,52
2025-09-08,SKU0106,69,0,10.0,52
2025-09-15,SKU0106,44,66,10.0,52
2025-09-22,SKU0106,8,66,10.0,52
2025-09-29,SKU0106,41,70,10.0,52
2025-10-06,SKU0106,0,70,10.0,52
2025-10-13,SKU0106,36,0,10.0,52
2025-10-20,SKU0106,0,115,10.0,52
2025-10-27,SKU0106,0,115,10.0,52
2025-11-03,SKU0106,79,0,10.0,52
2025-11-10,SKU0106,38,64,10.0,52
2025-11-17,SKU0106,0,64,,52
2025-11-24,SKU0106,26,70,10.0,52
2025-12-01,SKU0106,62,0,10.0,52
2025-12-08,SKU0106,8,81,10.0,52
2025-12-15,SKU0106,68,0,10.0,52
2025-12-22,SKU0106,30,80,10.0,52
2025-12-29,SKU0106,0,80,10.0,52
2024-01-01,SKU0107,735,0,7.0,292
2024-01-08,SKU0107,490,0,7.0,292
2024-01-15,SKU0107,244,509,7.0,292
2024-01-22,SKU0107,508,0,7.0,292
2024-01-29,SKU0107,262,526,7.0,292
2024-02-05,SKU0107,543,0,7.0,292
2024-02-12,SKU0107,298,0,7.0,292
2024-02-19,SKU0107,52,526,7.0,292
2024-02-26,SKU0107,333,0,7.0,292
2024-03-04,SKU0107,87,525,7.0,292
2024-03-11,SKU0107,367,0,7.0,292
2024-03-18,SKU0107,121,526,7.0,292
2024-03-25,SKU0107,402,0,7.0,292
2024-04-01,SKU0107,157,526,7.0,292
2024-04-08,SKU0107,437,0,7.0,292
2024-04-15,SKU0107,192,526,7.0,292
2024-04-22,SKU0107,472,0,7.0,292
2024-04-29,SKU0107,227,526,7.0,292
2024-05-06,SKU0107,508,0,7.0,292
2024-05-13,SKU0107,262,0,7.0,292
2024-05-20,SKU0107,17,561,7.0,292
2024-05-27,SKU0107,332,0,7.0,292
2024-06-03,SKU0107,87,526,7.0,292
2024-06-10,SKU0107,368,0,7.0,292
2024-06-17,SKU0107,122,526,7.0,292
2024-06-24,SKU0107,403,0,7.0,292
2024-07-01,SKU0107,157,525,7.0,292
2024-07-08,SKU0107,437,0,7.0,292
2024-07-15,SKU0107,192,526,7.0,292
2024-07-22,SKU0107,472,0,7.0,292
2024-07-29,SKU0107,227,526,7.0,292
2024-08-05,SKU0107,507,0,7.0,292
2024-08-12,SKU0107,262,526,7.0,292
2024-08-19,SKU0107,543,0,7.0,292
2024-08-26,SKU0107,297,0,7.0,292
2024-09-02,SKU0107,52,526,7.0,292
2024-09-09,SKU0107,332,0,7.0,292
2024-09-16,SKU0107,87,526,7.0,292
2024-09-23,SKU0107,368,0,7.0,292
2024-09-30,SKU0107,122,526,7.0,292
2024-10-07,SKU0107,403,0,7.0,292
2024-10-14,SKU0107,157,525,7.0,292
2024-10-21,SKU0107,437,0,7.0,292
2024-10-28,SKU0107,192,526,7.0,292
2024-11-04,SKU0107,472,0,7.0,292
2024-11-11,SKU0107,227,526,7.0,292
2024-11-18,SKU0107,507,0,7.0,292
2024-11-25,SKU0107,262,526,7.0,292
2024-12-02,SKU0107,543,0,7.0,292
2024-12-09,SKU0107,297,0,7.0,292
2024-12-16,SKU0107,52,526,7.0,292
2024-12-23,SKU0107,332,0,7.0,292
2024-12-30,SKU0107,87,526,7.0,292
2025-01-06,SKU0107,367,0,7.0,292
2025-01-13,SKU0107,122,526,7.0,292
2025-01-20,SKU0107,403,0,7.0,292
2025-01-27,SKU0107,157,526,7.0,292
2025-02-03,SKU0107,438,0,7.0,292
2025-02-10,SKU0107,192,525,7.0,292
2025-02-17,SKU0107,472,0,7.0,292
2025-02-24,SKU0107,227,526,7.0,292
2025-03-03,SKU0107,507,0,7.0,292
2025-03-10,SKU0107,262,526,7.0,292
2025-03-17,SKU0107,542,0,7.0,292
2025-03-24,SKU0107,297,0,7.0,292
2025-03-31,SKU0107,52,526,7.0,292
2025-04-07,SKU0107,332,0,7.0,292
2025-04-14,SKU0107,87,526,7.0,292
2025-04-21,SKU0107,367,0,7.0,292
2025-04-28,SKU0107,122,526,7.0,292
2025-05-05,SKU0107,403,0,7.0,292
2025-05-12,SKU0107,157,526,7.0,292
2025-05-19,SKU0107,438,0,7.0,292
2025-05-26,SKU0107,192,525,7.0,292
2025-06-02,SKU0107,472,0,7.0,292
2025-06-09,SKU0107,227,526,7.0,292
2025-06-16,SKU0107,507,0,7.0,292
2025-06-23,SKU0107,262,526,7.0,292
2025-06-30,SKU0107,542,0,7.0,292
2025-07-07,SKU0107,297,0,7.0,292
2025-07-14,SKU0107,111,526,7.0,292
2025-07-21,SKU0107,479,0,7.0,292
2025-07-28,SKU0107,244,520,7.0,292
2025-08-04,SKU0107,514,0,7.0,292
2025-08-11,SKU0107,189,532,7.0,292
2025-08-18,SKU0107,582,0,7.0,292
2025-08-25,SKU0107,405,0,7.0,292
2025-09-01,SKU0107,170,504,7.0,292
2025-09-08,SKU0107,563,0,7.0,292
2025-09-15,SKU0107,383,0,7.0,292
2025-09-22,SKU0107,177,501,7.0,292
2025-09-29,SKU0107,495,0,7.0,292
2025-10-06,SKU0107,239,516,7.0,292
2025-10-13,SKU0107,509,0,7.0,292
2025-10-20,SKU0107,86,543,7.0,292
2025-10-27,SKU0107,429,0,7.0,292
2025-11-03,SKU0107,157,499,7.0,292
2025-11-10,SKU0107,460,0,7.0,292
2025-11-17,SKU0107,207,518,7.0,292
2025-11-24,SKU0107,487,0,7.0,292
2025-12-01,SKU0107,123,542,7.0,292
2025-12-08,SKU0107,388,0,7.0,292
2025-12-15,SKU0107,154,503,7.0,292
2025-12-22,SKU0107,370,0,7.0,292
2025-12-29,SKU0107,107,530,7.0,292
2024-01-01,SKU0108,332,0,17.0,232
2024-01-08,SKU0108,209,0,17.0,232
2024-01-15,SKU0108,86,217,17.0,232
2024-01-22,SKU0108,0,409,17.0,232
2024-01-29,SKU0108,147,192,17.0,232
2024-02-05,SKU0108,24,192,17.0,232
2024-02-12,SKU0108,93,0,17.0,232
2024-02-19,SKU0108,0,352,17.0,232
2024-02-26,SKU0108,0,352,17.0,232
2024-03-04,SKU0108,299,0,17.0,232
2024-03-11,SKU0108,176,215,17.0,232
2024-03-18,SKU0108,53,215,17.0,232
2024-03-25,SKU0108,0,409,17.0,232
2024-04-01,SKU0108,110,194,17.0,232
2024-04-08,SKU0108,0,405,17.0,232
2024-04-15,SKU0108,76,211,17.0,232
2024-04-22,SKU0108,0,396,17.0,232
2024-04-29,SKU0108,121,185,17.0,232
2024-05-06,SKU0108,183,192,17.0,232
2024-05-13,SKU0108,96,192,17.0,232
2024-05-20,SKU0108,0,388,17.0,232
2024-05-27,SKU0108,82,196,17.0,232
2024-06-03,SKU0108,0,377,17.0,232
2024-06-10,SKU0108,93,181,17.0,232
2024-06-17,SKU0108,176,0,17.0,232
2024-06-24,SKU0108,51,247,17.0,232
2024-07-01,SKU0108,0,247,17.0,232
2024-07-08,SKU0108,191,0,17.0,232
2024-07-15,SKU0108,86,226,17.0,232
2024-07-22,SKU0108,0,409,17.0,232
2024-07-29,SKU0108,168,183,17.0,232
2024-08-05,SKU0108,0,394,17.0,232
2024-08-12,SKU0108,62,211,17.0,232
2024-08-19,SKU0108,0,409,17.0,232
2024-08-26,SKU0108,119,198,17.0,232
2024-09-02,SKU0108,15,382,17.0,232
2024-09-09,SKU0108,136,184,17.0,232
2024-09-16,SKU0108,64,184,17.0,232
2024-09-23,SKU0108,142,221,17.0,232
2024-09-30,SKU0108,41,221,17.0,232
2024-10-07,SKU0108,203,188,17.0,232
2024-10-14,SKU0108,75,188,17.0,232
2024-10-21,SKU0108,0,409,17.0,232
2024-10-28,SKU0108,22,221,17.0,232
2024-11-04,SKU0108,0,409,17.0,232
2024-11-11,SKU0108,120,188,17.0,232
2024-11-18,SKU0108,173,236,17.0,232
2024-11-25,SKU0108,34,236,17.0,232
2024-12-02,SKU0108,0,236,17.0,232
2024-12-09,SKU0108,136,223,17.0,232
2024-12-16,SKU0108,0,406,17.0,232
2024-12-23,SKU0108,0,406,17.0,232
2024-12-30,SKU0108,88,183,17.0,232
2025-01-06,SKU0108,52,322,17.0,232
2025-01-13,SKU0108,0,322,17.0,232
2025-01-20,SKU0108,0,322,17.0,232
2025-01-27,SKU0108,180,0,17.0,232
2025-02-03,SKU0108,55,279,17.0,232
2025-02-10,SKU0108,0,279,17.0,232
2025-02-17,SKU0108,234,0,17.0,232
2025-02-24,SKU0108,110,265,17.0,232
2025-03-03,SKU0108,6,265,17.0,232
2025-03-10,SKU0108,0,265,17.0,232
2025-03-17,SKU0108,155,200,17.0,232
2025-03-24,SKU0108,42,200,17.0,232
2025-03-31,SKU0108,183,198,17.0,232
2025-04-07,SKU0108,75,198,17.0,232
2025-04-14,SKU0108,170,190,17.0,232
2025-04-21,SKU0108,75,190,17.0,232
2025-04-28,SKU0108,156,185,17.0,232
2025-05-05,SKU0108,74,185,17.0,232
2025-05-12,SKU0108,171,184,17.0,232
2025-05-19,SKU0108,65,184,17.0,232
2025-05-26,SKU0108,179,184,17.0,232
2025-06-02,SKU0108,84,184,17.0,232
2025-06-09,SKU0108,171,0,17.0,232
2025-06-16,SKU0108,73,257,17.0,232
2025-06-23,SKU0108,0,257,17.0,232
2025-06-30,SKU0108,208,0,17.0,232
2025-07-07,SKU0108,103,214,17.0,232
2025-07-14,SKU0108,0,398,17.0,232
2025-07-21,SKU0108,153,184,17.0,232
2025-07-28,SKU0108,54,184,17.0,232
2025-08-04,SKU0108,79,183,17.0,232
2025-08-11,SKU0108,0,374,17.0,232
2025-08-18,SKU0108,99,191,17.0,232
2025-08-25,SKU0108,183,190,17.0,232
2025-09-01,SKU0108,70,190,17.0,232
2025-09-08,SKU0108,0,392,17.0,232
2025-09-15,SKU0108,85,202,17.0,232
2025-09-22,SKU0108,0,409,17.0,232
2025-09-29,SKU0108,113,207,17.0,232
2025-10-06,SKU0108,0,207,17.0,232
2025-10-13,SKU0108,111,202,17.0,232
2025-10-20,SKU0108,0,409,17.0,232
2025-10-27,SKU0108,128,207,17.0,232
2025-11-03,SKU0108,0,409,17.0,232
2025-11-10,SKU0108,107,202,17.0,232
2025-11-17,SKU0108,0,409,17.0,232
2025-11-24,SKU0108,120,207,17.0,232
2025-12-01,SKU0108,0,386,17.0,232
2025-12-08,SKU0108,80,179,17.0,232
2025-12-15,SKU0108,165,230,17.0,232
2025-12-22,SKU0108,53,230,17.0,232
2025-12-29,SKU0108,0,409,17.0,232
2024-01-01,SKU0109,569,509,22.0,667
2024-01-08,SKU0109,323,509,22.0,667
2024-01-15,SKU0109,77,966,22.0,667
2024-01-22,SKU0109,0,966,22.0,667
2024-01-29,SKU0109,263,457,22.0,667
2024-02-05,SKU0109,474,428,22.0,667
2024-02-12,SKU0109,228,850,22.0,667
2024-02-19,SKU0109,0,850,22.0,667
2024-02-26,SKU0109,252,422,22.0,667
2024-03-04,SKU0109,6,896,22.0,667
2024-03-11,SKU0109,182,896,22.0,667
2024-03-18,SKU0109,0,896,22.0,667
2024-03-25,SKU0109,298,422,22.0,667
2024-04-01,SKU0109,31,850,22.0,667
2024-04-08,SKU0109,282,428,22.0,667
2024-04-15,SKU0109,76,839,22.0,667
2024-04-22,SKU0109,357,411,22.0,667
2024-04-29,SKU0109,191,838,22.0,667
2024-05-06,SKU0109,414,427,22.0,667
2024-05-13,SKU0109,253,427,22.0,667
2024-05-20,SKU0109,472,427,22.0,667
2024-05-27,SKU0109,236,842,22.0,667
2024-06-03,SKU0109,17,842,22.0,667
2024-06-10,SKU0109,310,415,22.0,667
2024-06-17,SKU0109,100,830,22.0,667
2024-06-24,SKU0109,276,415,22.0,667
2024-07-01,SKU0109,98,831,22.0,667
2024-07-08,SKU0109,303,416,22.0,667
2024-07-15,SKU0109,126,829,22.0,667
2024-07-22,SKU0109,352,413,22.0,667
2024-07-29,SKU0109,78,843,22.0,667
2024-08-05,SKU0109,211,867,22.0,667
2024-08-12,SKU0109,0,867,22.0,667
2024-08-19,SKU0109,308,437,22.0,667
2024-08-26,SKU0109,98,878,22.0,667
2024-09-02,SKU0109,365,441,22.0,667
2024-09-09,SKU0109,142,936,22.0,667
2024-09-16,SKU0109,403,495,22.0,667
2024-09-23,SKU0109,226,495,22.0,667
2024-09-30,SKU0109,0,907,22.0,667
2024-10-07,SKU0109,247,831,22.0,667
2024-10-14,SKU0109,0,831,22.0,667
2024-10-21,SKU0109,0,877,22.0,667
2024-10-28,SKU0109,0,877,22.0,667
2024-11-04,SKU0109,143,900,22.0,667
2024-11-11,SKU0109,344,442,22.0,667
2024-11-18,SKU0109,98,890,22.0,667
2024-11-25,SKU0109,384,448,22.0,667
2024-12-02,SKU0109,0,868,22.0,667
2024-12-09,SKU0109,372,420,22.0,667
2024-12-16,SKU0109,64,845,22.0,667
2024-12-23,SKU0109,160,875,22.0,667
2024-12-30,SKU0109,0,875,22.0,667
2025-01-06,SKU0109,138,940,22.0,667
2025-01-13,SKU0109,414,490,22.0,667
2025-01-20,SKU0109,120,923,22.0,667
2025-01-27,SKU0109,0,923,22.0,667
2025-02-03,SKU0109,230,433,22.0,667
2025-02-10,SKU0109,411,465,22.0,667
2025-02-17,SKU0109,155,465,22.0,667
2025-02-24,SKU0109,0,939,22.0,667
2025-03-03,SKU0109,242,474,22.0,667
2025-03-10,SKU0109,52,921,22.0,667
2025-03-17,SKU0109,339,447,22.0,667
2025-03-24,SKU0109,142,874,22.0,667
2025-03-31,SKU0109,406,427,22.0,667
2025-04-07,SKU0109,131,873,22.0,667
2025-04-14,SKU0109,369,446,22.0,667
2025-04-21,SKU0109,139,920,22.0,667
2025-04-28,SKU0109,426,474,22.0,667
2025-05-05,SKU0109,245,474,22.0,667
2025-05-12,SKU0109,538,462,22.0,667
2025-05-19,SKU0109,322,462,22.0,667
2025-05-26,SKU0109,86,936,22.0,667
2025-06-02,SKU0109,366,474,22.0,667
2025-06-09,SKU0109,157,921,22.0,667
2025-06-16,SKU0109,450,447,22.0,667
2025-06-23,SKU0109,275,447,22.0,667
2025-06-30,SKU0109,34,916,22.0,667
2025-07-07,SKU0109,282,469,22.0,667
2025-07-14,SKU0109,127,890,22.0,667
2025-07-21,SKU0109,427,421,22.0,667
2025-07-28,SKU0109,225,853,22.0,667
2025-08-04,SKU0109,344,432,22.0,667
2025-08-11,SKU0109,31,927,22.0,667
2025-08-18,SKU0109,0,927,22.0,667
2025-08-25,SKU0109,231,495,22.0,667
2025-09-01,SKU0109,541,512,22.0,667
2025-09-08,SKU0109,353,512,22.0,667
2025-09-15,SKU0109,168,512,22.0,667
2025-09-22,SKU0109,512,436,22.0,667
2025-09-29,SKU0109,283,436,22.0,667
2025-10-06,SKU0109,38,848,22.0,667
2025-10-13,SKU0109,239,412,22.0,667
2025-10-20,SKU0109,0,872,22.0,667
2025-10-27,SKU0109,236,460,22.0,667
2025-11-03,SKU0109,0,927,22.0,667
2025-11-10,SKU0109,256,467,22.0,667
2025-11-17,SKU0109,0,902,22.0,667
2025-11-24,SKU0109,289,435,22.0,667
2025-12-01,SKU0109,0,916,22.0,667
2025-12-08,SKU0109,207,481,22.0,667
2025-12-15,SKU0109,0,904,22.0,667
2025-12-22,SKU0109,293,423,22.0,667
2025-12-29,SKU0109,0,874,22.0,667
2024-01-01,SKU0110,413,0,19.0,469
2024-01-08,SKU0110,275,402,19.0,469
2024-01-15,SKU0110,137,402,19.0,469
2024-01-22,SKU0110,401,336,19.0,469
2024-01-29,SKU0110,263,336,19.0,469
2024-02-05,SKU0110,125,671,19.0,469
2024-02-12,SKU0110,323,335,19.0,469
2024-02-19,SKU0110,185,335,19.0,469
2024-02-26,SKU0110,382,335,19.0,469
2024-03-04,SKU0110,244,335,19.0,469
2024-03-11,SKU0110,106,670,19.0,469
2024-03-18,SKU0110,303,335,19.0,469
2024-03-25,SKU0110,165,335,19.0,469
2024-04-01,SKU0110,362,336,19.0,469
2024-04-08,SKU0110,224,336,19.0,469
2024-04-15,SKU0110,422,335,19.0,469
2024-04-22,SKU0110,284,335,19.0,469
2024-04-29,SKU0110,146,335,19.0,469
2024-05-06,SKU0110,343,355,19.0,469
2024-05-13,SKU0110,205,355,19.0,469
2024-05-20,SKU0110,422,355,19.0,469
2024-05-27,SKU0110,284,355,19.0,469
2024-06-03,SKU0110,146,355,19.0,469
2024-06-10,SKU0110,363,335,19.0,469
2024-06-17,SKU0110,225,335,19.0,469
2024-06-24,SKU0110,421,335,19.0,469
2024-07-01,SKU0110,283,335,19.0,469
2024-07-08,SKU0110,145,335,19.0,469
2024-07-15,SKU0110,342,375,19.0,469
2024-07-22,SKU0110,204,375,19.0,469
2024-07-29,SKU0110,66,730,19.0,469
2024-08-05,SKU0110,303,355,19.0,469
2024-08-12,SKU0110,165,355,19.0,469
2024-08-19,SKU0110,382,335,19.0,469
2024-08-26,SKU0110,244,335,19.0,469
2024-09-02,SKU0110,106,690,19.0,469
2024-09-09,SKU0110,303,355,19.0,469
2024-09-16,SKU0110,165,355,19.0,469
2024-09-23,SKU0110,382,375,19.0,469
2024-09-30,SKU0110,244,375,19.0,469
2024-10-07,SKU0110,106,375,19.0,469
2024-10-14,SKU0110,343,335,19.0,469
2024-10-21,SKU0110,205,335,19.0,469
2024-10-28,SKU0110,402,335,19.0,469
2024-11-04,SKU0110,264,335,19.0,469
2024-11-11,SKU0110,126,335,19.0,469
2024-11-18,SKU0110,323,375,19.0,469
2024-11-25,SKU0110,185,375,19.0,469
2024-12-02,SKU0110,422,335,19.0,469
2024-12-09,SKU0110,284,335,19.0,469
2024-12-16,SKU0110,146,335,19.0,469
2024-12-23,SKU0110,343,355,19.0,469
2024-12-30,SKU0110,205,355,19.0,469
2025-01-06,SKU0110,422,335,19.0,469
2025-01-13,SKU0110,284,335,19.0,469
2025-01-20,SKU0110,145,335,19.0,469
2025-01-27,SKU0110,342,335,19.0,469
2025-02-03,SKU0110,204,335,19.0,469
2025-02-10,SKU0110,401,335,19.0,469
2025-02-17,SKU0110,263,335,19.0,469
2025-02-24,SKU0110,125,671,19.0,469
2025-03-03,SKU0110,322,336,19.0,469
2025-03-10,SKU0110,184,336,19.0,469
2025-03-17,SKU0110,382,335,19.0,469
2025-03-24,SKU0110,244,335,19.0,469
2025-03-31,SKU0110,106,670,19.0,469
2025-04-07,SKU0110,303,335,19.0,469
2025-04-14,SKU0110,165,335,19.0,469
2025-04-21,SKU0110,362,355,19.0,469
2025-04-28,SKU0110,224,355,19.0,469
2025-05-05,SKU0110,86,690,19.0,469
2025-05-12,SKU0110,303,335,19.0,469
2025-05-19,SKU0110,165,335,19.0,469
2025-05-26,SKU0110,362,335,19.0,469
2025-06-02,SKU0110,224,335,19.0,469
2025-06-09,SKU0110,421,375,19.0,469
2025-06-16,SKU0110,283,375,19.0,469
2025-06-23,SKU0110,145,375,19.0,469
2025-06-30,SKU0110,379,335,19.0,469
2025-07-07,SKU0110,267,335,19.0,469
2025-07-14,SKU0110,145,335,19.0,469
2025-07-21,SKU0110,390,351,19.0,469
2025-07-28,SKU0110,305,351,19.0,469
2025-08-04,SKU0110,153,351,19.0,469
2025-08-11,SKU0110,320,341,19.0,469
2025-08-18,SKU0110,191,341,19.0,469
2025-08-25,SKU0110,409,340,19.0,469
2025-09-01,SKU0110,317,340,19.0,469
2025-09-08,SKU0110,208,340,19.0,469
2025-09-15,SKU0110,433,348,19.0,469
2025-09-22,SKU0110,332,348,19.0,469
2025-09-29,SKU0110,232,348,19.0,469
2025-10-06,SKU0110,448,328,19.0,469
2025-10-13,SKU0110,318,328,19.0,469
2025-10-20,SKU0110,38,710,19.0,469
2025-10-27,SKU0110,236,382,19.0,469
2025-11-03,SKU0110,110,382,19.0,469
2025-11-10,SKU0110,344,333,19.0,469
2025-11-17,SKU0110,224,333,19.0,469
2025-11-24,SKU0110,420,340,19.0,469
2025-12-01,SKU0110,183,340,19.0,469
2025-12-08,SKU0110,0,709,19.0,469
2025-12-15,SKU0110,248,369,19.0,469
2025-12-22,SKU0110,120,369,19.0,469
2025-12-29,SKU0110,340,333,19.0,469
2024-01-01,SKU0111,512,0,25.0,360
2024-01-08,SKU0111,320,210,25.0,360
2024-01-15,SKU0111,139,210,25.0,360
2024-01-22,SKU0111,22,452,25.0,360
2024-01-29,SKU0111,0,452,25.0,360
2024-02-05,SKU0111,97,443,25.0,360
2024-02-12,SKU0111,206,201,25.0,360
2024-02-19,SKU0111,73,412,25.0,360
2024-02-26,SKU0111,0,412,25.0,360
2024-03-04,SKU0111,119,420,25.0,360
2024-03-11,SKU0111,218,209,25.0,360
2024-03-18,SKU0111,99,433,25.0,360
2024-03-25,SKU0111,0,433,25.0,360
2024-04-01,SKU0111,115,445,25.0,360
2024-04-08,SKU0111,15,445,25.0,360
2024-04-15,SKU0111,122,221,25.0,360
2024-04-22,SKU0111,0,456,25.0,360
2024-04-29,SKU0111,156,235,25.0,360
2024-05-06,SKU0111,57,447,25.0,360
2024-05-13,SKU0111,189,212,25.0,360
2024-05-20,SKU0111,79,432,25.0,360
2024-05-27,SKU0111,198,220,25.0,360
2024-06-03,SKU0111,75,473,25.0,360
2024-06-10,SKU0111,0,473,25.0,360
2024-06-17,SKU0111,95,253,25.0,360
2024-06-24,SKU0111,13,478,25.0,360
2024-07-01,SKU0111,163,225,25.0,360
2024-07-08,SKU0111,41,439,25.0,360
2024-07-15,SKU0111,182,214,25.0,360
2024-07-22,SKU0111,77,436,25.0,360
2024-07-29,SKU0111,202,222,25.0,360
2024-08-05,SKU0111,62,458,25.0,360
2024-08-12,SKU0111,206,236,25.0,360
2024-08-19,SKU0111,93,438,25.0,360
2024-08-26,SKU0111,0,438,25.0,360
2024-09-02,SKU0111,148,412,25.0,360
2024-09-09,SKU0111,39,412,25.0,360
2024-09-16,SKU0111,145,210,25.0,360
2024-09-23,SKU0111,0,439,25.0,360
2024-09-30,SKU0111,147,229,25.0,360
2024-10-07,SKU0111,0,469,25.0,360
2024-10-14,SKU0111,172,240,25.0,360
2024-10-21,SKU0111,0,531,25.0,360
2024-10-28,SKU0111,199,291,25.0,360
2024-11-04,SKU0111,79,291,25.0,360
2024-11-11,SKU0111,0,497,25.0,360
2024-11-18,SKU0111,142,418,25.0,360
2024-11-25,SKU0111,23,418,25.0,360
2024-12-02,SKU0111,121,413,25.0,360
2024-12-09,SKU0111,11,413,25.0,360
2024-12-16,SKU0111,136,201,25.0,360
2024-12-23,SKU0111,0,446,25.0,360
2024-12-30,SKU0111,160,245,25.0,360
2025-01-06,SKU0111,56,504,25.0,360
2025-01-13,SKU0111,220,259,25.0,360
2025-01-20,SKU0111,176,259,25.0,360
2025-01-27,SKU0111,129,259,25.0,360
2025-02-03,SKU0111,342,212,25.0,360
2025-02-10,SKU0111,305,212,25.0,360
2025-02-17,SKU0111,276,212,25.0,360
2025-02-24,SKU0111,243,212,25.0,360
2025-03-03,SKU0111,428,0,25.0,360
2025-03-10,SKU0111,411,0,25.0,360
2025-03-17,SKU0111,396,0,25.0,360
2025-03-24,SKU0111,383,0,25.0,360
2025-03-31,SKU0111,370,0,25.0,360
2025-04-07,SKU0111,363,0,25.0,360
2025-04-14,SKU0111,355,203,25.0,360
2025-04-21,SKU0111,348,203,25.0,360
2025-04-28,SKU0111,341,203,25.0,360
2025-05-05,SKU0111,333,203,25.0,360
2025-05-12,SKU0111,529,0,25.0,360
2025-05-19,SKU0111,523,0,25.0,360
2025-05-26,SKU0111,518,0,25.0,360
2025-06-02,SKU0111,513,0,25.0,360
2025-06-09,SKU0111,510,0,25.0,360
2025-06-16,SKU0111,508,0,25.0,360
2025-06-23,SKU0111,505,0,25.0,360
2025-06-30,SKU0111,504,0,25.0,360
2025-07-07,SKU0111,504,0,25.0,360
2025-07-14,SKU0111,503,0,25.0,360
2025-07-21,SKU0111,503,0,25.0,360
2025-07-28,SKU0111,503,0,25.0,360
2025-08-04,SKU0111,500,0,25.0,360
2025-08-11,SKU0111,496,0,25.0,360
2025-08-18,SKU0111,495,0,25.0,360
2025-08-25,SKU0111,495,0,25.0,360
2025-09-01,SKU0111,494,0,25.0,360
2025-09-08,SKU0111,494,0,25.0,360
2025-09-15,SKU0111,494,0,25.0,360
2025-09-22,SKU0111,493,0,25.0,360
2025-09-29,SKU0111,492,0,25.0,360
2025-10-06,SKU0111,490,0,25.0,360
2025-10-13,SKU0111,489,0,25.0,360
2025-10-20,SKU0111,483,0,25.0,360
2025-10-27,SKU0111,478,0,25.0,360
2025-11-03,SKU0111,476,0,25.0,360
2025-11-10,SKU0111,474,0,25.0,360
2025-11-17,SKU0111,473,0,25.0,360
2025-11-24,SKU0111,471,0,25.0,360
2025-12-01,SKU0111,465,0,25.0,360
2025-12-08,SKU0111,462,0,25.0,360
2025-12-15,SKU0111,462,0,25.0,360
2025-12-22,SKU0111,459,0,25.0,360
2025-12-29,SKU0111,457,0,25.0,360
2024-01-01,SKU0112,28,33,23.0,38
2024-01-08,SKU0112,9,33,23.0,38
2024-01-15,SKU0112,0,61,23.0,38
2024-01-22,SKU0112,0,61,23.0,38
2024-01-29,SKU0112,17,28,23.0,38
2024-02-05,SKU0112,26,25,23.0,38
2024-02-12,SKU0112,6,25,23.0,38
2024-02-19,SKU0112,0,61,23.0,38
2024-02-26,SKU0112,17,36,23.0,38
2024-03-04,SKU0112,0,61,23.0,38
2024-03-11,SKU0112,28,25,23.0,38
2024-03-18,SKU0112,9,25,23.0,38
2024-03-25,SKU0112,0,60,23.0,38
2024-04-01,SKU0112,6,35,23.0,38
2024-04-08,SKU0112,0,61,23.0,38
2024-04-15,SKU0112,27,26,23.0,38
2024-04-22,SKU0112,8,26,23.0,38
2024-04-29,SKU0112,23,35,23.0,38
2024-05-06,SKU0112,4,35,23.0,38
2024-05-13,SKU0112,0,60,23.0,38
2024-05-20,SKU0112,27,25,23.0,38
2024-05-27,SKU0112,8,51,23.0,38
2024-06-03,SKU0112,14,26,23.0,38
2024-06-10,SKU0112,0,53,23.0,38
2024-06-17,SKU0112,0,53,23.0,38
2024-06-24,SKU0112,7,51,23.0,38
2024-07-01,SKU0112,16,24,23.0,38
2024-07-08,SKU0112,0,50,23.0,38
2024-07-15,SKU0112,0,50,23.0,38
2024-07-22,SKU0112,5,51,23.0,38
2024-07-29,SKU0112,15,25,23.0,38
2024-08-05,SKU0112,0,25,23.0,38
2024-08-12,SKU0112,22,36,23.0,38
2024-08-19,SKU0112,3,36,23.0,38
2024-08-26,SKU0112,0,61,23.0,38
2024-09-02,SKU0112,25,25,23.0,38
2024-09-09,SKU0112,6,50,23.0,38
2024-09-16,SKU0112,0,50,23.0,38
2024-09-23,SKU0112,9,50,23.0,38
2024-09-30,SKU0112,22,25,23.0,38
2024-10-07,SKU0112,3,52,23.0,38
2024-10-14,SKU0112,0,52,23.0,38
2024-10-21,SKU0112,6,55,23.0,38
2024-10-28,SKU0112,24,28,23.0,38
2024-11-04,SKU0112,5,56,23.0,38
2024-11-11,SKU0112,0,56,23.0,38
2024-11-18,SKU0112,12,28,23.0,38
2024-11-25,SKU0112,0,52,23.0,38
2024-12-02,SKU0112,12,24,23.0,38
2024-12-09,SKU0112,0,60,23.0,38
2024-12-16,SKU0112,10,36,23.0,38
2024-12-23,SKU0112,0,36,23.0,38
2024-12-30,SKU0112,31,25,23.0,38
2025-01-06,SKU0112,11,25,23.0,38
2025-01-13,SKU0112,0,58,23.0,38
2025-01-20,SKU0112,14,33,23.0,38
2025-01-27,SKU0112,0,61,23.0,38
2025-02-03,SKU0112,25,28,23.0,38
2025-02-10,SKU0112,6,53,23.0,38
2025-02-17,SKU0112,0,53,23.0,38
2025-02-24,SKU0112,9,52,23.0,38
2025-03-03,SKU0112,0,52,23.0,38
2025-03-10,SKU0112,6,27,23.0,38
2025-03-17,SKU0112,0,58,23.0,38
2025-03-24,SKU0112,11,31,23.0,38
2025-03-31,SKU0112,0,56,23.0,38
2025-04-07,SKU0112,17,25,23.0,38
2025-04-14,SKU0112,0,49,23.0,38
2025-04-21,SKU0112,14,24,23.0,38
2025-04-28,SKU0112,0,50,23.0,38
2025-05-05,SKU0112,13,26,23.0,38
2025-05-12,SKU0112,0,51,23.0,38
2025-05-19,SKU0112,12,49,23.0,38
2025-05-26,SKU0112,0,49,23.0,38
2025-06-02,SKU0112,11,24,23.0,38
2025-06-09,SKU0112,0,52,23.0,38
2025-06-16,SKU0112,8,28,23.0,38
2025-06-23,SKU0112,0,56,23.0,38
2025-06-30,SKU0112,14,28,23.0,38
2025-07-07,SKU0112,0,55,23.0,38
2025-07-14,SKU0112,14,27,23.0,38
2025-07-21,SKU0112,0,58,23.0,38
2025-07-28,SKU0112,19,31,23.0,38
2025-08-04,SKU0112,0,56,23.0,38
2025-08-11,SKU0112,26,25,23.0,38
2025-08-18,SKU0112,7,52,23.0,38
2025-08-25,SKU0112,24,27,23.0,38
2025-09-01,SKU0112,15,27,23.0,38
2025-09-08,SKU0112,1,51,23.0,38
2025-09-15,SKU0112,13,24,23.0,38
2025-09-22,SKU0112,0,49,23.0,38
2025-09-29,SKU0112,18,25,23.0,38
2025-10-06,SKU0112,0,57,23.0,38
2025-10-13,SKU0112,14,32,23.0,38
2025-10-20,SKU0112,0,60,23.0,38
2025-10-27,SKU0112,30,28,23.0,38
2025-11-03,SKU0112,12,28,23.0,38
2025-11-10,SKU0112,21,26,23.0,38
2025-11-17,SKU0112,3,50,23.0,38
2025-11-24,SKU0112,0,50,23.0,38
2025-12-01,SKU0112,6,24,23.0,38
2025-12-08,SKU0112,17,37,23.0,38
2025-12-15,SKU0112,0,37,23.0,38
2025-12-22,SKU0112,0,61,23.0,38
2025-12-29,SKU0112,23,24,23.0,38
2024-01-01,SKU0113,424,0,28.0,448
2024-01-08,SKU0113,302,304,28.0,448
2024-01-15,SKU0113,180,304,28.0,448
2024-01-22,SKU0113,58,547,28.0,448
2024-01-29,SKU0113,0,547,28.0,448
2024-02-05,SKU0113,220,243,28.0,448
2024-02-12,SKU0113,69,567,28.0,448
2024-02-19,SKU0113,203,324,28.0,448
2024-02-26,SKU0113,71,604,28.0,448
2024-03-04,SKU0113,0,604,28.0,448
2024-03-11,SKU0113,273,280,28.0,448
2024-03-18,SKU0113,163,512,28.0,448
2024-03-25,SKU0113,335,232,28.0,448
2024-04-01,SKU0113,204,232,28.0,448
2024-04-08,SKU0113,83,528,28.0,448
2024-04-15,SKU0113,218,296,28.0,448
2024-04-22,SKU0113,130,296,28.0,448
2024-04-29,SKU0113,47,580,28.0,448
2024-05-06,SKU0113,253,284,28.0,448
2024-05-13,SKU0113,149,284,28.0,448
2024-05-20,SKU0113,42,563,28.0,448
2024-05-27,SKU0113,245,279,28.0,448
2024-06-03,SKU0113,136,279,28.0,448
2024-06-10,SKU0113,51,604,28.0,448
2024-06-17,SKU0113,212,325,28.0,448
2024-06-24,SKU0113,119,556,28.0,448
2024-07-01,SKU0113,14,556,28.0,448
2024-07-08,SKU0113,271,231,28.0,448
2024-07-15,SKU0113,179,496,28.0,448
2024-07-22,SKU0113,311,265,28.0,448
2024-07-29,SKU0113,199,265,28.0,448
2024-08-05,SKU0113,55,499,28.0,448
2024-08-12,SKU0113,254,234,28.0,448
2024-08-19,SKU0113,151,494,28.0,448
2024-08-26,SKU0113,65,494,28.0,448
2024-09-02,SKU0113,202,260,28.0,448
2024-09-09,SKU0113,117,513,28.0,448
2024-09-16,SKU0113,298,253,28.0,448
2024-09-23,SKU0113,207,253,28.0,448
2024-09-30,SKU0113,98,549,28.0,448
2024-10-07,SKU0113,223,296,28.0,448
2024-10-14,SKU0113,88,538,28.0,448
2024-10-21,SKU0113,0,538,28.0,448
2024-10-28,SKU0113,229,242,28.0,448
2024-11-04,SKU0113,87,496,28.0,448
2024-11-11,SKU0113,197,254,28.0,448
2024-11-18,SKU0113,71,508,28.0,448
2024-11-25,SKU0113,0,508,28.0,448
2024-12-02,SKU0113,101,547,28.0,448
2024-12-09,SKU0113,0,547,28.0,448
2024-12-16,SKU0113,97,536,28.0,448
2024-12-23,SKU0113,0,536,28.0,448
2024-12-30,SKU0113,261,243,28.0,448
2025-01-06,SKU0113,30,568,28.0,448
2025-01-13,SKU0113,218,325,28.0,448
2025-01-20,SKU0113,85,590,28.0,448
2025-01-27,SKU0113,0,590,28.0,448
2025-02-03,SKU0113,272,265,28.0,448
2025-02-10,SKU0113,172,503,28.0,448
2025-02-17,SKU0113,294,238,28.0,448
2025-02-24,SKU0113,163,512,28.0,448
2025-03-03,SKU0113,34,512,28.0,448
2025-03-10,SKU0113,225,274,28.0,448
2025-03-17,SKU0113,129,506,28.0,448
2025-03-24,SKU0113,289,232,28.0,448
2025-03-31,SKU0113,181,494,28.0,448
2025-04-07,SKU0113,97,494,28.0,448
2025-04-14,SKU0113,204,262,28.0,448
2025-04-21,SKU0113,107,543,28.0,448
2025-04-28,SKU0113,266,281,28.0,448
2025-05-05,SKU0113,165,281,28.0,448
2025-05-12,SKU0113,64,526,28.0,448
2025-05-19,SKU0113,232,245,28.0,448
2025-05-26,SKU0113,114,530,28.0,448
2025-06-02,SKU0113,0,530,28.0,448
2025-06-09,SKU0113,142,522,28.0,448
2025-06-16,SKU0113,59,522,28.0,448
2025-06-23,SKU0113,233,237,28.0,448
2025-06-30,SKU0113,132,483,28.0,448
2025-07-07,SKU0113,280,246,28.0,448
2025-07-14,SKU0113,157,482,28.0,448
2025-07-21,SKU0113,42,482,28.0,448
2025-07-28,SKU0113,218,236,28.0,448
2025-08-04,SKU0113,77,494,28.0,448
2025-08-11,SKU0113,156,258,28.0,448
2025-08-18,SKU0113,44,535,28.0,448
2025-08-25,SKU0113,0,535,28.0,448
2025-09-01,SKU0113,168,277,28.0,448
2025-09-08,SKU0113,69,538,28.0,448
2025-09-15,SKU0113,229,261,28.0,448
2025-09-22,SKU0113,165,496,28.0,448
2025-09-29,SKU0113,55,496,28.0,448
2025-10-06,SKU0113,198,477,28.0,448
2025-10-13,SKU0113,88,477,28.0,448
2025-10-20,SKU0113,112,242,28.0,448
2025-10-27,SKU0113,0,675,28.0,448
2025-11-03,SKU0113,242,433,28.0,448
2025-11-10,SKU0113,115,433,28.0,448
2025-11-17,SKU0113,0,675,28.0,448
2025-11-24,SKU0113,366,242,28.0,448
2025-12-01,SKU0113,145,242,28.0,448
2025-12-08,SKU0113,0,560,28.0,448
2025-12-15,SKU0113,230,318,28.0,448
2025-12-22,SKU0113,79,554,28.0,448
2025-12-29,SKU0113,0,554,28.0,448
2024-01-01,SKU0114,923,0,9.0,419
2024-01-08,SKU0114,594,0,9.0,419
2024-01-15,SKU0114,266,669,9.0,419
2024-01-22,SKU0114,0,669,9.0,419
2024-01-29,SKU0114,340,0,9.0,419
2024-02-05,SKU0114,12,782,9.0,419
2024-02-12,SKU0114,641,0,9.0,419
2024-02-19,SKU0114,313,0,9.0,419
2024-02-26,SKU0114,0,763,9.0,419
2024-03-04,SKU0114,575,0,9.0,419
2024-03-11,SKU0114,247,0,9.0,419
2024-03-18,SKU0114,0,782,9.0,419
2024-03-25,SKU0114,547,0,9.0,419
2024-04-01,SKU0114,219,576,9.0,419
2024-04-08,SKU0114,466,0,9.0,419
2024-04-15,SKU0114,138,798,9.0,419
2024-04-22,SKU0114,0,798,9.0,419
2024-04-29,SKU0114,469,0,9.0,419
2024-05-06,SKU0114,141,700,9.0,419
2024-05-13,SKU0114,606,0,9.0,419
2024-05-20,SKU0114,278,658,9.0,419
2024-05-27,SKU0114,0,658,9.0,419
2024-06-03,SKU0114,329,0,9.0,419
2024-06-10,SKU0114,1,700,9.0,419
2024-06-17,SKU0114,465,0,9.0,419
2024-06-24,SKU0114,137,658,9.0,419
2024-07-01,SKU0114,517,0,9.0,419
2024-07-08,SKU0114,189,0,9.0,419
2024-07-15,SKU0114,0,887,9.0,419
2024-07-22,SKU0114,699,0,9.0,419
2024-07-29,SKU0114,371,0,9.0,419
2024-08-05,SKU0114,42,705,9.0,419
2024-08-12,SKU0114,517,0,9.0,419
2024-08-19,SKU0114,189,793,9.0,419
2024-08-26,SKU0114,0,793,9.0,419
2024-09-02,SKU0114,511,0,9.0,419
2024-09-09,SKU0114,183,705,9.0,419
2024-09-16,SKU0114,658,0,9.0,419
2024-09-23,SKU0114,329,0,9.0,419
2024-09-30,SKU0114,1,793,9.0,419
2024-10-07,SKU0114,652,0,9.0,419
2024-10-14,SKU0114,324,565,9.0,419
2024-10-21,SKU0114,560,0,9.0,419
2024-10-28,SKU0114,231,610,9.0,419
2024-11-04,SKU0114,516,0,9.0,419
2024-11-11,SKU0114,188,794,9.0,419
2024-11-18,SKU0114,0,794,9.0,419
2024-11-25,SKU0114,512,0,9.0,419
2024-12-02,SKU0114,184,564,9.0,419
2024-12-09,SKU0114,419,0,9.0,419
2024-12-16,SKU0114,91,610,9.0,419
2024-12-23,SKU0114,375,0,9.0,419
2024-12-30,SKU0114,47,794,9.0,419
2025-01-06,SKU0114,700,0,9.0,419
2025-01-13,SKU0114,372,0,9.0,419
2025-01-20,SKU0114,43,657,9.0,419
2025-01-27,SKU0114,422,0,9.0,419
2025-02-03,SKU0114,94,794,9.0,419
2025-02-10,SKU0114,747,0,9.0,419
2025-02-17,SKU0114,418,0,9.0,419
2025-02-24,SKU0114,90,657,9.0,419
2025-03-03,SKU0114,469,0,9.0,419
2025-03-10,SKU0114,141,794,9.0,419
2025-03-17,SKU0114,0,794,9.0,419
2025-03-24,SKU0114,465,0,9.0,419
2025-03-31,SKU0114,137,657,9.0,419
2025-04-07,SKU0114,516,0,9.0,419
2025-04-14,SKU0114,188,701,9.0,419
2025-04-21,SKU0114,654,0,9.0,419
2025-04-28,SKU0114,325,0,9.0,419
2025-05-05,SKU0114,0,0,9.0,419
2025-05-12,SKU0114,0,982,9.0,419
2025-05-19,SKU0114,841,0,9.0,419
2025-05-26,SKU0114,513,0,9.0,419
2025-06-02,SKU0114,184,610,9.0,419
2025-06-09,SKU0114,469,0,9.0,419
2025-06-16,SKU0114,141,607,9.0,419
2025-06-23,SKU0114,419,0,9.0,419
2025-06-30,SKU0114,91,657,9.0,419
2025-07-07,SKU0114,469,0,9.0,419
2025-07-14,SKU0114,141,607,9.0,419
2025-07-21,SKU0114,419,0,9.0,419
2025-07-28,SKU0114,91,610,9.0,419
2025-08-04,SKU0114,311,0,9.0,419
2025-08-11,SKU0114,0,865,9.0,419
2025-08-18,SKU0114,744,0,9.0,419
2025-08-25,SKU0114,509,0,9.0,419
2025-09-01,SKU0114,291,597,9.0,419
2025-09-08,SKU0114,577,0,9.0,419
2025-09-15,SKU0114,402,580,9.0,419
2025-09-22,SKU0114,127,580,9.0,419
2025-09-29,SKU0114,524,0,9.0,419
2025-10-06,SKU0114,242,740,9.0,419
2025-10-13,SKU0114,0,740,9.0,419
2025-10-20,SKU0114,232,654,9.0,419
2025-10-27,SKU0114,0,654,9.0,419
2025-11-03,SKU0114,345,0,9.0,419
2025-11-10,SKU0114,126,742,9.0,419
2025-11-17,SKU0114,652,0,9.0,419
2025-11-24,SKU0114,339,583,9.0,419
2025-12-01,SKU0114,0,583,9.0,419
2025-12-08,SKU0114,207,689,9.0,419
2025-12-15,SKU0114,653,0,9.0,419
2025-12-22,SKU0114,312,0,9.0,419
2025-12-29,SKU0114,0,752,9.0,419
2024-01-01,SKU0115,478,0,14.0,383
2024-01-08,SKU0115,252,349,14.0,383
2024-01-15,SKU0115,0,705,14.0,383
2024-01-22,SKU0115,153,356,14.0,383
2024-01-29,SKU0115,248,354,14.0,383
2024-02-05,SKU0115,37,354,14.0,383
2024-02-12,SKU0115,191,412,14.0,383
2024-02-19,SKU0115,0,412,14.0,383
2024-02-26,SKU0115,277,390,14.0,383
2024-03-04,SKU0115,58,390,14.0,383
2024-03-11,SKU0115,290,0,14.0,383
2024-03-18,SKU0115,110,498,14.0,383
2024-03-25,SKU0115,0,498,14.0,383
2024-04-01,SKU0115,324,372,14.0,383
2024-04-08,SKU0115,137,372,14.0,383
2024-04-15,SKU0115,296,358,14.0,383
2024-04-22,SKU0115,141,358,14.0,383
2024-04-29,SKU0115,298,379,14.0,383
2024-05-06,SKU0115,108,379,14.0,383
2024-05-13,SKU0115,336,349,14.0,383
2024-05-20,SKU0115,113,349,14.0,383
2024-05-27,SKU0115,290,356,14.0,383
2024-06-03,SKU0115,159,356,14.0,383
2024-06-10,SKU0115,338,378,14.0,383
2024-06-17,SKU0115,159,378,14.0,383
2024-06-24,SKU0115,369,0,14.0,383
2024-07-01,SKU0115,200,393,14.0,383
2024-07-08,SKU0115,0,393,14.0,383
2024-07-15,SKU0115,210,385,14.0,383
2024-07-22,SKU0115,29,385,14.0,383
2024-07-29,SKU0115,224,379,14.0,383
2024-08-05,SKU0115,0,379,14.0,383
2024-08-12,SKU0115,157,385,14.0,383
2024-08-19,SKU0115,0,385,14.0,383
2024-08-26,SKU0115,290,407,14.0,383
2024-09-02,SKU0115,123,407,14.0,383
2024-09-09,SKU0115,373,0,14.0,383
2024-09-16,SKU0115,168,402,14.0,383
2024-09-23,SKU0115,0,402,14.0,383
2024-09-30,SKU0115,216,454,14.0,383
2024-10-07,SKU0115,0,454,14.0,383
2024-10-14,SKU0115,371,0,14.0,383
2024-10-21,SKU0115,4,420,14.0,383
2024-10-28,SKU0115,0,420,14.0,383
2024-11-04,SKU0115,217,430,14.0,383
2024-11-11,SKU0115,21,430,14.0,383
2024-11-18,SKU0115,314,0,14.0,383
2024-11-25,SKU0115,49,530,14.0,383
2024-12-02,SKU0115,0,530,14.0,383
2024-12-09,SKU0115,353,377,14.0,383
2024-12-16,SKU0115,51,377,14.0,383
2024-12-23,SKU0115,321,353,14.0,383
2024-12-30,SKU0115,38,353,14.0,383
2025-01-06,SKU0115,86,360,14.0,383
2025-01-13,SKU0115,0,730,14.0,383
2025-01-20,SKU0115,94,370,14.0,383
2025-01-27,SKU0115,214,491,14.0,383
2025-02-03,SKU0115,0,491,14.0,383
2025-02-10,SKU0115,399,0,14.0,383
2025-02-17,SKU0115,128,351,14.0,383
2025-02-24,SKU0115,0,699,14.0,383
2025-03-03,SKU0115,156,348,14.0,383
2025-03-10,SKU0115,313,417,14.0,383
2025-03-17,SKU0115,159,417,14.0,383
2025-03-24,SKU0115,397,0,14.0,383
2025-03-31,SKU0115,200,363,14.0,383
2025-04-07,SKU0115,47,363,14.0,383
2025-04-14,SKU0115,177,427,14.0,383
2025-04-21,SKU0115,0,427,14.0,383
2025-04-28,SKU0115,281,360,14.0,383
2025-05-05,SKU0115,75,360,14.0,383
2025-05-12,SKU0115,243,445,14.0,383
2025-05-19,SKU0115,37,445,14.0,383
2025-05-26,SKU0115,336,362,14.0,383
2025-06-02,SKU0115,147,362,14.0,383
2025-06-09,SKU0115,316,388,14.0,383
2025-06-16,SKU0115,113,388,14.0,383
2025-06-23,SKU0115,342,355,14.0,383
2025-06-30,SKU0115,185,355,14.0,383
2025-07-07,SKU0115,304,426,14.0,383
2025-07-14,SKU0115,136,426,14.0,383
2025-07-21,SKU0115,392,0,14.0,383
2025-07-28,SKU0115,184,367,14.0,383
2025-08-04,SKU0115,0,730,14.0,383
2025-08-11,SKU0115,96,363,14.0,383
2025-08-18,SKU0115,255,367,14.0,383
2025-08-25,SKU0115,56,367,14.0,383
2025-09-01,SKU0115,283,363,14.0,383
2025-09-08,SKU0115,126,363,14.0,383
2025-09-15,SKU0115,320,378,14.0,383
2025-09-22,SKU0115,154,378,14.0,383
2025-09-29,SKU0115,380,0,14.0,383
2025-10-06,SKU0115,177,380,14.0,383
2025-10-13,SKU0115,0,730,14.0,383
2025-10-20,SKU0115,0,730,14.0,383
2025-10-27,SKU0115,292,380,14.0,383
2025-11-03,SKU0115,439,0,14.0,383
2025-11-10,SKU0115,232,393,14.0,383
2025-11-17,SKU0115,7,393,14.0,383
2025-11-24,SKU0115,255,402,14.0,383
2025-12-01,SKU0115,0,402,14.0,383
2025-12-08,SKU0115,276,429,14.0,383
2025-12-15,SKU0115,0,429,14.0,383
2025-12-22,SKU0115,357,373,14.0,383
2025-12-29,SKU0115,112,373,14.0,383
2024-01-01,SKU0116,410,0,10.0,234
2024-01-08,SKU0116,272,0,10.0,234
2024-01-15,SKU0116,133,288,10.0,234
2024-01-22,SKU0116,283,0,10.0,234
2024-01-29,SKU0116,144,376,10.0,234
2024-02-05,SKU0116,6,376,10.0,234
2024-02-12,SKU0116,277,0,10.0,234
2024-02-19,SKU0116,139,302,10.0,234
2024-02-26,SKU0116,302,0,10.0,234
2024-03-04,SKU0116,163,297,10.0,234
2024-03-11,SKU0116,322,0,10.0,234
2024-03-18,SKU0116,179,297,10.0,234
2024-03-25,SKU0116,46,297,10.0,234
2024-04-01,SKU0116,188,0,10.0,234
2024-04-08,SKU0116,53,350,10.0,234
2024-04-15,SKU0116,305,0,10.0,234
2024-04-22,SKU0116,195,0,10.0,234
2024-04-29,SKU0116,90,364,10.0,234
2024-05-06,SKU0116,323,0,10.0,234
2024-05-13,SKU0116,192,313,10.0,234
2024-05-20,SKU0116,85,313,10.0,234
2024-05-27,SKU0116,307,0,10.0,234
2024-06-03,SKU0116,192,328,10.0,234
2024-06-10,SKU0116,77,328,10.0,234
2024-06-17,SKU0116,280,0,10.0,234
2024-06-24,SKU0116,131,310,10.0,234
2024-07-01,SKU0116,305,0,10.0,234
2024-07-08,SKU0116,188,310,10.0,234
2024-07-15,SKU0116,90,310,10.0,234
2024-07-22,SKU0116,282,0,10.0,234
2024-07-29,SKU0116,159,301,10.0,234
2024-08-05,SKU0116,274,0,10.0,234
2024-08-12,SKU0116,83,337,10.0,234
2024-08-19,SKU0116,313,0,10.0,234
2024-08-26,SKU0116,190,302,10.0,234
2024-09-02,SKU0116,77,302,10.0,234
2024-09-09,SKU0116,283,0,10.0,234
2024-09-16,SKU0116,162,348,10.0,234
2024-09-23,SKU0116,42,348,10.0,234
2024-09-30,SKU0116,268,0,10.0,234
2024-10-07,SKU0116,127,301,10.0,234
2024-10-14,SKU0116,299,0,10.0,234
2024-10-21,SKU0116,24,379,10.0,234
2024-10-28,SKU0116,360,0,10.0,234
2024-11-04,SKU0116,185,0,10.0,234
2024-11-11,SKU0116,45,356,10.0,234
2024-11-18,SKU0116,292,0,10.0,234
2024-11-25,SKU0116,112,0,10.0,234
2024-12-02,SKU0116,0,444,10.0,234
2024-12-09,SKU0116,351,0,10.0,234
2024-12-16,SKU0116,169,0,10.0,234
2024-12-23,SKU0116,0,480,10.0,234
2024-12-30,SKU0116,462,0,10.0,234
2025-01-06,SKU0116,217,0,10.0,234
2025-01-13,SKU0116,35,331,10.0,234
2025-01-20,SKU0116,245,0,10.0,234
2025-01-27,SKU0116,87,294,10.0,234
2025-02-03,SKU0116,264,0,10.0,234
2025-02-10,SKU0116,130,296,10.0,234
2025-02-17,SKU0116,283,0,10.0,234
2025-02-24,SKU0116,118,348,10.0,234
2025-03-03,SKU0116,0,348,10.0,234
2025-03-10,SKU0116,234,0,10.0,234
2025-03-17,SKU0116,121,308,10.0,234
2025-03-24,SKU0116,325,0,10.0,234
2025-03-31,SKU0116,204,301,10.0,234
2025-04-07,SKU0116,100,301,10.0,234
2025-04-14,SKU0116,293,0,10.0,234
2025-04-21,SKU0116,218,302,10.0,234
2025-04-28,SKU0116,101,302,10.0,234
2025-05-05,SKU0116,279,0,10.0,234
2025-05-12,SKU0116,185,321,10.0,234
2025-05-19,SKU0116,37,321,10.0,234
2025-05-26,SKU0116,250,0,10.0,234
2025-06-02,SKU0116,138,321,10.0,234
2025-06-09,SKU0116,347,0,10.0,234
2025-06-16,SKU0116,224,296,10.0,234
2025-06-23,SKU0116,137,296,10.0,234
2025-06-30,SKU0116,335,0,10.0,234
2025-07-07,SKU0116,221,299,10.0,234
2025-07-14,SKU0116,120,299,10.0,234
2025-07-21,SKU0116,302,0,10.0,234
2025-07-28,SKU0116,191,329,10.0,234
2025-08-04,SKU0116,42,329,10.0,234
2025-08-11,SKU0116,192,328,10.0,234
2025-08-18,SKU0116,91,328,10.0,234
2025-08-25,SKU0116,326,0,10.0,234
2025-09-01,SKU0116,216,299,10.0,234
2025-09-08,SKU0116,103,299,10.0,234
2025-09-15,SKU0116,270,0,10.0,234
2025-09-22,SKU0116,164,310,10.0,234
2025-09-29,SKU0116,368,0,10.0,234
2025-10-06,SKU0116,214,0,10.0,234
2025-10-13,SKU0116,69,324,10.0,234
2025-10-20,SKU0116,150,370,10.0,234
2025-10-27,SKU0116,0,370,10.0,234
2025-11-03,SKU0116,297,0,10.0,234
2025-11-10,SKU0116,171,0,10.0,234
2025-11-17,SKU0116,37,392,10.0,234
2025-11-24,SKU0116,346,0,10.0,234
2025-12-01,SKU0116,73,0,10.0,234
2025-12-08,SKU0116,0,520,10.0,234
2025-12-15,SKU0116,0,520,10.0,234
2025-12-22,SKU0116,400,0,10.0,234
2025-12-29,SKU0116,270,0,10.0,234
2024-01-01,SKU0117,352,0,17.0,221
2024-01-08,SKU0117,226,0,17.0,221
2024-01-15,SKU0117,100,219,17.0,221
2024-01-22,SKU0117,0,391,17.0,221
2024-01-29,SKU0117,183,172,17.0,221
2024-02-05,SKU0117,57,172,17.0,221
2024-02-12,SKU0117,103,180,17.0,221
2024-02-19,SKU0117,0,360,17.0,221
2024-02-26,SKU0117,108,180,17.0,221
2024-03-04,SKU0117,162,211,17.0,221
2024-03-11,SKU0117,36,211,17.0,221
2024-03-18,SKU0117,0,391,17.0,221
2024-03-25,SKU0117,103,180,17.0,221
2024-04-01,SKU0117,157,180,17.0,221
2024-04-08,SKU0117,31,180,17.0,221
2024-04-15,SKU0117,162,198,17.0,221
2024-04-22,SKU0117,36,198,17.0,221
2024-04-29,SKU0117,126,0,17.0,221
2024-05-06,SKU0117,0,283,17.0,221
2024-05-13,SKU0117,0,283,17.0,221
2024-05-20,SKU0117,211,180,17.0,221
2024-05-27,SKU0117,85,180,17.0,221
2024-06-03,SKU0117,0,378,17.0,221
2024-06-10,SKU0117,90,198,17.0,221
2024-06-17,SKU0117,180,175,17.0,221
2024-06-24,SKU0117,54,175,17.0,221
2024-07-01,SKU0117,157,180,17.0,221
2024-07-08,SKU0117,31,360,17.0,221
2024-07-15,SKU0117,108,180,17.0,221
2024-07-22,SKU0117,0,355,17.0,221
2024-07-29,SKU0117,90,175,17.0,221
2024-08-05,SKU0117,157,216,17.0,221
2024-08-12,SKU0117,31,216,17.0,221
2024-08-19,SKU0117,0,391,17.0,221
2024-08-26,SKU0117,90,175,17.0,221
2024-09-02,SKU0117,139,216,17.0,221
2024-09-09,SKU0117,13,216,17.0,221
2024-09-16,SKU0117,0,391,17.0,221
2024-09-23,SKU0117,90,175,17.0,221
2024-09-30,SKU0117,139,216,17.0,221
2024-10-07,SKU0117,13,216,17.0,221
2024-10-14,SKU0117,0,391,17.0,221
2024-10-21,SKU0117,90,175,17.0,221
2024-10-28,SKU0117,139,180,17.0,221
2024-11-04,SKU0117,13,360,17.0,221
2024-11-11,SKU0117,144,180,17.0,221
2024-11-18,SKU0117,18,373,17.0,221
2024-11-25,SKU0117,72,193,17.0,221
2024-12-02,SKU0117,0,373,17.0,221
2024-12-09,SKU0117,103,180,17.0,221
2024-12-16,SKU0117,157,180,17.0,221
2024-12-23,SKU0117,31,360,17.0,221
2024-12-30,SKU0117,162,180,17.0,221
2025-01-06,SKU0117,36,180,17.0,221
2025-01-13,SKU0117,90,193,17.0,221
2025-01-20,SKU0117,0,391,17.0,221
2025-01-27,SKU0117,121,198,17.0,221
2025-02-03,SKU0117,0,391,17.0,221
2025-02-10,SKU0117,108,193,17.0,221
2025-02-17,SKU0117,0,391,17.0,221
2025-02-24,SKU0117,103,198,17.0,221
2025-03-03,SKU0117,0,198,17.0,221
2025-03-10,SKU0117,90,193,17.0,221
2025-03-17,SKU0117,0,373,17.0,221
2025-03-24,SKU0117,121,180,17.0,221
2025-03-31,SKU0117,175,180,17.0,221
2025-04-07,SKU0117,49,180,17.0,221
2025-04-14,SKU0117,0,378,17.0,221
2025-04-21,SKU0117,54,198,17.0,221
2025-04-28,SKU0117,144,193,17.0,221
2025-05-05,SKU0117,18,373,17.0,221
2025-05-12,SKU0117,157,180,17.0,221
2025-05-19,SKU0117,31,360,17.0,221
2025-05-26,SKU0117,90,180,17.0,221
2025-06-02,SKU0117,0,391,17.0,221
2025-06-09,SKU0117,90,211,17.0,221
2025-06-16,SKU0117,0,391,17.0,221
2025-06-23,SKU0117,121,180,17.0,221
2025-06-30,SKU0117,12,180,17.0,221
2025-07-07,SKU0117,114,234,17.0,221
2025-07-14,SKU0117,29,234,17.0,221
2025-07-21,SKU0117,196,174,17.0,221
2025-07-28,SKU0117,90,174,17.0,221
2025-08-04,SKU0117,0,367,17.0,221
2025-08-11,SKU0117,28,193,17.0,221
2025-08-18,SKU0117,183,194,17.0,221
2025-08-25,SKU0117,76,194,17.0,221
2025-09-01,SKU0117,176,173,17.0,221
2025-09-08,SKU0117,67,173,17.0,221
2025-09-15,SKU0117,159,175,17.0,221
2025-09-22,SKU0117,65,175,17.0,221
2025-09-29,SKU0117,153,186,17.0,221
2025-10-06,SKU0117,43,186,17.0,221
2025-10-13,SKU0117,146,186,17.0,221
2025-10-20,SKU0117,0,378,17.0,221
2025-10-27,SKU0117,93,192,17.0,221
2025-11-03,SKU0117,0,367,17.0,221
2025-11-10,SKU0117,78,175,17.0,221
2025-11-17,SKU0117,157,188,17.0,221
2025-11-24,SKU0117,51,188,17.0,221
2025-12-01,SKU0117,105,182,17.0,221
2025-12-08,SKU0117,0,391,17.0,221
2025-12-15,SKU0117,88,209,17.0,221
2025-12-22,SKU0117,191,182,17.0,221
2025-12-29,SKU0117,59,182,17.0,221
2024-01-01,SKU0118,33,0,22.0,32
2024-01-08,SKU0118,9,23,22.0,32
2024-01-15,SKU0118,0,46,22.0,32
2024-01-22,SKU0118,0,46,22.0,32
2024-01-29,SKU0118,3,46,22.0,32
2024-02-05,SKU0118,3,46,22.0,32
2024-02-12,SKU0118,0,46,22.0,32
2024-02-19,SKU0118,20,23,22.0,32
2024-02-26,SKU0118,20,26,22.0,32
2024-03-04,SKU0118,0,49,22.0,32
2024-03-11,SKU0118,0,49,22.0,32
2024-03-18,SKU0118,19,23,22.0,32
2024-03-25,SKU0118,19,27,22.0,32
2024-04-01,SKU0118,0,50,22.0,32
2024-04-08,SKU0118,0,50,22.0,32
2024-04-15,SKU0118,20,23,22.0,32
2024-04-22,SKU0118,20,26,22.0,32
2024-04-29,SKU0118,0,49,22.0,32
2024-05-06,SKU0118,0,49,22.0,32
2024-05-13,SKU0118,19,23,22.0,32
2024-05-20,SKU0118,19,23,22.0,32
2024-05-27,SKU0118,0,44,22.0,32
2024-06-03,SKU0118,0,44,22.0,32
2024-06-10,SKU0118,13,21,22.0,32
2024-06-17,SKU0118,10,22,22.0,32
2024-06-24,SKU0118,0,45,22.0,32
2024-07-01,SKU0118,0,45,22.0,32
2024-07-08,SKU0118,2,47,22.0,32
2024-07-15,SKU0118,3,46,22.0,32
2024-07-22,SKU0118,0,46,22.0,32
2024-07-29,SKU0118,21,22,22.0,32
2024-08-05,SKU0118,19,26,22.0,32
2024-08-12,SKU0118,0,47,22.0,32
2024-08-19,SKU0118,0,47,22.0,32
2024-08-26,SKU0118,19,21,22.0,32
2024-09-02,SKU0118,17,22,22.0,32
2024-09-09,SKU0118,0,42,22.0,32
2024-09-16,SKU0118,0,42,22.0,32
2024-09-23,SKU0118,8,40,22.0,32
2024-09-30,SKU0118,5,40,22.0,32
2024-10-07,SKU0118,0,40,22.0,32
2024-10-14,SKU0118,17,20,22.0,32
2024-10-21,SKU0118,13,26,22.0,32
2024-10-28,SKU0118,0,49,22.0,32
2024-11-04,SKU0118,0,49,22.0,32
2024-11-11,SKU0118,12,23,22.0,32
2024-11-18,SKU0118,12,27,22.0,32
2024-11-25,SKU0118,0,50,22.0,32
2024-12-02,SKU0118,0,50,22.0,32
2024-12-09,SKU0118,13,23,22.0,32
2024-12-16,SKU0118,13,22,22.0,32
2024-12-23,SKU0118,0,43,22.0,32
2024-12-30,SKU0118,0,43,22.0,32
2025-01-06,SKU0118,5,44,22.0,32
2025-01-13,SKU0118,2,46,22.0,32
2025-01-20,SKU0118,0,46,22.0,32
2025-01-27,SKU0118,20,23,22.0,32
2025-02-03,SKU0118,20,23,22.0,32
2025-02-10,SKU0118,0,46,22.0,32
2025-02-17,SKU0118,0,46,22.0,32
2025-02-24,SKU0118,13,23,22.0,32
2025-03-03,SKU0118,13,23,22.0,32
2025-03-10,SKU0118,0,49,22.0,32
2025-03-17,SKU0118,0,49,22.0,32
2025-03-24,SKU0118,6,26,22.0,32
2025-03-31,SKU0118,12,26,22.0,32
2025-04-07,SKU0118,0,46,22.0,32
2025-04-14,SKU0118,0,46,22.0,32
2025-04-21,SKU0118,19,20,22.0,32
2025-04-28,SKU0118,16,23,22.0,32
2025-05-05,SKU0118,0,45,22.0,32
2025-05-12,SKU0118,0,45,22.0,32
2025-05-19,SKU0118,14,22,22.0,32
2025-05-26,SKU0118,18,23,22.0,32
2025-06-02,SKU0118,0,44,22.0,32
2025-06-09,SKU0118,0,44,22.0,32
2025-06-16,SKU0118,11,21,22.0,32
2025-06-23,SKU0118,10,24,22.0,32
2025-06-30,SKU0118,0,46,22.0,32
2025-07-07,SKU0118,0,46,22.0,32
2025-07-14,SKU0118,8,44,22.0,32
2025-07-21,SKU0118,11,22,22.0,32
2025-07-28,SKU0118,0,45,22.0,32
2025-08-04,SKU0118,0,45,22.0,32
2025-08-11,SKU0118,0,44,22.0,32
2025-08-18,SKU0118,3,43,22.0,32
2025-08-25,SKU0118,0,43,22.0,32
2025-09-01,SKU0118,7,22,22.0,32
2025-09-08,SKU0118,14,28,22.0,32
2025-09-15,SKU0118,0,52,22.0,32
2025-09-22,SKU0118,0,52,22.0,32
2025-09-29,SKU0118,14,24,22.0,32
2025-10-06,SKU0118,21,22,22.0,32
2025-10-13,SKU0118,0,43,22.0,32
2025-10-20,SKU0118,0,43,22.0,32
2025-10-27,SKU0118,0,44,22.0,32
2025-11-03,SKU0118,11,23,22.0,32
2025-11-10,SKU0118,0,45,22.0,32
2025-11-17,SKU0118,17,22,22.0,32
2025-11-24,SKU0118,0,46,22.0,32
2025-12-01,SKU0118,0,48,22.0,32
2025-12-08,SKU0118,0,48,22.0,32
2025-12-15,SKU0118,9,24,22.0,32
2025-12-22,SKU0118,12,22,22.0,32
2025-12-29,SKU0118,0,43,22.0,32
2024-01-01,SKU0119,1115,0,14.0,863
2024-01-08,SKU0119,828,816,14.0,863
2024-01-15,SKU0119,542,816,14.0,863
2024-01-22,SKU0119,1071,0,14.0,863
2024-01-29,SKU0119,784,819,14.0,863
2024-02-05,SKU0119,498,819,14.0,863
2024-02-12,SKU0119,1030,0,14.0,863
2024-02-19,SKU0119,743,819,14.0,863
2024-02-26,SKU0119,457,819,14.0,863
2024-03-04,SKU0119,989,0,14.0,863
2024-03-11,SKU0119,702,819,14.0,863
2024-03-18,SKU0119,416,819,14.0,863
2024-03-25,SKU0119,948,0,14.0,863
2024-04-01,SKU0119,661,819,14.0,863
2024-04-08,SKU0119,375,819,14.0,863
2024-04-15,SKU0119,907,0,14.0,863
2024-04-22,SKU0119,620,819,14.0,863
2024-04-29,SKU0119,334,819,14.0,863
2024-05-06,SKU0119,866,0,14.0,863
2024-05-13,SKU0119,579,819,14.0,863
2024-05-20,SKU0119,293,819,14.0,863
2024-05-27,SKU0119,825,819,14.0,863
2024-06-03,SKU0119,538,819,14.0,863
2024-06-10,SKU0119,1071,0,14.0,863
2024-06-17,SKU0119,784,819,14.0,863
2024-06-24,SKU0119,497,819,14.0,863
2024-07-01,SKU0119,1030,0,14.0,863
2024-07-08,SKU0119,743,819,14.0,863
2024-07-15,SKU0119,456,819,14.0,863
2024-07-22,SKU0119,989,0,14.0,863
2024-07-29,SKU0119,702,819,14.0,863
2024-08-05,SKU0119,415,819,14.0,863
2024-08-12,SKU0119,948,0,14.0,863
2024-08-19,SKU0119,661,819,14.0,863
2024-08-26,SKU0119,374,819,14.0,863
2024-09-02,SKU0119,907,0,14.0,863
2024-09-09,SKU0119,620,819,14.0,863
2024-09-16,SKU0119,333,819,14.0,863
2024-09-23,SKU0119,866,0,14.0,863
2024-09-30,SKU0119,579,819,14.0,863
2024-10-07,SKU0119,292,819,14.0,863
2024-10-14,SKU0119,825,819,14.0,863
2024-10-21,SKU0119,538,819,14.0,863
2024-10-28,SKU0119,1070,0,14.0,863
2024-11-04,SKU0119,784,819,14.0,863
2024-11-11,SKU0119,497,819,14.0,863
2024-11-18,SKU0119,1029,0,14.0,863
2024-11-25,SKU0119,743,820,14.0,863
2024-12-02,SKU0119,456,820,14.0,863
2024-12-09,SKU0119,989,0,14.0,863
2024-12-16,SKU0119,703,819,14.0,863
2024-12-23,SKU0119,416,819,14.0,863
2024-12-30,SKU0119,948,0,14.0,863
2025-01-06,SKU0119,662,819,14.0,863
2025-01-13,SKU0119,375,819,14.0,863
2025-01-20,SKU0119,907,0,14.0,863
2025-01-27,SKU0119,621,819,14.0,863
2025-02-03,SKU0119,334,819,14.0,863
2025-02-10,SKU0119,866,0,14.0,863
2025-02-17,SKU0119,580,819,14.0,863
2025-02-24,SKU0119,293,819,14.0,863
2025-03-03,SKU0119,825,819,14.0,863
2025-03-10,SKU0119,539,819,14.0,863
2025-03-17,SKU0119,1071,0,14.0,863
2025-03-24,SKU0119,784,819,14.0,863
2025-03-31,SKU0119,498,819,14.0,863
2025-04-07,SKU0119,1030,0,14.0,863
2025-04-14,SKU0119,743,819,14.0,863
2025-04-21,SKU0119,457,819,14.0,863
2025-04-28,SKU0119,989,0,14.0,863
2025-05-05,SKU0119,702,819,14.0,863
2025-05-12,SKU0119,416,819,14.0,863
2025-05-19,SKU0119,948,0,14.0,863
2025-05-26,SKU0119,661,819,14.0,863
2025-06-02,SKU0119,375,819,14.0,863
2025-06-09,SKU0119,907,0,14.0,863
2025-06-16,SKU0119,620,819,14.0,863
2025-06-23,SKU0119,334,819,14.0,863
2025-06-30,SKU0119,866,0,14.0,863
2025-07-07,SKU0119,579,819,14.0,863
2025-07-14,SKU0119,293,819,14.0,863
2025-07-21,SKU0119,825,819,14.0,863
2025-07-28,SKU0119,538,819,14.0,863
2025-08-04,SKU0119,1070,0,14.0,863
2025-08-11,SKU0119,784,819,14.0,863
2025-08-18,SKU0119,497,819,14.0,863
2025-08-25,SKU0119,1029,0,14.0,863
2025-09-01,SKU0119,831,782,14.0,863
2025-09-08,SKU0119,648,782,14.0,863
2025-09-15,SKU0119,1313,0,14.0,863
2025-09-22,SKU0119,1112,0,14.0,863
2025-09-29,SKU0119,985,0,14.0,863
2025-10-06,SKU0119,706,816,14.0,863
2025-10-13,SKU0119,459,816,14.0,863
2025-10-20,SKU0119,769,806,14.0,863
2025-10-27,SKU0119,442,806,14.0,863
2025-11-03,SKU0119,892,0,14.0,863
2025-11-10,SKU0119,522,827,14.0,863
2025-11-17,SKU0119,294,827,14.0,863
2025-11-24,SKU0119,847,797,14.0,863
2025-12-01,SKU0119,289,797,14.0,863
2025-12-08,SKU0119,760,804,14.0,863
2025-12-15,SKU0119,515,804,14.0,863
2025-12-22,SKU0119,1022,0,14.0,863
2025-12-29,SKU0119,709,784,14.0,863
2024-01-01,SKU0120,477,0,22.0,353
2024-01-08,SKU0120,365,0,22.0,353
2024-01-15,SKU0120,252,239,22.0,353
2024-01-22,SKU0120,140,239,22.0,353
2024-01-29,SKU0120,27,463,22.0,353
2024-02-05,SKU0120,159,224,22.0,353
2024-02-12,SKU0120,46,525,22.0,353
2024-02-19,SKU0120,158,301,22.0,353
2024-02-26,SKU0120,46,301,22.0,353
2024-03-04,SKU0120,0,541,22.0,353
2024-03-11,SKU0120,189,240,22.0,353
2024-03-18,SKU0120,76,463,22.0,353
2024-03-25,SKU0120,204,223,22.0,353
2024-04-01,SKU0120,92,479,22.0,353
2024-04-08,SKU0120,202,256,22.0,353
2024-04-15,SKU0120,90,256,22.0,353
2024-04-22,SKU0120,0,497,22.0,353
2024-04-29,SKU0120,144,241,22.0,353
2024-05-06,SKU0120,31,476,22.0,353
2024-05-13,SKU0120,160,235,22.0,353
2024-05-20,SKU0120,48,459,22.0,353
2024-05-27,SKU0120,171,224,22.0,353
2024-06-03,SKU0120,58,448,22.0,353
2024-06-10,SKU0120,170,224,22.0,353
2024-06-17,SKU0120,58,224,22.0,353
2024-06-24,SKU0120,169,305,22.0,353
2024-07-01,SKU0120,57,305,22.0,353
2024-07-08,SKU0120,0,546,22.0,353
2024-07-15,SKU0120,209,241,22.0,353
2024-07-22,SKU0120,96,241,22.0,353
2024-07-29,SKU0120,225,346,22.0,353
2024-08-05,SKU0120,113,346,22.0,353
2024-08-12,SKU0120,0,571,22.0,353
2024-08-19,SKU0120,0,571,22.0,353
2024-08-26,SKU0120,234,225,22.0,353
2024-09-02,SKU0120,121,225,22.0,353
2024-09-09,SKU0120,234,241,22.0,353
2024-09-16,SKU0120,122,241,22.0,353
2024-09-23,SKU0120,9,466,22.0,353
2024-09-30,SKU0120,145,225,22.0,353
2024-10-07,SKU0120,32,458,22.0,353
2024-10-14,SKU0120,145,233,22.0,353
2024-10-21,SKU0120,33,474,22.0,353
2024-10-28,SKU0120,153,241,22.0,353
2024-11-04,SKU0120,41,466,22.0,353
2024-11-11,SKU0120,177,225,22.0,353
2024-11-18,SKU0120,64,474,22.0,353
2024-11-25,SKU0120,177,249,22.0,353
2024-12-02,SKU0120,65,474,22.0,353
2024-12-09,SKU0120,217,225,22.0,353
2024-12-16,SKU0120,105,450,22.0,353
2024-12-23,SKU0120,217,225,22.0,353
2024-12-30,SKU0120,105,225,22.0,353
2025-01-06,SKU0120,217,257,22.0,353
2025-01-13,SKU0120,105,257,22.0,353
2025-01-20,SKU0120,0,530,22.0,353
2025-01-27,SKU0120,161,273,22.0,353
2025-02-03,SKU0120,48,523,22.0,353
2025-02-10,SKU0120,225,250,22.0,353
2025-02-17,SKU0120,112,250,22.0,353
2025-02-24,SKU0120,0,475,22.0,353
2025-03-03,SKU0120,138,225,22.0,353
2025-03-10,SKU0120,25,481,22.0,353
2025-03-17,SKU0120,138,256,22.0,353
2025-03-24,SKU0120,26,529,22.0,353
2025-03-31,SKU0120,192,273,22.0,353
2025-04-07,SKU0120,79,492,22.0,353
2025-04-14,SKU0120,257,219,22.0,353
2025-04-21,SKU0120,145,219,22.0,353
2025-04-28,SKU0120,32,523,22.0,353
2025-05-05,SKU0120,139,304,22.0,353
2025-05-12,SKU0120,26,528,22.0,353
2025-05-19,SKU0120,288,224,22.0,353
2025-05-26,SKU0120,176,224,22.0,353
2025-06-02,SKU0120,287,220,22.0,353
2025-06-09,SKU0120,175,220,22.0,353
2025-06-16,SKU0120,62,460,22.0,353
2025-06-23,SKU0120,170,240,22.0,353
2025-06-30,SKU0120,51,479,22.0,353
2025-07-07,SKU0120,209,239,22.0,353
2025-07-14,SKU0120,132,239,22.0,353
2025-07-21,SKU0120,285,218,22.0,353
2025-07-28,SKU0120,211,218,22.0,353
2025-08-04,SKU0120,55,457,22.0,353
2025-08-11,SKU0120,153,239,22.0,353
2025-08-18,SKU0120,70,465,22.0,353
2025-08-25,SKU0120,228,226,22.0,353
2025-09-01,SKU0120,127,444,22.0,353
2025-09-08,SKU0120,264,218,22.0,353
2025-09-15,SKU0120,172,218,22.0,353
2025-09-22,SKU0120,92,441,22.0,353
2025-09-29,SKU0120,213,223,22.0,353
2025-10-06,SKU0120,135,223,22.0,353
2025-10-13,SKU0120,248,223,22.0,353
2025-10-20,SKU0120,46,490,22.0,353
2025-10-27,SKU0120,0,490,22.0,353
2025-11-03,SKU0120,134,267,22.0,353
2025-11-10,SKU0120,293,234,22.0,353
2025-11-17,SKU0120,179,234,22.0,353
2025-11-24,SKU0120,55,464,22.0,353
2025-12-01,SKU0120,137,230,22.0,353
2025-12-08,SKU0120,0,525,22.0,353
2025-12-15,SKU0120,170,295,22.0,353
2025-12-22,SKU0120,78,295,22.0,353
2025-12-29,SKU0120,250,235,22.0,353
2024-01-01,SKU0121,574,0,8.0,316
2024-01-08,SKU0121,338,0,8.0,316
2024-01-15,SKU0121,102,486,8.0,316
2024-01-22,SKU0121,352,0,8.0,316
2024-01-29,SKU0121,116,506,8.0,316
2024-02-05,SKU0121,386,0,8.0,316
2024-02-12,SKU0121,150,506,8.0,316
2024-02-19,SKU0121,420,0,8.0,316
2024-02-26,SKU0121,184,539,8.0,316
2024-03-04,SKU0121,487,0,8.0,316
2024-03-11,SKU0121,251,506,8.0,316
2024-03-18,SKU0121,521,0,8.0,316
2024-03-25,SKU0121,285,0,8.0,316
2024-04-01,SKU0121,49,540,8.0,316
2024-04-08,SKU0121,353,0,8.0,316
2024-04-15,SKU0121,117,505,8.0,316
2024-04-22,SKU0121,386,0,8.0,316
2024-04-29,SKU0121,150,506,8.0,316
2024-05-06,SKU0121,420,0,8.0,316
2024-05-13,SKU0121,184,539,8.0,316
2024-05-20,SKU0121,487,0,8.0,316
2024-05-27,SKU0121,251,506,8.0,316
2024-06-03,SKU0121,521,0,8.0,316
2024-06-10,SKU0121,285,506,8.0,316
2024-06-17,SKU0121,49,506,8.0,316
2024-06-24,SKU0121,319,0,8.0,316
2024-07-01,SKU0121,83,506,8.0,316
2024-07-08,SKU0121,353,0,8.0,316
2024-07-15,SKU0121,117,505,8.0,316
2024-07-22,SKU0121,386,0,8.0,316
2024-07-29,SKU0121,150,506,8.0,316
2024-08-05,SKU0121,420,0,8.0,316
2024-08-12,SKU0121,184,540,8.0,316
2024-08-19,SKU0121,488,0,8.0,316
2024-08-26,SKU0121,252,505,8.0,316
2024-09-02,SKU0121,521,0,8.0,316
2024-09-09,SKU0121,285,506,8.0,316
2024-09-16,SKU0121,49,506,8.0,316
2024-09-23,SKU0121,319,0,8.0,316
2024-09-30,SKU0121,83,506,8.0,316
2024-10-07,SKU0121,353,0,8.0,316
2024-10-14,SKU0121,117,539,8.0,316
2024-10-21,SKU0121,420,0,8.0,316
2024-10-28,SKU0121,184,506,8.0,316
2024-11-04,SKU0121,454,0,8.0,316
2024-11-11,SKU0121,218,506,8.0,316
2024-11-18,SKU0121,488,0,8.0,316
2024-11-25,SKU0121,252,505,8.0,316
2024-12-02,SKU0121,521,0,8.0,316
2024-12-09,SKU0121,285,506,8.0,316
2024-12-16,SKU0121,49,506,8.0,316
2024-12-23,SKU0121,319,0,8.0,316
2024-12-30,SKU0121,83,506,8.0,316
2025-01-06,SKU0121,353,0,8.0,316
2025-01-13,SKU0121,117,506,8.0,316
2025-01-20,SKU0121,387,0,8.0,316
2025-01-27,SKU0121,151,539,8.0,316
2025-02-03,SKU0121,454,0,8.0,316
2025-02-10,SKU0121,218,506,8.0,316
2025-02-17,SKU0121,488,0,8.0,316
2025-02-24,SKU0121,252,506,8.0,316
2025-03-03,SKU0121,522,0,8.0,316
2025-03-10,SKU0121,286,505,8.0,316
2025-03-17,SKU0121,50,505,8.0,316
2025-03-24,SKU0121,319,0,8.0,316
2025-03-31,SKU0121,83,506,8.0,316
2025-04-07,SKU0121,353,0,8.0,316
2025-04-14,SKU0121,117,506,8.0,316
2025-04-21,SKU0121,387,0,8.0,316
2025-04-28,SKU0121,151,506,8.0,316
2025-05-05,SKU0121,421,0,8.0,316
2025-05-12,SKU0121,185,505,8.0,316
2025-05-19,SKU0121,454,0,8.0,316
2025-05-26,SKU0121,218,506,8.0,316
2025-06-02,SKU0121,488,0,8.0,316
2025-06-09,SKU0121,251,506,8.0,316
2025-06-16,SKU0121,521,0,8.0,316
2025-06-23,SKU0121,285,506,8.0,316
2025-06-30,SKU0121,49,506,8.0,316
2025-07-07,SKU0121,319,0,8.0,316
2025-07-14,SKU0121,83,505,8.0,316
2025-07-21,SKU0121,352,0,8.0,316
2025-07-28,SKU0121,116,506,8.0,316
2025-08-04,SKU0121,386,0,8.0,316
2025-08-11,SKU0121,150,506,8.0,316
2025-08-18,SKU0121,420,0,8.0,316
2025-08-25,SKU0121,184,505,8.0,316
2025-09-01,SKU0121,453,0,8.0,316
2025-09-08,SKU0121,217,540,8.0,316
2025-09-15,SKU0121,521,0,8.0,316
2025-09-22,SKU0121,285,0,8.0,316
2025-09-29,SKU0121,91,573,8.0,316
2025-10-06,SKU0121,480,0,8.0,316
2025-10-13,SKU0121,279,484,8.0,316
2025-10-20,SKU0121,412,0,8.0,316
2025-10-27,SKU0121,140,515,8.0,316
2025-11-03,SKU0121,453,0,8.0,316
2025-11-10,SKU0121,275,486,8.0,316
2025-11-17,SKU0121,559,0,8.0,316
2025-11-24,SKU0121,342,0,8.0,316
2025-12-01,SKU0121,0,508,8.0,316
2025-12-08,SKU0121,280,489,8.0,316
2025-12-15,SKU0121,534,0,8.0,316
2025-12-22,SKU0121,327,0,8.0,316
2025-12-29,SKU0121,122,482,8.0,316
2024-01-01,SKU0122,841,0,27.0,701
2024-01-08,SKU0122,709,0,27.0,701
2024-01-15,SKU0122,576,416,27.0,701
2024-01-22,SKU0122,444,416,27.0,701
2024-01-29,SKU0122,312,416,27.0,701
2024-02-05,SKU0122,179,832,27.0,701
2024-02-12,SKU0122,463,416,27.0,701
2024-02-19,SKU0122,330,416,27.0,701
2024-02-26,SKU0122,198,851,27.0,701
2024-03-04,SKU0122,482,435,27.0,701
2024-03-11,SKU0122,349,435,27.0,701
2024-03-18,SKU0122,217,813,27.0,701
2024-03-25,SKU0122,519,378,27.0,701
2024-04-01,SKU0122,387,378,27.0,701
2024-04-08,SKU0122,255,775,27.0,701
2024-04-15,SKU0122,500,397,27.0,701
2024-04-22,SKU0122,368,397,27.0,701
2024-04-29,SKU0122,236,795,27.0,701
2024-05-06,SKU0122,500,398,27.0,701
2024-05-13,SKU0122,368,398,27.0,701
2024-05-20,SKU0122,235,776,27.0,701
2024-05-27,SKU0122,501,378,27.0,701
2024-06-03,SKU0122,369,378,27.0,701
2024-06-10,SKU0122,236,794,27.0,701
2024-06-17,SKU0122,482,416,27.0,701
2024-06-24,SKU0122,349,416,27.0,701
2024-07-01,SKU0122,217,794,27.0,701
2024-07-08,SKU0122,501,378,27.0,701
2024-07-15,SKU0122,368,378,27.0,701
2024-07-22,SKU0122,236,756,27.0,701
2024-07-29,SKU0122,482,378,27.0,701
2024-08-05,SKU0122,349,378,27.0,701
2024-08-12,SKU0122,217,757,27.0,701
2024-08-19,SKU0122,462,379,27.0,701
2024-08-26,SKU0122,330,379,27.0,701
2024-09-02,SKU0122,198,795,27.0,701
2024-09-09,SKU0122,444,416,27.0,701
2024-09-16,SKU0122,312,416,27.0,701
2024-09-23,SKU0122,179,416,27.0,701
2024-09-30,SKU0122,463,491,27.0,701
2024-10-07,SKU0122,331,491,27.0,701
2024-10-14,SKU0122,198,491,27.0,701
2024-10-21,SKU0122,557,416,27.0,701
2024-10-28,SKU0122,425,416,27.0,701
2024-11-04,SKU0122,292,416,27.0,701
2024-11-11,SKU0122,160,795,27.0,701
2024-11-18,SKU0122,443,379,27.0,701
2024-11-25,SKU0122,311,757,27.0,701
2024-12-02,SKU0122,558,378,27.0,701
2024-12-09,SKU0122,425,378,27.0,701
2024-12-16,SKU0122,293,378,27.0,701
2024-12-23,SKU0122,538,435,27.0,701
2024-12-30,SKU0122,406,435,27.0,701
2025-01-06,SKU0122,274,435,27.0,701
2025-01-13,SKU0122,141,832,27.0,701
2025-01-20,SKU0122,444,397,27.0,701
2025-01-27,SKU0122,312,397,27.0,701
2025-02-03,SKU0122,179,775,27.0,701
2025-02-10,SKU0122,444,378,27.0,701
2025-02-17,SKU0122,311,757,27.0,701
2025-02-24,SKU0122,557,379,27.0,701
2025-03-03,SKU0122,419,379,27.0,701
2025-03-10,SKU0122,300,751,27.0,701
2025-03-17,SKU0122,577,372,27.0,701
2025-03-24,SKU0122,471,372,27.0,701
2025-03-31,SKU0122,352,372,27.0,701
2025-04-07,SKU0122,600,377,27.0,701
2025-04-14,SKU0122,480,377,27.0,701
2025-04-21,SKU0122,385,377,27.0,701
2025-04-28,SKU0122,266,747,27.0,701
2025-05-05,SKU0122,548,370,27.0,701
2025-05-12,SKU0122,417,370,27.0,701
2025-05-19,SKU0122,289,764,27.0,701
2025-05-26,SKU0122,570,394,27.0,701
2025-06-02,SKU0122,465,394,27.0,701
2025-06-09,SKU0122,325,394,27.0,701
2025-06-16,SKU0122,597,420,27.0,701
2025-06-23,SKU0122,502,420,27.0,701
2025-06-30,SKU0122,379,420,27.0,701
2025-07-07,SKU0122,289,420,27.0,701
2025-07-14,SKU0122,605,408,27.0,701
2025-07-21,SKU0122,493,408,27.0,701
2025-07-28,SKU0122,413,408,27.0,701
2025-08-04,SKU0122,256,812,27.0,701
2025-08-11,SKU0122,460,404,27.0,701
2025-08-18,SKU0122,361,404,27.0,701
2025-08-25,SKU0122,227,782,27.0,701
2025-09-01,SKU0122,546,378,27.0,701
2025-09-08,SKU0122,444,378,27.0,701
2025-09-15,SKU0122,351,378,27.0,701
2025-09-22,SKU0122,596,408,27.0,701
2025-09-29,SKU0122,504,408,27.0,701
2025-10-06,SKU0122,362,408,27.0,701
2025-10-13,SKU0122,210,819,27.0,701
2025-10-20,SKU0122,395,411,27.0,701
2025-10-27,SKU0122,205,825,27.0,701
2025-11-03,SKU0122,28,825,27.0,701
2025-11-10,SKU0122,310,414,27.0,701
2025-11-17,SKU0122,167,870,27.0,701
2025-11-24,SKU0122,445,456,27.0,701
2025-12-01,SKU0122,151,917,27.0,701
2025-12-08,SKU0122,0,917,27.0,701
2025-12-15,SKU0122,390,461,27.0,701
2025-12-22,SKU0122,276,461,27.0,701
2025-12-29,SKU0122,575,0,27.0,701
2024-01-01,SKU0123,274,0,25.0,207
2024-01-08,SKU0123,202,121,25.0,207
2024-01-15,SKU0123,130,121,25.0,207
2024-01-22,SKU0123,59,244,25.0,207
2024-01-29,SKU0123,0,244,25.0,207
2024-02-05,SKU0123,80,123,25.0,207
2024-02-12,SKU0123,8,274,25.0,207
2024-02-19,SKU0123,62,151,25.0,207
2024-02-26,SKU0123,0,272,25.0,207
2024-03-04,SKU0123,141,121,25.0,207
2024-03-11,SKU0123,69,121,25.0,207
2024-03-18,SKU0123,118,164,25.0,207
2024-03-25,SKU0123,47,164,25.0,207
2024-04-01,SKU0123,0,323,25.0,207
2024-04-08,SKU0123,154,159,25.0,207
2024-04-15,SKU0123,82,159,25.0,207
2024-04-22,SKU0123,10,292,25.0,207
2024-04-29,SKU0123,98,133,25.0,207
2024-05-06,SKU0123,26,256,25.0,207
2024-05-13,SKU0123,0,256,25.0,207
2024-05-20,SKU0123,72,251,25.0,207
2024-05-27,SKU0123,123,128,25.0,207
2024-06-03,SKU0123,51,128,25.0,207
2024-06-10,SKU0123,0,323,25.0,207
2024-06-17,SKU0123,87,195,25.0,207
2024-06-24,SKU0123,16,195,25.0,207
2024-07-01,SKU0123,0,323,25.0,207
2024-07-08,SKU0123,158,128,25.0,207
2024-07-15,SKU0123,111,128,25.0,207
2024-07-22,SKU0123,191,132,25.0,207
2024-07-29,SKU0123,135,132,25.0,207
2024-08-05,SKU0123,52,132,25.0,207
2024-08-12,SKU0123,0,286,25.0,207
2024-08-19,SKU0123,98,154,25.0,207
2024-08-26,SKU0123,33,290,25.0,207
2024-09-02,SKU0123,134,136,25.0,207
2024-09-09,SKU0123,73,136,25.0,207
2024-09-16,SKU0123,25,257,25.0,207
2024-09-23,SKU0123,108,121,25.0,207
2024-09-30,SKU0123,52,121,25.0,207
2024-10-07,SKU0123,94,159,25.0,207
2024-10-14,SKU0123,18,294,25.0,207
2024-10-21,SKU0123,0,294,25.0,207
2024-10-28,SKU0123,122,135,25.0,207
2024-11-04,SKU0123,56,267,25.0,207
2024-11-11,SKU0123,120,132,25.0,207
2024-11-18,SKU0123,50,273,25.0,207
2024-11-25,SKU0123,0,273,25.0,207
2024-12-02,SKU0123,42,281,25.0,207
2024-12-09,SKU0123,0,281,25.0,207
2024-12-16,SKU0123,69,140,25.0,207
2024-12-23,SKU0123,0,323,25.0,207
2024-12-30,SKU0123,87,183,25.0,207
2025-01-06,SKU0123,0,323,25.0,207
2025-01-13,SKU0123,0,323,25.0,207
2025-01-20,SKU0123,121,140,25.0,207
2025-01-27,SKU0123,39,257,25.0,207
2025-02-03,SKU0123,106,117,25.0,207
2025-02-10,SKU0123,36,257,25.0,207
2025-02-17,SKU0123,0,257,25.0,207
2025-02-24,SKU0123,55,268,25.0,207
2025-03-03,SKU0123,0,268,25.0,207
2025-03-10,SKU0123,84,128,25.0,207
2025-03-17,SKU0123,29,253,25.0,207
2025-03-24,SKU0123,103,125,25.0,207
2025-03-31,SKU0123,55,243,25.0,207
2025-04-07,SKU0123,121,118,25.0,207
2025-04-14,SKU0123,56,247,25.0,207
2025-04-21,SKU0123,0,247,25.0,207
2025-04-28,SKU0123,58,259,25.0,207
2025-05-05,SKU0123,1,259,25.0,207
2025-05-12,SKU0123,77,130,25.0,207
2025-05-19,SKU0123,24,253,25.0,207
2025-05-26,SKU0123,89,123,25.0,207
2025-06-02,SKU0123,33,262,25.0,207
2025-06-09,SKU0123,94,139,25.0,207
2025-06-16,SKU0123,30,274,25.0,207
2025-06-23,SKU0123,0,274,25.0,207
2025-06-30,SKU0123,100,135,25.0,207
2025-07-07,SKU0123,45,257,25.0,207
2025-07-14,SKU0123,122,122,25.0,207
2025-07-21,SKU0123,78,122,25.0,207
2025-07-28,SKU0123,37,254,25.0,207
2025-08-04,SKU0123,96,132,25.0,207
2025-08-11,SKU0123,6,265,25.0,207
2025-08-18,SKU0123,116,133,25.0,207
2025-08-25,SKU0123,67,251,25.0,207
2025-09-01,SKU0123,145,118,25.0,207
2025-09-08,SKU0123,83,118,25.0,207
2025-09-15,SKU0123,29,261,25.0,207
2025-09-22,SKU0123,90,143,25.0,207
2025-09-29,SKU0123,18,261,25.0,207
2025-10-06,SKU0123,124,118,25.0,207
2025-10-13,SKU0123,60,263,25.0,207
2025-10-20,SKU0123,95,145,25.0,207
2025-10-27,SKU0123,0,285,25.0,207
2025-11-03,SKU0123,0,285,25.0,207
2025-11-10,SKU0123,103,140,25.0,207
2025-11-17,SKU0123,172,0,25.0,207
2025-11-24,SKU0123,103,159,25.0,207
2025-12-01,SKU0123,0,285,25.0,207
2025-12-08,SKU0123,0,285,25.0,207
2025-12-15,SKU0123,122,126,25.0,207
2025-12-22,SKU0123,51,246,25.0,207
2025-12-29,SKU0123,96,120,25.0,207
2024-01-01,SKU0124,590,0,24.0,541
2024-01-08,SKU0124,411,339,24.0,541
2024-01-15,SKU0124,233,339,24.0,541
2024-01-22,SKU0124,55,670,24.0,541
2024-01-29,SKU0124,288,331,24.0,541
2024-02-05,SKU0124,110,717,24.0,541
2024-02-12,SKU0124,263,386,24.0,541
2024-02-19,SKU0124,84,742,24.0,541
2024-02-26,SKU0124,0,742,,541
2024-03-04,SKU0124,233,356,24.0,541
2024-03-11,SKU0124,55,670,24.0,541
2024-03-18,SKU0124,233,314,24.0,541
2024-03-25,SKU0124,54,645,24.0,541
2024-04-01,SKU0124,238,331,24.0,541
2024-04-08,SKU0124,59,767,24.0,541
2024-04-15,SKU0124,229,436,24.0,541
2024-04-22,SKU0124,51,776,24.0,541
2024-04-29,SKU0124,0,776,24.0,541
2024-05-06,SKU0124,283,340,24.0,541
2024-05-13,SKU0124,105,671,24.0,541
2024-05-20,SKU0124,267,331,24.0,541
2024-05-27,SKU0124,88,662,24.0,541
2024-06-03,SKU0124,306,331,24.0,541
2024-06-10,SKU0124,127,699,24.0,541
2024-06-17,SKU0124,280,368,24.0,541
2024-06-24,SKU0124,102,699,24.0,541
2024-07-01,SKU0124,0,699,24.0,541
2024-07-08,SKU0124,215,331,24.0,541
2024-07-15,SKU0124,37,713,24.0,541
2024-07-22,SKU0124,190,382,24.0,541
2024-07-29,SKU0124,11,739,24.0,541
2024-08-05,SKU0124,331,357,24.0,541
2024-08-12,SKU0124,153,674,24.0,541
2024-08-19,SKU0124,332,317,24.0,541
2024-08-26,SKU0124,153,648,24.0,541
2024-09-02,SKU0124,0,648,24.0,541
2024-09-09,SKU0124,164,688,24.0,541
2024-09-16,SKU0124,0,688,24.0,541
2024-09-23,SKU0124,153,357,24.0,541
2024-09-30,SKU0124,0,725,24.0,541
2024-10-07,SKU0124,230,368,24.0,541
2024-10-14,SKU0124,51,724,24.0,541
2024-10-21,SKU0124,266,356,24.0,541
2024-10-28,SKU0124,88,739,24.0,541
2024-11-04,SKU0124,331,383,24.0,541
2024-11-11,SKU0124,152,383,24.0,541
2024-11-18,SKU0124,0,776,24.0,541
2024-11-25,SKU0124,230,393,24.0,541
2024-12-02,SKU0124,52,724,24.0,541
2024-12-09,SKU0124,342,331,24.0,541
2024-12-16,SKU0124,164,663,24.0,541
2024-12-23,SKU0124,317,332,24.0,541
2024-12-30,SKU0124,138,332,24.0,541
2025-01-06,SKU0124,0,739,24.0,541
2025-01-13,SKU0124,179,407,24.0,541
2025-01-20,SKU0124,1,407,24.0,541
2025-01-27,SKU0124,305,470,24.0,541
2025-02-03,SKU0124,127,470,24.0,541
2025-02-10,SKU0124,0,801,24.0,541
2025-02-17,SKU0124,445,331,24.0,541
2025-02-24,SKU0124,266,331,24.0,541
2025-03-03,SKU0124,419,357,24.0,541
2025-03-10,SKU0124,241,357,24.0,541
2025-03-17,SKU0124,63,688,24.0,541
2025-03-24,SKU0124,332,331,24.0,541
2025-03-31,SKU0124,153,648,24.0,541
2025-04-07,SKU0124,306,317,24.0,541
2025-04-14,SKU0124,128,699,24.0,541
2025-04-21,SKU0124,0,699,24.0,541
2025-04-28,SKU0124,139,382,24.0,541
2025-05-05,SKU0124,0,764,24.0,541
2025-05-12,SKU0124,229,382,24.0,541
2025-05-19,SKU0124,51,699,24.0,541
2025-05-26,SKU0124,306,317,24.0,541
2025-06-02,SKU0124,127,699,24.0,541
2025-06-09,SKU0124,266,382,24.0,541
2025-06-16,SKU0124,88,713,24.0,541
2025-06-23,SKU0124,0,713,24.0,541
2025-06-30,SKU0124,258,331,24.0,541
2025-07-07,SKU0124,146,670,24.0,541
2025-07-14,SKU0124,340,339,24.0,541
2025-07-21,SKU0124,211,339,24.0,541
2025-07-28,SKU0124,65,700,24.0,541
2025-08-04,SKU0124,201,361,24.0,541
2025-08-11,SKU0124,0,682,24.0,541
2025-08-18,SKU0124,309,321,24.0,541
2025-08-25,SKU0124,142,702,24.0,541
2025-09-01,SKU0124,318,381,24.0,541
2025-09-08,SKU0124,193,381,24.0,541
2025-09-15,SKU0124,41,735,24.0,541
2025-09-22,SKU0124,310,354,24.0,541
2025-09-29,SKU0124,141,354,24.0,541
2025-10-06,SKU0124,330,372,24.0,541
2025-10-13,SKU0124,152,372,24.0,541
2025-10-20,SKU0124,0,852,24.0,541
2025-10-27,SKU0124,282,480,24.0,541
2025-11-03,SKU0124,120,480,24.0,541
2025-11-10,SKU0124,0,800,24.0,541
2025-11-17,SKU0124,350,320,24.0,541
2025-11-24,SKU0124,202,320,24.0,541
2025-12-01,SKU0124,226,383,24.0,541
2025-12-08,SKU0124,0,718,24.0,541
2025-12-15,SKU0124,0,718,24.0,541
2025-12-22,SKU0124,285,335,24.0,541
2025-12-29,SKU0124,432,334,24.0,541
2024-01-01,SKU0125,203,0,16.0,142
2024-01-08,SKU0125,86,120,16.0,142
2024-01-15,SKU0125,0,253,16.0,142
2024-01-22,SKU0125,87,133,16.0,142
2024-01-29,SKU0125,116,120,16.0,142
2024-02-05,SKU0125,0,256,16.0,142
2024-02-12,SKU0125,103,136,16.0,142
2024-02-19,SKU0125,0,136,16.0,142
2024-02-26,SKU0125,36,120,16.0,142
2024-03-04,SKU0125,0,256,16.0,142
2024-03-11,SKU0125,36,136,16.0,142
2024-03-18,SKU0125,86,117,16.0,142
2024-03-25,SKU0125,0,237,16.0,142
2024-04-01,SKU0125,50,120,16.0,142
2024-04-08,SKU0125,87,136,16.0,142
2024-04-15,SKU0125,0,253,16.0,142
2024-04-22,SKU0125,86,117,16.0,142
2024-04-29,SKU0125,100,120,16.0,142
2024-05-06,SKU0125,0,120,16.0,142
2024-05-13,SKU0125,87,136,16.0,142
2024-05-20,SKU0125,0,253,16.0,142
2024-05-27,SKU0125,69,117,16.0,142
2024-06-03,SKU0125,100,120,16.0,142
2024-06-10,SKU0125,0,256,16.0,142
2024-06-17,SKU0125,70,136,16.0,142
2024-06-24,SKU0125,0,136,16.0,142
2024-07-01,SKU0125,36,120,16.0,142
2024-07-08,SKU0125,0,254,16.0,142
2024-07-15,SKU0125,36,134,16.0,142
2024-07-22,SKU0125,67,119,16.0,142
2024-07-29,SKU0125,0,239,16.0,142
2024-08-05,SKU0125,52,120,16.0,142
2024-08-12,SKU0125,70,117,16.0,142
2024-08-19,SKU0125,0,236,16.0,142
2024-08-26,SKU0125,50,119,16.0,142
2024-09-02,SKU0125,69,187,16.0,142
2024-09-09,SKU0125,0,187,16.0,142
2024-09-16,SKU0125,0,187,16.0,142
2024-09-23,SKU0125,87,119,16.0,142
2024-09-30,SKU0125,0,256,16.0,142
2024-10-07,SKU0125,86,137,16.0,142
2024-10-14,SKU0125,0,256,16.0,142
2024-10-21,SKU0125,20,119,16.0,142
2024-10-28,SKU0125,0,256,16.0,142
2024-11-04,SKU0125,2,254,16.0,142
2024-11-11,SKU0125,87,117,16.0,142
2024-11-18,SKU0125,0,256,16.0,142
2024-11-25,SKU0125,16,139,16.0,142
2024-12-02,SKU0125,0,256,16.0,142
2024-12-09,SKU0125,0,250,16.0,142
2024-12-16,SKU0125,0,133,16.0,142
2024-12-23,SKU0125,0,256,16.0,142
2024-12-30,SKU0125,0,256,16.0,142
2025-01-06,SKU0125,0,133,16.0,142
2025-01-13,SKU0125,0,256,16.0,142
2025-01-20,SKU0125,3,123,16.0,142
2025-01-27,SKU0125,60,133,16.0,142
2025-02-03,SKU0125,0,256,16.0,142
2025-02-10,SKU0125,66,123,16.0,142
2025-02-17,SKU0125,84,128,16.0,142
2025-02-24,SKU0125,0,128,16.0,142
2025-03-03,SKU0125,74,128,16.0,142
2025-03-10,SKU0125,0,256,16.0,142
2025-03-17,SKU0125,57,128,16.0,142
2025-03-24,SKU0125,0,128,16.0,142
2025-03-31,SKU0125,31,150,16.0,142
2025-04-07,SKU0125,0,150,16.0,142
2025-04-14,SKU0125,97,130,16.0,142
2025-04-21,SKU0125,23,130,16.0,142
2025-04-28,SKU0125,114,118,16.0,142
2025-05-05,SKU0125,18,238,16.0,142
2025-05-12,SKU0125,71,120,16.0,142
2025-05-19,SKU0125,0,120,16.0,142
2025-05-26,SKU0125,44,136,16.0,142
2025-06-02,SKU0125,0,255,16.0,142
2025-06-09,SKU0125,60,119,16.0,142
2025-06-16,SKU0125,98,119,16.0,142
2025-06-23,SKU0125,0,256,16.0,142
2025-06-30,SKU0125,100,137,16.0,142
2025-07-07,SKU0125,9,137,16.0,142
2025-07-14,SKU0125,55,119,16.0,142
2025-07-21,SKU0125,0,256,16.0,142
2025-07-28,SKU0125,59,137,16.0,142
2025-08-04,SKU0125,0,256,16.0,142
2025-08-11,SKU0125,0,240,16.0,142
2025-08-18,SKU0125,98,121,16.0,142
2025-08-25,SKU0125,154,0,16.0,142
2025-09-01,SKU0125,83,0,16.0,142
2025-09-08,SKU0125,0,183,16.0,142
2025-09-15,SKU0125,0,183,16.0,142
2025-09-22,SKU0125,133,0,16.0,142
2025-09-29,SKU0125,55,165,16.0,142
2025-10-06,SKU0125,0,165,16.0,142
2025-10-13,SKU0125,104,140,16.0,142
2025-10-20,SKU0125,0,256,16.0,142
2025-10-27,SKU0125,0,256,16.0,142
2025-11-03,SKU0125,29,116,16.0,142
2025-11-10,SKU0125,29,191,16.0,142
2025-11-17,SKU0125,0,191,16.0,142
2025-11-24,SKU0125,180,0,16.0,142
2025-12-01,SKU0125,0,145,16.0,142
2025-12-08,SKU0125,0,145,16.0,142
2025-12-15,SKU0125,72,124,16.0,142
2025-12-22,SKU0125,0,241,16.0,142
2025-12-29,SKU0125,92,117,16.0,142
2024-01-01,SKU0126,356,0,14.0,387
2024-01-08,SKU0126,143,472,14.0,387
2024-01-15,SKU0126,0,472,14.0,387
2024-01-22,SKU0126,319,0,14.0,387
2024-01-29,SKU0126,106,631,14.0,387
2024-02-05,SKU0126,0,631,14.0,387
2024-02-12,SKU0126,600,0,14.0,387
2024-02-19,SKU0126,387,350,14.0,387
2024-02-26,SKU0126,173,350,14.0,387
2024-03-04,SKU0126,319,0,14.0,387
2024-03-11,SKU0126,106,448,14.0,387
2024-03-18,SKU0126,0,448,14.0,387
2024-03-25,SKU0126,234,350,14.0,387
2024-04-01,SKU0126,21,350,14.0,387
2024-04-08,SKU0126,167,387,14.0,387
2024-04-15,SKU0126,0,387,14.0,387
2024-04-22,SKU0126,173,442,14.0,387
2024-04-29,SKU0126,0,442,14.0,387
2024-05-06,SKU0126,289,0,14.0,387
2024-05-13,SKU0126,76,570,14.0,387
2024-05-20,SKU0126,0,570,14.0,387
2024-05-27,SKU0126,448,0,14.0,387
2024-06-03,SKU0126,234,0,14.0,387
2024-06-10,SKU0126,20,625,14.0,387
2024-06-17,SKU0126,0,625,14.0,387
2024-06-24,SKU0126,503,0,14.0,387
2024-07-01,SKU0126,289,0,14.0,387
2024-07-08,SKU0126,75,570,14.0,387
2024-07-15,SKU0126,0,570,14.0,387
2024-07-22,SKU0126,448,0,14.0,387
2024-07-29,SKU0126,234,411,14.0,387
2024-08-05,SKU0126,20,411,14.0,387
2024-08-12,SKU0126,289,418,14.0,387
2024-08-19,SKU0126,75,418,14.0,387
2024-08-26,SKU0126,357,380,14.0,387
2024-09-02,SKU0126,143,380,14.0,387
2024-09-09,SKU0126,349,357,14.0,387
2024-09-16,SKU0126,136,357,14.0,387
2024-09-23,SKU0126,279,0,14.0,387
2024-09-30,SKU0126,65,550,14.0,387
2024-10-07,SKU0126,0,550,14.0,387
2024-10-14,SKU0126,397,0,14.0,387
2024-10-21,SKU0126,184,401,14.0,387
2024-10-28,SKU0126,0,401,14.0,387
2024-11-04,SKU0126,218,519,14.0,387
2024-11-11,SKU0126,4,519,14.0,387
2024-11-18,SKU0126,488,0,14.0,387
2024-11-25,SKU0126,275,371,14.0,387
2024-12-02,SKU0126,61,371,14.0,387
2024-12-09,SKU0126,249,366,14.0,387
2024-12-16,SKU0126,35,366,14.0,387
2024-12-23,SKU0126,213,432,14.0,387
2024-12-30,SKU0126,0,432,14.0,387
2025-01-06,SKU0126,310,0,14.0,387
2025-01-13,SKU0126,96,519,14.0,387
2025-01-20,SKU0126,0,519,14.0,387
2025-01-27,SKU0126,366,0,14.0,387
2025-02-03,SKU0126,153,462,14.0,387
2025-02-10,SKU0126,0,462,14.0,387
2025-02-17,SKU0126,309,0,14.0,387
2025-02-24,SKU0126,96,519,14.0,387
2025-03-03,SKU0126,0,519,14.0,387
2025-03-10,SKU0126,366,371,14.0,387
2025-03-17,SKU0126,153,371,14.0,387
2025-03-24,SKU0126,340,366,14.0,387
2025-03-31,SKU0126,127,366,14.0,387
2025-04-07,SKU0126,305,432,14.0,387
2025-04-14,SKU0126,91,432,14.0,387
2025-04-21,SKU0126,401,0,14.0,387
2025-04-28,SKU0126,188,366,14.0,387
2025-05-05,SKU0126,0,737,14.0,387
2025-05-12,SKU0126,152,371,14.0,387
2025-05-19,SKU0126,340,366,14.0,387
2025-05-26,SKU0126,127,366,14.0,387
2025-06-02,SKU0126,305,0,14.0,387
2025-06-09,SKU0126,149,584,14.0,387
2025-06-16,SKU0126,8,584,14.0,387
2025-06-23,SKU0126,547,0,14.0,387
2025-06-30,SKU0126,331,381,14.0,387
2025-07-07,SKU0126,152,381,14.0,387
2025-07-14,SKU0126,393,0,14.0,387
2025-07-21,SKU0126,234,364,14.0,387
2025-07-28,SKU0126,35,364,14.0,387
2025-08-04,SKU0126,147,546,14.0,387
2025-08-11,SKU0126,0,546,14.0,387
2025-08-18,SKU0126,509,0,14.0,387
2025-08-25,SKU0126,380,0,14.0,387
2025-09-01,SKU0126,204,420,14.0,387
2025-09-08,SKU0126,46,420,14.0,387
2025-09-15,SKU0126,273,394,14.0,387
2025-09-22,SKU0126,117,394,14.0,387
2025-09-29,SKU0126,311,408,14.0,387
2025-10-06,SKU0126,107,408,14.0,387
2025-10-13,SKU0126,332,0,14.0,387
2025-10-20,SKU0126,0,428,14.0,387
2025-10-27,SKU0126,0,428,14.0,387
2025-11-03,SKU0126,231,0,14.0,387
2025-11-10,SKU0126,52,549,14.0,387
2025-11-17,SKU0126,0,549,14.0,387
2025-11-24,SKU0126,387,0,14.0,387
2025-12-01,SKU0126,23,414,14.0,387
2025-12-08,SKU0126,0,414,14.0,387
2025-12-15,SKU0126,166,362,14.0,387
2025-12-22,SKU0126,0,737,14.0,387
2025-12-29,SKU0126,84,375,14.0,387
2024-01-01,SKU0127,228,0,19.0,189
2024-01-08,SKU0127,178,135,19.0,189
2024-01-15,SKU0127,128,135,19.0,189
2024-01-22,SKU0127,77,135,19.0,189
2024-01-29,SKU0127,162,136,19.0,189
2024-02-05,SKU0127,112,136,19.0,189
2024-02-12,SKU0127,62,136,19.0,189
2024-02-19,SKU0127,148,136,19.0,189
2024-02-26,SKU0127,98,136,19.0,189
2024-03-04,SKU0127,184,0,19.0,189
2024-03-11,SKU0127,133,144,19.0,189
2024-03-18,SKU0127,83,144,19.0,189
2024-03-25,SKU0127,177,136,19.0,189
2024-04-01,SKU0127,127,136,19.0,189
2024-04-08,SKU0127,77,136,19.0,189
2024-04-15,SKU0127,163,136,19.0,189
2024-04-22,SKU0127,113,136,19.0,189
2024-04-29,SKU0127,63,136,19.0,189
2024-05-06,SKU0127,148,136,19.0,189
2024-05-13,SKU0127,98,136,19.0,189
2024-05-20,SKU0127,184,136,19.0,189
2024-05-27,SKU0127,134,136,19.0,189
2024-06-03,SKU0127,84,136,19.0,189
2024-06-10,SKU0127,170,136,19.0,189
2024-06-17,SKU0127,120,136,19.0,189
2024-06-24,SKU0127,69,136,19.0,189
2024-07-01,SKU0127,155,143,19.0,189
2024-07-08,SKU0127,105,143,19.0,189
2024-07-15,SKU0127,55,143,19.0,189
2024-07-22,SKU0127,148,136,19.0,189
2024-07-29,SKU0127,98,136,19.0,189
2024-08-05,SKU0127,184,136,19.0,189
2024-08-12,SKU0127,133,136,19.0,189
2024-08-19,SKU0127,83,136,19.0,189
2024-08-26,SKU0127,169,137,19.0,189
2024-09-02,SKU0127,119,137,19.0,189
2024-09-09,SKU0127,69,137,19.0,189
2024-09-16,SKU0127,156,136,19.0,189
2024-09-23,SKU0127,106,136,19.0,189
2024-09-30,SKU0127,55,136,19.0,189
2024-10-07,SKU0127,141,136,19.0,189
2024-10-14,SKU0127,91,136,19.0,189
2024-10-21,SKU0127,177,136,19.0,189
2024-10-28,SKU0127,127,136,19.0,189
2024-11-04,SKU0127,77,136,19.0,189
2024-11-11,SKU0127,163,150,19.0,189
2024-11-18,SKU0127,113,150,19.0,189
2024-11-25,SKU0127,62,150,19.0,189
2024-12-02,SKU0127,162,136,19.0,189
2024-12-09,SKU0127,112,136,19.0,189
2024-12-16,SKU0127,62,136,19.0,189
2024-12-23,SKU0127,148,136,19.0,189
2024-12-30,SKU0127,98,136,19.0,189
2025-01-06,SKU0127,184,136,19.0,189
2025-01-13,SKU0127,133,136,19.0,189
2025-01-20,SKU0127,83,136,19.0,189
2025-01-27,SKU0127,169,137,19.0,189
2025-02-03,SKU0127,119,137,19.0,189
2025-02-10,SKU0127,69,137,19.0,189
2025-02-17,SKU0127,156,136,19.0,189
2025-02-24,SKU0127,106,136,19.0,189
2025-03-03,SKU0127,55,136,19.0,189
2025-03-10,SKU0127,141,136,19.0,189
2025-03-17,SKU0127,91,136,19.0,189
2025-03-24,SKU0127,177,136,19.0,189
2025-03-31,SKU0127,127,136,19.0,189
2025-04-07,SKU0127,77,136,19.0,189
2025-04-14,SKU0127,163,143,19.0,189
2025-04-21,SKU0127,112,143,19.0,189
2025-04-28,SKU0127,62,143,19.0,189
2025-05-05,SKU0127,155,136,19.0,189
2025-05-12,SKU0127,105,136,19.0,189
2025-05-19,SKU0127,55,136,19.0,189
2025-05-26,SKU0127,141,143,19.0,189
2025-06-02,SKU0127,91,143,19.0,189
2025-06-09,SKU0127,184,136,19.0,189
2025-06-16,SKU0127,133,136,19.0,189
2025-06-23,SKU0127,83,136,19.0,189
2025-06-30,SKU0127,169,137,19.0,189
2025-07-07,SKU0127,119,137,19.0,189
2025-07-14,SKU0127,69,137,19.0,189
2025-07-21,SKU0127,156,136,19.0,189
2025-07-28,SKU0127,117,136,19.0,189
2025-08-04,SKU0127,65,136,19.0,189
2025-08-11,SKU0127,130,150,19.0,189
2025-08-18,SKU0127,92,150,19.0,189
2025-08-25,SKU0127,50,150,19.0,189
2025-09-01,SKU0127,172,135,19.0,189
2025-09-08,SKU0127,133,135,19.0,189
2025-09-15,SKU0127,97,135,19.0,189
2025-09-22,SKU0127,197,0,19.0,189
2025-09-29,SKU0127,168,132,19.0,189
2025-10-06,SKU0127,116,132,19.0,189
2025-10-13,SKU0127,196,0,19.0,189
2025-10-20,SKU0127,114,131,19.0,189
2025-10-27,SKU0127,43,265,19.0,189
2025-11-03,SKU0127,126,134,19.0,189
2025-11-10,SKU0127,67,134,19.0,189
2025-11-17,SKU0127,160,132,19.0,189
2025-11-24,SKU0127,111,132,19.0,189
2025-12-01,SKU0127,29,291,19.0,189
2025-12-08,SKU0127,107,159,19.0,189
2025-12-15,SKU0127,57,159,19.0,189
2025-12-22,SKU0127,164,134,19.0,189
2025-12-29,SKU0127,127,134,19.0,189
2024-01-01,SKU0128,1480,0,27.0,1208
2024-01-08,SKU0128,1192,647,27.0,1208
2024-01-15,SKU0128,903,647,27.0,1208
2024-01-22,SKU0128,615,647,27.0,1208
2024-01-29,SKU0128,327,1347,27.0,1208
2024-02-05,SKU0128,686,700,27.0,1208
2024-02-12,SKU0128,398,1359,27.0,1208
2024-02-19,SKU0128,109,1359,27.0,1208
2024-02-26,SKU0128,521,1318,27.0,1208
2024-03-04,SKU0128,233,1318,27.0,1208
2024-03-11,SKU0128,604,659,27.0,1208
2024-03-18,SKU0128,316,1359,27.0,1208
2024-03-25,SKU0128,686,700,27.0,1208
2024-04-01,SKU0128,398,1358,27.0,1208
2024-04-08,SKU0128,110,1358,27.0,1208
2024-04-15,SKU0128,522,658,27.0,1208
2024-04-22,SKU0128,234,1358,27.0,1208
2024-04-29,SKU0128,603,700,27.0,1208
2024-05-06,SKU0128,315,1400,27.0,1208
2024-05-13,SKU0128,727,700,27.0,1208
2024-05-20,SKU0128,439,1359,27.0,1208
2024-05-27,SKU0128,151,1359,27.0,1208
2024-06-03,SKU0128,563,659,27.0,1208
2024-06-10,SKU0128,274,1318,27.0,1208
2024-06-17,SKU0128,645,659,27.0,1208
2024-06-24,SKU0128,357,1317,27.0,1208
2024-07-01,SKU0128,728,658,27.0,1208
2024-07-08,SKU0128,440,1317,27.0,1208
2024-07-15,SKU0128,151,1317,27.0,1208
2024-07-22,SKU0128,521,659,27.0,1208
2024-07-29,SKU0128,233,1359,27.0,1208
2024-08-05,SKU0128,604,700,27.0,1208
2024-08-12,SKU0128,316,1359,27.0,1208
2024-08-19,SKU0128,727,659,27.0,1208
2024-08-26,SKU0128,439,1359,27.0,1208
2024-09-02,SKU0128,151,1359,27.0,1208
2024-09-09,SKU0128,522,700,27.0,1208
2024-09-16,SKU0128,234,1358,27.0,1208
2024-09-23,SKU0128,645,658,27.0,1208
2024-09-30,SKU0128,357,1317,27.0,1208
2024-10-07,SKU0128,727,659,27.0,1208
2024-10-14,SKU0128,439,1359,27.0,1208
2024-10-21,SKU0128,151,1359,27.0,1208
2024-10-28,SKU0128,521,700,27.0,1208
2024-11-04,SKU0128,233,1441,27.0,1208
2024-11-11,SKU0128,645,741,27.0,1208
2024-11-18,SKU0128,357,1400,27.0,1208
2024-11-25,SKU0128,69,1400,27.0,1208
2024-12-02,SKU0128,521,1318,27.0,1208
2024-12-09,SKU0128,233,1318,27.0,1208
2024-12-16,SKU0128,604,659,27.0,1208
2024-12-23,SKU0128,316,1317,27.0,1208
2024-12-30,SKU0128,687,658,27.0,1208
2025-01-06,SKU0128,398,1317,27.0,1208
2025-01-13,SKU0128,110,1317,27.0,1208
2025-01-20,SKU0128,480,1318,27.0,1208
2025-01-27,SKU0128,192,1318,27.0,1208
2025-02-03,SKU0128,563,659,27.0,1208
2025-02-10,SKU0128,274,1359,27.0,1208
2025-02-17,SKU0128,645,700,27.0,1208
2025-02-24,SKU0128,357,1358,27.0,1208
2025-03-03,SKU0128,69,1358,27.0,1208
2025-03-10,SKU0128,481,1317,27.0,1208
2025-03-17,SKU0128,192,1317,27.0,1208
2025-03-24,SKU0128,562,659,27.0,1208
2025-03-31,SKU0128,274,1318,27.0,1208
2025-04-07,SKU0128,645,659,27.0,1208
2025-04-14,SKU0128,357,1318,27.0,1208
2025-04-21,SKU0128,727,659,27.0,1208
2025-04-28,SKU0128,439,1359,27.0,1208
2025-05-05,SKU0128,151,1359,27.0,1208
2025-05-12,SKU0128,523,700,27.0,1208
2025-05-19,SKU0128,308,1358,27.0,1208
2025-05-26,SKU0128,762,658,27.0,1208
2025-06-02,SKU0128,480,1315,27.0,1208
2025-06-09,SKU0128,929,657,27.0,1208
2025-06-16,SKU0128,702,657,27.0,1208
2025-06-23,SKU0128,428,1315,27.0,1208
2025-06-30,SKU0128,830,658,27.0,1208
2025-07-07,SKU0128,639,658,27.0,1208
2025-07-14,SKU0128,385,1295,27.0,1208
2025-07-21,SKU0128,818,637,27.0,1208
2025-07-28,SKU0128,636,637,27.0,1208
2025-08-04,SKU0128,316,1302,27.0,1208
2025-08-11,SKU0128,520,1319,27.0,1208
2025-08-18,SKU0128,262,1319,27.0,1208
2025-08-25,SKU0128,34,1319,27.0,1208
2025-09-01,SKU0128,510,1293,27.0,1208
2025-09-08,SKU0128,917,639,27.0,1208
2025-09-15,SKU0128,709,639,27.0,1208
2025-09-22,SKU0128,499,1308,27.0,1208
2025-09-29,SKU0128,918,669,27.0,1208
2025-10-06,SKU0128,609,669,27.0,1208
2025-10-13,SKU0128,331,1323,27.0,1208
2025-10-20,SKU0128,495,654,27.0,1208
2025-10-27,SKU0128,95,1428,27.0,1208
2025-11-03,SKU0128,0,1428,27.0,1208
2025-11-10,SKU0128,391,1448,27.0,1208
2025-11-17,SKU0128,908,674,27.0,1208
2025-11-24,SKU0128,553,674,27.0,1208
2025-12-01,SKU0128,47,1345,27.0,1208
2025-12-08,SKU0128,625,671,27.0,1208
2025-12-15,SKU0128,227,1365,27.0,1208
2025-12-22,SKU0128,614,694,27.0,1208
2025-12-29,SKU0128,296,1363,27.0,1208
2024-01-01,SKU0129,98,85,29.0,122
2024-01-08,SKU0129,77,85,29.0,122
2024-01-15,SKU0129,56,85,29.0,122
2024-01-22,SKU0129,35,85,29.0,122
2024-01-29,SKU0129,13,151,29.0,122
2024-02-05,SKU0129,77,66,29.0,122
2024-02-12,SKU0129,56,66,29.0,122
2024-02-19,SKU0129,37,130,29.0,122
2024-02-26,SKU0129,75,64,29.0,122
2024-03-04,SKU0129,58,64,29.0,122
2024-03-11,SKU0129,43,127,29.0,122
2024-03-18,SKU0129,85,63,29.0,122
2024-03-25,SKU0129,65,63,29.0,122
2024-04-01,SKU0129,49,125,29.0,122
2024-04-08,SKU0129,94,62,29.0,122
2024-04-15,SKU0129,80,62,29.0,122
2024-04-22,SKU0129,60,62,29.0,122
2024-04-29,SKU0129,106,62,29.0,122
2024-05-06,SKU0129,90,62,29.0,122
2024-05-13,SKU0129,72,62,29.0,122
2024-05-20,SKU0129,49,131,29.0,122
2024-05-27,SKU0129,91,69,29.0,122
2024-06-03,SKU0129,75,69,29.0,122
2024-06-10,SKU0129,57,69,29.0,122
2024-06-17,SKU0129,109,63,29.0,122
2024-06-24,SKU0129,93,63,29.0,122
2024-07-01,SKU0129,77,63,29.0,122
2024-07-08,SKU0129,63,63,29.0,122
2024-07-15,SKU0129,113,65,29.0,122
2024-07-22,SKU0129,94,65,29.0,122
2024-07-29,SKU0129,77,65,29.0,122
2024-08-05,SKU0129,49,134,29.0,122
2024-08-12,SKU0129,93,69,29.0,122
2024-08-19,SKU0129,73,69,29.0,122
2024-08-26,SKU0129,56,69,29.0,122
2024-09-02,SKU0129,37,132,29.0,122
2024-09-09,SKU0129,90,63,29.0,122
2024-09-16,SKU0129,72,63,29.0,122
2024-09-23,SKU0129,58,125,29.0,122
2024-09-30,SKU0129,105,62,29.0,122
2024-10-07,SKU0129,86,62,29.0,122
2024-10-14,SKU0129,64,62,29.0,122
2024-10-21,SKU0129,32,140,29.0,122
2024-10-28,SKU0129,65,78,29.0,122
2024-11-04,SKU0129,38,145,29.0,122
2024-11-11,SKU0129,18,145,29.0,122
2024-11-18,SKU0129,75,67,29.0,122
2024-11-25,SKU0129,54,67,29.0,122
2024-12-02,SKU0129,12,133,29.0,122
2024-12-09,SKU0129,50,66,29.0,122
2024-12-16,SKU0129,22,136,29.0,122
2024-12-23,SKU0129,0,136,29.0,122
2024-12-30,SKU0129,46,135,29.0,122
2025-01-06,SKU0129,5,135,29.0,122
2025-01-13,SKU0129,40,131,29.0,122
2025-01-20,SKU0129,20,131,29.0,122
2025-01-27,SKU0129,64,66,29.0,122
2025-02-03,SKU0129,40,128,29.0,122
2025-02-10,SKU0129,91,62,29.0,122
2025-02-17,SKU0129,69,62,29.0,122
2025-02-24,SKU0129,50,126,29.0,122
2025-03-03,SKU0129,96,64,29.0,122
2025-03-10,SKU0129,78,64,29.0,122
2025-03-17,SKU0129,54,129,29.0,122
2025-03-24,SKU0129,102,65,29.0,122
2025-03-31,SKU0129,80,65,29.0,122
2025-04-07,SKU0129,63,65,29.0,122
2025-04-14,SKU0129,46,127,29.0,122
2025-04-21,SKU0129,90,62,29.0,122
2025-04-28,SKU0129,72,62,29.0,122
2025-05-05,SKU0129,51,129,29.0,122
2025-05-12,SKU0129,93,67,29.0,122
2025-05-19,SKU0129,78,67,29.0,122
2025-05-26,SKU0129,61,67,29.0,122
2025-06-02,SKU0129,112,62,29.0,122
2025-06-09,SKU0129,95,62,29.0,122
2025-06-16,SKU0129,80,62,29.0,122
2025-06-23,SKU0129,62,62,29.0,122
2025-06-30,SKU0129,103,63,29.0,122
2025-07-07,SKU0129,85,63,29.0,122
2025-07-14,SKU0129,68,63,29.0,122
2025-07-21,SKU0129,50,128,29.0,122
2025-07-28,SKU0129,98,65,29.0,122
2025-08-04,SKU0129,72,65,29.0,122
2025-08-11,SKU0129,45,132,29.0,122
2025-08-18,SKU0129,92,67,29.0,122
2025-08-25,SKU0129,75,67,29.0,122
2025-09-01,SKU0129,63,67,29.0,122
2025-09-08,SKU0129,114,63,29.0,122
2025-09-15,SKU0129,99,63,29.0,122
2025-09-22,SKU0129,78,63,29.0,122
2025-09-29,SKU0129,62,63,29.0,122
2025-10-06,SKU0129,101,65,29.0,122
2025-10-13,SKU0129,77,65,29.0,122
2025-10-20,SKU0129,38,132,29.0,122
2025-10-27,SKU0129,9,132,29.0,122
2025-11-03,SKU0129,53,130,29.0,122
2025-11-10,SKU0129,39,130,29.0,122
2025-11-17,SKU0129,85,63,29.0,122
2025-11-24,SKU0129,61,63,29.0,122
2025-12-01,SKU0129,21,128,29.0,122
2025-12-08,SKU0129,48,131,29.0,122
2025-12-15,SKU0129,23,131,29.0,122
2025-12-22,SKU0129,0,131,29.0,122
2025-12-29,SKU0129,44,128,29.0,122
2024-01-01,SKU0130,288,226,27.0,337
2024-01-08,SKU0130,219,226,27.0,337
2024-01-15,SKU0130,149,226,27.0,337
2024-01-22,SKU0130,80,424,27.0,337
2024-01-29,SKU0130,237,198,27.0,337
2024-02-05,SKU0130,167,198,27.0,337
2024-02-12,SKU0130,98,396,27.0,337
2024-02-19,SKU0130,226,198,27.0,337
2024-02-26,SKU0130,157,198,27.0,337
2024-03-04,SKU0130,88,377,27.0,337
2024-03-11,SKU0130,216,179,27.0,337
2024-03-18,SKU0130,147,357,27.0,337
2024-03-25,SKU0130,78,357,27.0,337
2024-04-01,SKU0130,187,178,27.0,337
2024-04-08,SKU0130,118,357,27.0,337
2024-04-15,SKU0130,226,179,27.0,337
2024-04-22,SKU0130,157,357,27.0,337
2024-04-29,SKU0130,88,357,27.0,337
2024-05-06,SKU0130,197,178,27.0,337
2024-05-13,SKU0130,128,356,27.0,337
2024-05-20,SKU0130,237,178,27.0,337
2024-05-27,SKU0130,167,178,27.0,337
2024-06-03,SKU0130,98,357,27.0,337
2024-06-10,SKU0130,206,179,27.0,337
2024-06-17,SKU0130,137,357,27.0,337
2024-06-24,SKU0130,247,178,27.0,337
2024-07-01,SKU0130,177,178,27.0,337
2024-07-08,SKU0130,108,356,27.0,337
2024-07-15,SKU0130,217,178,27.0,337
2024-07-22,SKU0130,147,357,27.0,337
2024-07-29,SKU0130,78,357,27.0,337
2024-08-05,SKU0130,186,179,27.0,337
2024-08-12,SKU0130,117,357,27.0,337
2024-08-19,SKU0130,227,178,27.0,337
2024-08-26,SKU0130,157,357,27.0,337
2024-09-02,SKU0130,88,357,27.0,337
2024-09-09,SKU0130,197,179,27.0,337
2024-09-16,SKU0130,127,357,27.0,337
2024-09-23,SKU0130,237,178,27.0,337
2024-09-30,SKU0130,167,178,27.0,337
2024-10-07,SKU0130,98,356,27.0,337
2024-10-14,SKU0130,207,178,27.0,337
2024-10-21,SKU0130,137,377,27.0,337
2024-10-28,SKU0130,246,199,27.0,337
2024-11-04,SKU0130,177,199,27.0,337
2024-11-11,SKU0130,107,387,27.0,337
2024-11-18,SKU0130,237,188,27.0,337
2024-11-25,SKU0130,167,188,27.0,337
2024-12-02,SKU0130,98,366,27.0,337
2024-12-09,SKU0130,217,178,27.0,337
2024-12-16,SKU0130,147,357,27.0,337
2024-12-23,SKU0130,78,357,27.0,337
2024-12-30,SKU0130,187,179,27.0,337
2025-01-06,SKU0130,117,357,27.0,337
2025-01-13,SKU0130,227,178,27.0,337
2025-01-20,SKU0130,157,178,27.0,337
2025-01-27,SKU0130,88,366,27.0,337
2025-02-03,SKU0130,197,188,27.0,337
2025-02-10,SKU0130,127,387,27.0,337
2025-02-17,SKU0130,246,199,27.0,337
2025-02-24,SKU0130,177,199,27.0,337
2025-03-03,SKU0130,107,377,27.0,337
2025-03-10,SKU0130,237,178,27.0,337
2025-03-17,SKU0130,167,178,27.0,337
2025-03-24,SKU0130,98,356,27.0,337
2025-03-31,SKU0130,207,178,27.0,337
2025-04-07,SKU0130,137,367,27.0,337
2025-04-14,SKU0130,246,189,27.0,337
2025-04-21,SKU0130,177,189,27.0,337
2025-04-28,SKU0130,107,367,27.0,337
2025-05-05,SKU0130,227,178,27.0,337
2025-05-12,SKU0130,158,356,27.0,337
2025-05-19,SKU0130,105,356,27.0,337
2025-05-26,SKU0130,222,178,27.0,337
2025-06-02,SKU0130,166,178,27.0,337
2025-06-09,SKU0130,302,182,27.0,337
2025-06-16,SKU0130,246,182,27.0,337
2025-06-23,SKU0130,190,182,27.0,337
2025-06-30,SKU0130,123,370,27.0,337
2025-07-07,SKU0130,260,188,27.0,337
2025-07-14,SKU0130,203,188,27.0,337
2025-07-21,SKU0130,161,188,27.0,337
2025-07-28,SKU0130,292,181,27.0,337
2025-08-04,SKU0130,225,181,27.0,337
2025-08-11,SKU0130,139,367,27.0,337
2025-08-18,SKU0130,79,367,27.0,337
2025-08-25,SKU0130,185,186,27.0,337
2025-09-01,SKU0130,135,364,27.0,337
2025-09-08,SKU0130,264,178,27.0,337
2025-09-15,SKU0130,199,178,27.0,337
2025-09-22,SKU0130,147,367,27.0,337
2025-09-29,SKU0130,274,189,27.0,337
2025-10-06,SKU0130,204,189,27.0,337
2025-10-13,SKU0130,126,388,27.0,337
2025-10-20,SKU0130,170,199,27.0,337
2025-10-27,SKU0130,70,408,27.0,337
2025-11-03,SKU0130,1,408,27.0,337
2025-11-10,SKU0130,176,209,27.0,337
2025-11-17,SKU0130,115,389,27.0,337
2025-11-24,SKU0130,260,180,27.0,337
2025-12-01,SKU0130,116,375,27.0,337
2025-12-08,SKU0130,17,375,27.0,337
2025-12-15,SKU0130,146,195,27.0,337
2025-12-22,SKU0130,56,376,27.0,337
2025-12-29,SKU0130,180,181,27.0,337
2024-01-01,SKU0131,663,0,8.0,324
2024-01-08,SKU0131,455,0,8.0,324
2024-01-15,SKU0131,247,0,8.0,324
2024-01-22,SKU0131,38,624,8.0,324
2024-01-29,SKU0131,475,0,8.0,324
2024-02-05,SKU0131,267,0,8.0,324
2024-02-12,SKU0131,59,604,8.0,324
2024-02-19,SKU0131,455,0,8.0,324
2024-02-26,SKU0131,247,564,8.0,324
2024-03-04,SKU0131,39,564,8.0,324
2024-03-11,SKU0131,394,0,8.0,324
2024-03-18,SKU0131,186,506,8.0,324
2024-03-25,SKU0131,484,0,8.0,324
2024-04-01,SKU0131,275,506,8.0,324
2024-04-08,SKU0131,573,0,8.0,324
2024-04-15,SKU0131,364,0,8.0,324
2024-04-22,SKU0131,156,506,8.0,324
2024-04-29,SKU0131,454,0,8.0,324
2024-05-06,SKU0131,245,506,8.0,324
2024-05-13,SKU0131,543,0,8.0,324
2024-05-20,SKU0131,335,0,8.0,324
2024-05-27,SKU0131,126,565,8.0,324
2024-06-03,SKU0131,483,0,8.0,324
2024-06-10,SKU0131,275,0,8.0,324
2024-06-17,SKU0131,66,625,8.0,324
2024-06-24,SKU0131,506,0,8.0,324
2024-07-01,SKU0131,298,513,8.0,324
2024-07-08,SKU0131,89,513,8.0,324
2024-07-15,SKU0131,394,0,8.0,324
2024-07-22,SKU0131,186,506,8.0,324
2024-07-29,SKU0131,483,0,8.0,324
2024-08-05,SKU0131,275,536,8.0,324
2024-08-12,SKU0131,67,536,8.0,324
2024-08-19,SKU0131,394,0,8.0,324
2024-08-26,SKU0131,186,0,8.0,324
2024-09-02,SKU0131,0,744,8.0,324
2024-09-09,SKU0131,655,0,8.0,324
2024-09-16,SKU0131,446,0,8.0,324
2024-09-23,SKU0131,273,0,8.0,324
2024-09-30,SKU0131,110,0,8.0,324
2024-10-07,SKU0131,0,0,8.0,324
2024-10-14,SKU0131,0,0,8.0,324
2024-10-21,SKU0131,0,811,8.0,324
2024-10-28,SKU0131,576,0,8.0,324
2024-11-04,SKU0131,354,0,8.0,324
2024-11-11,SKU0131,174,491,8.0,324
2024-11-18,SKU0131,464,0,8.0,324
2024-11-25,SKU0131,264,0,8.0,324
2024-12-02,SKU0131,0,631,8.0,324
2024-12-09,SKU0131,473,0,8.0,324
2024-12-16,SKU0131,195,0,8.0,324
2024-12-23,SKU0131,0,811,8.0,324
2024-12-30,SKU0131,706,0,8.0,324
2025-01-06,SKU0131,350,0,8.0,324
2025-01-13,SKU0131,70,506,8.0,324
2025-01-20,SKU0131,385,0,8.0,324
2025-01-27,SKU0131,166,619,8.0,324
2025-02-03,SKU0131,589,0,8.0,324
2025-02-10,SKU0131,422,0,8.0,324
2025-02-17,SKU0131,212,0,8.0,324
2025-02-24,SKU0131,0,713,8.0,324
2025-03-03,SKU0131,651,0,8.0,324
2025-03-10,SKU0131,439,0,8.0,324
2025-03-17,SKU0131,278,502,8.0,324
2025-03-24,SKU0131,610,0,8.0,324
2025-03-31,SKU0131,450,0,8.0,324
2025-04-07,SKU0131,300,0,8.0,324
2025-04-14,SKU0131,97,0,8.0,324
2025-04-21,SKU0131,0,808,8.0,324
2025-04-28,SKU0131,733,0,8.0,324
2025-05-05,SKU0131,549,0,8.0,324
2025-05-12,SKU0131,400,0,8.0,324
2025-05-19,SKU0131,236,510,8.0,324
2025-05-26,SKU0131,542,0,8.0,324
2025-06-02,SKU0131,380,0,8.0,324
2025-06-09,SKU0131,196,488,8.0,324
2025-06-16,SKU0131,532,0,8.0,324
2025-06-23,SKU0131,376,0,8.0,324
2025-06-30,SKU0131,200,563,8.0,324
2025-07-07,SKU0131,626,0,8.0,324
2025-07-14,SKU0131,493,0,8.0,324
2025-07-21,SKU0131,346,0,8.0,324
2025-07-28,SKU0131,223,533,8.0,324
2025-08-04,SKU0131,522,0,8.0,324
2025-08-11,SKU0131,251,560,8.0,324
2025-08-18,SKU0131,87,560,8.0,324
2025-08-25,SKU0131,483,0,8.0,324
2025-09-01,SKU0131,343,0,8.0,324
2025-09-08,SKU0131,184,604,8.0,324
2025-09-15,SKU0131,638,0,8.0,324
2025-09-22,SKU0131,510,0,8.0,324
2025-09-29,SKU0131,365,0,8.0,324
2025-10-06,SKU0131,133,0,8.0,324
2025-10-13,SKU0131,0,724,8.0,324
2025-10-20,SKU0131,470,0,8.0,324
2025-10-27,SKU0131,169,497,8.0,324
2025-11-03,SKU0131,462,0,8.0,324
2025-11-10,SKU0131,279,0,8.0,324
2025-11-17,SKU0131,102,607,8.0,324
2025-11-24,SKU0131,488,0,8.0,324
2025-12-01,SKU0131,131,573,8.0,324
2025-12-08,SKU0131,497,0,8.0,324
2025-12-15,SKU0131,270,541,8.0,324
2025-12-22,SKU0131,45,541,8.0,324
2025-12-29,SKU0131,320,0,8.0,324
2024-01-01,SKU0132,678,0,14.0,640
2024-01-08,SKU0132,413,617,14.0,640
2024-01-15,SKU0132,148,617,14.0,640
2024-01-22,SKU0132,500,0,14.0,640
2024-01-29,SKU0132,235,757,14.0,640
2024-02-05,SKU0132,0,757,14.0,640
2024-02-12,SKU0132,492,613,14.0,640
2024-02-19,SKU0132,227,613,14.0,640
2024-02-26,SKU0132,575,0,14.0,640
2024-03-04,SKU0132,310,682,14.0,640
2024-03-11,SKU0132,45,682,14.0,640
2024-03-18,SKU0132,462,643,14.0,640
2024-03-25,SKU0132,197,643,14.0,640
2024-04-01,SKU0132,575,606,14.0,640
2024-04-08,SKU0132,310,606,14.0,640
2024-04-15,SKU0132,651,0,14.0,640
2024-04-22,SKU0132,386,719,14.0,640
2024-04-29,SKU0132,121,719,14.0,640
2024-05-06,SKU0132,576,0,14.0,640
2024-05-13,SKU0132,311,681,14.0,640
2024-05-20,SKU0132,46,681,14.0,640
2024-05-27,SKU0132,462,606,14.0,640
2024-06-03,SKU0132,197,606,14.0,640
2024-06-10,SKU0132,538,606,14.0,640
2024-06-17,SKU0132,273,606,14.0,640
2024-06-24,SKU0132,614,0,14.0,640
2024-07-01,SKU0132,349,643,14.0,640
2024-07-08,SKU0132,84,643,14.0,640
2024-07-15,SKU0132,462,644,14.0,640
2024-07-22,SKU0132,197,644,14.0,640
2024-07-29,SKU0132,576,0,14.0,640
2024-08-05,SKU0132,311,908,14.0,640
2024-08-12,SKU0132,46,908,14.0,640
2024-08-19,SKU0132,870,0,14.0,640
2024-08-26,SKU0132,605,614,14.0,640
2024-09-02,SKU0132,340,614,14.0,640
2024-09-09,SKU0132,689,0,14.0,640
2024-09-16,SKU0132,424,643,14.0,640
2024-09-23,SKU0132,159,643,14.0,640
2024-09-30,SKU0132,537,606,14.0,640
2024-10-07,SKU0132,272,606,14.0,640
2024-10-14,SKU0132,613,0,14.0,640
2024-10-21,SKU0132,348,643,14.0,640
2024-10-28,SKU0132,84,643,14.0,640
2024-11-04,SKU0132,462,720,14.0,640
2024-11-11,SKU0132,197,720,14.0,640
2024-11-18,SKU0132,652,0,14.0,640
2024-11-25,SKU0132,387,605,14.0,640
2024-12-02,SKU0132,122,605,14.0,640
2024-12-09,SKU0132,462,644,14.0,640
2024-12-16,SKU0132,197,644,14.0,640
2024-12-23,SKU0132,576,643,14.0,640
2024-12-30,SKU0132,311,643,14.0,640
2025-01-06,SKU0132,689,0,14.0,640
2025-01-13,SKU0132,424,719,14.0,640
2025-01-20,SKU0132,159,719,14.0,640
2025-01-27,SKU0132,613,606,14.0,640
2025-02-03,SKU0132,348,606,14.0,640
2025-02-10,SKU0132,689,0,14.0,640
2025-02-17,SKU0132,424,643,14.0,640
2025-02-24,SKU0132,159,643,14.0,640
2025-03-03,SKU0132,537,0,14.0,640
2025-03-10,SKU0132,272,795,14.0,640
2025-03-17,SKU0132,7,795,14.0,640
2025-03-24,SKU0132,638,0,14.0,640
2025-03-31,SKU0132,419,726,14.0,640
2025-04-07,SKU0132,229,726,14.0,640
2025-04-14,SKU0132,715,0,14.0,640
2025-04-21,SKU0132,466,683,14.0,640
2025-04-28,SKU0132,278,683,14.0,640
2025-05-05,SKU0132,776,0,14.0,640
2025-05-12,SKU0132,563,656,14.0,640
2025-05-19,SKU0132,298,656,14.0,640
2025-05-26,SKU0132,703,0,14.0,640
2025-06-02,SKU0132,463,638,14.0,640
2025-06-09,SKU0132,250,638,14.0,640
2025-06-16,SKU0132,704,0,14.0,640
2025-06-23,SKU0132,506,593,14.0,640
2025-06-30,SKU0132,304,593,14.0,640
2025-07-07,SKU0132,655,0,14.0,640
2025-07-14,SKU0132,409,704,14.0,640
2025-07-21,SKU0132,180,704,14.0,640
2025-07-28,SKU0132,683,0,14.0,640
2025-08-04,SKU0132,354,818,14.0,640
2025-08-11,SKU0132,7,818,14.0,640
2025-08-18,SKU0132,738,0,14.0,640
2025-08-25,SKU0132,530,689,14.0,640
2025-09-01,SKU0132,313,689,14.0,640
2025-09-08,SKU0132,760,0,14.0,640
2025-09-15,SKU0132,501,650,14.0,640
2025-09-22,SKU0132,264,650,14.0,640
2025-09-29,SKU0132,647,0,14.0,640
2025-10-06,SKU0132,343,606,14.0,640
2025-10-13,SKU0132,44,606,14.0,640
2025-10-20,SKU0132,149,608,14.0,640
2025-10-27,SKU0132,0,1219,14.0,640
2025-11-03,SKU0132,298,611,14.0,640
2025-11-10,SKU0132,708,0,14.0,640
2025-11-17,SKU0132,512,679,14.0,640
2025-11-24,SKU0132,255,679,14.0,640
2025-12-01,SKU0132,527,0,14.0,640
2025-12-08,SKU0132,195,810,14.0,640
2025-12-15,SKU0132,0,810,14.0,640
2025-12-22,SKU0132,495,724,14.0,640
2025-12-29,SKU0132,181,724,14.0,640
2024-01-01,SKU0133,418,404,22.0,509
2024-01-08,SKU0133,246,404,22.0,509
2024-01-15,SKU0133,75,404,22.0,509
2024-01-22,SKU0133,0,821,22.0,509
2024-01-29,SKU0133,233,417,22.0,509
2024-02-05,SKU0133,61,736,22.0,509
2024-02-12,SKU0133,319,319,22.0,509
2024-02-19,SKU0133,148,319,22.0,509
2024-02-26,SKU0133,295,404,22.0,509
2024-03-04,SKU0133,124,404,22.0,509
2024-03-11,SKU0133,0,723,22.0,509
2024-03-18,SKU0133,282,319,22.0,509
2024-03-25,SKU0133,110,638,22.0,509
2024-04-01,SKU0133,258,319,22.0,509
2024-04-08,SKU0133,86,638,22.0,509
2024-04-15,SKU0133,246,319,22.0,509
2024-04-22,SKU0133,74,674,22.0,509
2024-04-29,SKU0133,222,355,22.0,509
2024-05-06,SKU0133,50,674,22.0,509
2024-05-13,SKU0133,282,319,22.0,509
2024-05-20,SKU0133,110,663,22.0,509
2024-05-27,SKU0133,258,344,22.0,509
2024-06-03,SKU0133,86,662,22.0,509
2024-06-10,SKU0133,295,318,22.0,509
2024-06-17,SKU0133,124,318,22.0,509
2024-06-24,SKU0133,270,405,22.0,509
2024-07-01,SKU0133,99,405,22.0,509
2024-07-08,SKU0133,0,772,22.0,509
2024-07-15,SKU0133,258,367,22.0,509
2024-07-22,SKU0133,87,711,22.0,509
2024-07-29,SKU0133,282,344,22.0,509
2024-08-05,SKU0133,111,687,22.0,509
2024-08-12,SKU0133,320,343,22.0,509
2024-08-19,SKU0133,148,674,22.0,509
2024-08-26,SKU0133,320,331,22.0,509
2024-09-02,SKU0133,148,649,22.0,509
2024-09-09,SKU0133,0,649,22.0,509
2024-09-16,SKU0133,160,638,22.0,509
2024-09-23,SKU0133,306,320,22.0,509
2024-09-30,SKU0133,135,687,22.0,509
2024-10-07,SKU0133,296,367,22.0,509
2024-10-14,SKU0133,124,367,22.0,509
2024-10-21,SKU0133,0,367,22.0,509
2024-10-28,SKU0133,196,553,22.0,509
2024-11-04,SKU0133,24,553,22.0,509
2024-11-11,SKU0133,0,553,22.0,509
2024-11-18,SKU0133,480,342,22.0,509
2024-11-25,SKU0133,308,342,22.0,509
2024-12-02,SKU0133,137,342,22.0,509
2024-12-09,SKU0133,0,759,22.0,509
2024-12-16,SKU0133,171,417,22.0,509
2024-12-23,SKU0133,0,798,22.0,509
2024-12-30,SKU0133,319,381,22.0,509
2025-01-06,SKU0133,148,381,22.0,509
2025-01-13,SKU0133,357,342,22.0,509
2025-01-20,SKU0133,166,656,22.0,509
2025-01-27,SKU0133,0,656,22.0,509
2025-02-03,SKU0133,188,634,22.0,509
2025-02-10,SKU0133,23,634,22.0,509
2025-02-17,SKU0133,153,320,22.0,509
2025-02-24,SKU0133,0,759,22.0,509
2025-03-03,SKU0133,141,439,22.0,509
2025-03-10,SKU0133,17,439,22.0,509
2025-03-17,SKU0133,340,435,22.0,509
2025-03-24,SKU0133,198,435,22.0,509
2025-03-31,SKU0133,46,776,22.0,509
2025-04-07,SKU0133,376,341,22.0,509
2025-04-14,SKU0133,221,341,22.0,509
2025-04-21,SKU0133,75,712,22.0,509
2025-04-28,SKU0133,260,371,22.0,509
2025-05-05,SKU0133,137,371,22.0,509
2025-05-12,SKU0133,358,416,22.0,509
2025-05-19,SKU0133,232,416,22.0,509
2025-05-26,SKU0133,21,416,22.0,509
2025-06-02,SKU0133,375,406,22.0,509
2025-06-09,SKU0133,229,406,22.0,509
2025-06-16,SKU0133,81,406,22.0,509
2025-06-23,SKU0133,319,447,22.0,509
2025-06-30,SKU0133,144,447,22.0,509
2025-07-07,SKU0133,4,765,22.0,509
2025-07-14,SKU0133,410,318,22.0,509
2025-07-21,SKU0133,313,318,22.0,509
2025-07-28,SKU0133,508,314,22.0,509
2025-08-04,SKU0133,271,314,22.0,509
2025-08-11,SKU0133,52,634,22.0,509
2025-08-18,SKU0133,0,634,22.0,509
2025-08-25,SKU0133,207,320,22.0,509
2025-09-01,SKU0133,400,397,22.0,509
2025-09-08,SKU0133,229,397,22.0,509
2025-09-15,SKU0133,80,728,22.0,509
2025-09-22,SKU0133,387,331,22.0,509
2025-09-29,SKU0133,271,331,22.0,509
2025-10-06,SKU0133,452,319,22.0,509
2025-10-13,SKU0133,283,319,22.0,509
2025-10-20,SKU0133,0,691,22.0,509
2025-10-27,SKU0133,278,372,22.0,509
2025-11-03,SKU0133,92,372,22.0,509
2025-11-10,SKU0133,286,374,22.0,509
2025-11-17,SKU0133,99,374,22.0,509
2025-11-24,SKU0133,0,816,22.0,509
2025-12-01,SKU0133,102,442,22.0,509
2025-12-08,SKU0133,0,808,22.0,509
2025-12-15,SKU0133,360,366,22.0,509
2025-12-22,SKU0133,151,366,22.0,509
2025-12-29,SKU0133,312,351,22.0,509
2024-01-01,SKU0134,215,217,16.0,239
2024-01-08,SKU0134,111,217,16.0,239
2024-01-15,SKU0134,7,217,16.0,239
2024-01-22,SKU0134,128,215,16.0,239
2024-01-29,SKU0134,24,215,16.0,239
2024-02-05,SKU0134,141,208,16.0,239
2024-02-12,SKU0134,37,208,16.0,239
2024-02-19,SKU0134,141,276,16.0,239
2024-02-26,SKU0134,37,276,16.0,239
2024-03-04,SKU0134,0,276,16.0,239
2024-03-11,SKU0134,172,230,16.0,239
2024-03-18,SKU0134,68,230,16.0,239
2024-03-25,SKU0134,215,0,16.0,239
2024-04-01,SKU0134,111,261,16.0,239
2024-04-08,SKU0134,7,261,16.0,239
2024-04-15,SKU0134,216,216,16.0,239
2024-04-22,SKU0134,112,216,16.0,239
2024-04-29,SKU0134,8,424,16.0,239
2024-05-06,SKU0134,127,208,16.0,239
2024-05-13,SKU0134,23,208,16.0,239
2024-05-20,SKU0134,127,231,16.0,239
2024-05-27,SKU0134,23,231,16.0,239
2024-06-03,SKU0134,172,246,16.0,239
2024-06-10,SKU0134,68,246,16.0,239
2024-06-17,SKU0134,0,246,16.0,239
2024-06-24,SKU0134,142,290,16.0,239
2024-07-01,SKU0134,38,290,16.0,239
2024-07-08,SKU0134,0,290,16.0,239
2024-07-15,SKU0134,201,231,16.0,239
2024-07-22,SKU0134,97,231,16.0,239
2024-07-29,SKU0134,0,231,16.0,239
2024-08-05,SKU0134,142,201,16.0,239
2024-08-12,SKU0134,38,394,16.0,239
2024-08-19,SKU0134,135,193,16.0,239
2024-08-26,SKU0134,31,401,16.0,239
2024-09-02,SKU0134,120,208,16.0,239
2024-09-09,SKU0134,16,401,16.0,239
2024-09-16,SKU0134,120,193,16.0,239
2024-09-23,SKU0134,16,416,16.0,239
2024-09-30,SKU0134,105,223,16.0,239
2024-10-07,SKU0134,1,431,16.0,239
2024-10-14,SKU0134,134,208,16.0,239
2024-10-21,SKU0134,30,402,16.0,239
2024-10-28,SKU0134,134,194,16.0,239
2024-11-04,SKU0134,30,402,16.0,239
2024-11-11,SKU0134,120,208,16.0,239
2024-11-18,SKU0134,16,416,16.0,239
2024-11-25,SKU0134,120,208,16.0,239
2024-12-02,SKU0134,16,401,16.0,239
2024-12-09,SKU0134,120,193,16.0,239
2024-12-16,SKU0134,16,416,16.0,239
2024-12-23,SKU0134,105,223,16.0,239
2024-12-30,SKU0134,1,223,16.0,239
2025-01-06,SKU0134,134,224,16.0,239
2025-01-13,SKU0134,30,224,16.0,239
2025-01-20,SKU0134,165,208,16.0,239
2025-01-27,SKU0134,61,208,16.0,239
2025-02-03,SKU0134,165,208,16.0,239
2025-02-10,SKU0134,61,208,16.0,239
2025-02-17,SKU0134,165,208,16.0,239
2025-02-24,SKU0134,61,208,16.0,239
2025-03-03,SKU0134,165,193,16.0,239
2025-03-10,SKU0134,61,193,16.0,239
2025-03-17,SKU0134,150,253,16.0,239
2025-03-24,SKU0134,46,253,16.0,239
2025-03-31,SKU0134,246,0,16.0,239
2025-04-07,SKU0134,165,200,16.0,239
2025-04-14,SKU0134,73,200,16.0,239
2025-04-21,SKU0134,177,208,16.0,239
2025-04-28,SKU0134,87,208,16.0,239
2025-05-05,SKU0134,208,0,16.0,239
2025-05-12,SKU0134,114,249,16.0,239
2025-05-19,SKU0134,17,249,16.0,239
2025-05-26,SKU0134,196,197,16.0,239
2025-06-02,SKU0134,105,197,16.0,239
2025-06-09,SKU0134,212,209,16.0,239
2025-06-16,SKU0134,100,209,16.0,239
2025-06-23,SKU0134,21,411,16.0,239
2025-06-30,SKU0134,123,202,16.0,239
2025-07-07,SKU0134,34,202,16.0,239
2025-07-14,SKU0134,155,0,16.0,239
2025-07-21,SKU0134,70,349,16.0,239
2025-07-28,SKU0134,0,349,16.0,239
2025-08-04,SKU0134,0,349,16.0,239
2025-08-11,SKU0134,197,221,16.0,239
2025-08-18,SKU0134,125,221,16.0,239
2025-08-25,SKU0134,47,221,16.0,239
2025-09-01,SKU0134,198,208,16.0,239
2025-09-08,SKU0134,117,208,16.0,239
2025-09-15,SKU0134,253,0,16.0,239
2025-09-22,SKU0134,163,231,16.0,239
2025-09-29,SKU0134,91,231,16.0,239
2025-10-06,SKU0134,198,220,16.0,239
2025-10-13,SKU0134,84,220,16.0,239
2025-10-20,SKU0134,0,425,16.0,239
2025-10-27,SKU0134,60,205,16.0,239
2025-11-03,SKU0134,169,207,16.0,239
2025-11-10,SKU0134,64,207,16.0,239
2025-11-17,SKU0134,160,213,16.0,239
2025-11-24,SKU0134,50,213,16.0,239
2025-12-01,SKU0134,108,219,16.0,239
2025-12-08,SKU0134,0,219,16.0,239
2025-12-15,SKU0134,197,213,16.0,239
2025-12-22,SKU0134,97,213,16.0,239
2025-12-29,SKU0134,161,202,16.0,239
2024-01-01,SKU0135,752,0,25.0,532
2024-01-08,SKU0135,524,304,25.0,532
2024-01-15,SKU0135,297,304,25.0,532
2024-01-22,SKU0135,69,662,25.0,532
2024-01-29,SKU0135,0,662,25.0,532
2024-02-05,SKU0135,174,358,25.0,532
2024-02-12,SKU0135,0,687,25.0,532
2024-02-19,SKU0135,130,633,25.0,532
2024-02-26,SKU0135,0,633,25.0,532
2024-03-04,SKU0135,231,304,25.0,532
2024-03-11,SKU0135,3,694,25.0,532
2024-03-18,SKU0135,109,390,25.0,532
2024-03-25,SKU0135,0,752,25.0,532
2024-04-01,SKU0135,357,362,25.0,532
2024-04-08,SKU0135,129,666,25.0,532
2024-04-15,SKU0135,264,304,25.0,532
2024-04-22,SKU0135,36,629,25.0,532
2024-04-29,SKU0135,0,629,25.0,532
2024-05-06,SKU0135,141,622,25.0,532
2024-05-13,SKU0135,260,297,25.0,532
2024-05-20,SKU0135,32,601,25.0,532
2024-05-27,SKU0135,0,601,25.0,532
2024-06-03,SKU0135,102,629,25.0,532
2024-06-10,SKU0135,206,622,25.0,532
2024-06-17,SKU0135,0,622,25.0,532
2024-06-24,SKU0135,0,622,25.0,532
2024-07-01,SKU0135,97,601,25.0,532
2024-07-08,SKU0135,167,661,25.0,532
2024-07-15,SKU0135,0,661,25.0,532
2024-07-22,SKU0135,271,357,25.0,532
2024-07-29,SKU0135,43,654,25.0,532
2024-08-05,SKU0135,227,297,25.0,532
2024-08-12,SKU0135,0,634,25.0,532
2024-08-19,SKU0135,264,337,25.0,532
2024-08-26,SKU0135,36,726,25.0,532
2024-09-02,SKU0135,239,389,25.0,532
2024-09-09,SKU0135,11,686,25.0,532
2024-09-16,SKU0135,0,686,25.0,532
2024-09-23,SKU0135,194,602,25.0,532
2024-09-30,SKU0135,264,305,25.0,532
2024-10-07,SKU0135,36,629,25.0,532
2024-10-14,SKU0135,0,629,25.0,532
2024-10-21,SKU0135,142,621,25.0,532
2024-10-28,SKU0135,259,297,25.0,532
2024-11-04,SKU0135,31,602,25.0,532
2024-11-11,SKU0135,0,602,25.0,532
2024-11-18,SKU0135,102,629,25.0,532
2024-11-25,SKU0135,207,324,25.0,532
2024-12-02,SKU0135,0,653,25.0,532
2024-12-09,SKU0135,0,653,25.0,532
2024-12-16,SKU0135,96,634,25.0,532
2024-12-23,SKU0135,231,305,25.0,532
2024-12-30,SKU0135,3,629,25.0,532
2025-01-06,SKU0135,0,629,25.0,532
2025-01-13,SKU0135,77,621,25.0,532
2025-01-20,SKU0135,226,602,25.0,532
2025-01-27,SKU0135,0,602,25.0,532
2025-02-03,SKU0135,264,305,25.0,532
2025-02-10,SKU0135,36,661,25.0,532
2025-02-17,SKU0135,175,653,25.0,532
2025-02-24,SKU0135,0,653,25.0,532
2025-03-03,SKU0135,323,297,25.0,532
2025-03-10,SKU0135,95,602,25.0,532
2025-03-17,SKU0135,167,661,25.0,532
2025-03-24,SKU0135,0,661,25.0,532
2025-03-31,SKU0135,272,356,25.0,532
2025-04-07,SKU0135,44,653,25.0,532
2025-04-14,SKU0135,226,602,25.0,532
2025-04-21,SKU0135,0,602,25.0,532
2025-04-28,SKU0135,269,305,25.0,532
2025-05-05,SKU0135,104,613,25.0,532
2025-05-12,SKU0135,203,625,25.0,532
2025-05-19,SKU0135,0,625,25.0,532
2025-05-26,SKU0135,268,317,25.0,532
2025-06-02,SKU0135,76,634,25.0,532
2025-06-09,SKU0135,223,317,25.0,532
2025-06-16,SKU0135,29,634,25.0,532
2025-06-23,SKU0135,287,317,25.0,532
2025-06-30,SKU0135,108,627,25.0,532
2025-07-07,SKU0135,239,310,25.0,532
2025-07-14,SKU0135,92,608,25.0,532
2025-07-21,SKU0135,291,298,25.0,532
2025-07-28,SKU0135,51,618,25.0,532
2025-08-04,SKU0135,145,632,25.0,532
2025-08-11,SKU0135,0,632,25.0,532
2025-08-18,SKU0135,282,312,25.0,532
2025-08-25,SKU0135,106,627,25.0,532
2025-09-01,SKU0135,237,315,25.0,532
2025-09-08,SKU0135,52,627,25.0,532
2025-09-15,SKU0135,306,312,25.0,532
2025-09-22,SKU0135,150,641,25.0,532
2025-09-29,SKU0135,257,329,25.0,532
2025-10-06,SKU0135,17,690,25.0,532
2025-10-13,SKU0135,0,690,25.0,532
2025-10-20,SKU0135,0,361,25.0,532
2025-10-27,SKU0135,0,828,25.0,532
2025-11-03,SKU0135,83,467,25.0,532
2025-11-10,SKU0135,0,804,25.0,532
2025-11-17,SKU0135,397,337,25.0,532
2025-11-24,SKU0135,152,656,25.0,532
2025-12-01,SKU0135,197,631,25.0,532
2025-12-08,SKU0135,0,631,25.0,532
2025-12-15,SKU0135,0,631,25.0,532
2025-12-22,SKU0135,160,668,25.0,532
2025-12-29,SKU0135,241,356,25.0,532
2024-01-01,SKU0136,623,0,28.0,819
2024-01-08,SKU0136,417,729,28.0,819
2024-01-15,SKU0136,210,729,28.0,819
2024-01-22,SKU0136,3,1172,28.0,819
2024-01-29,SKU0136,0,1172,28.0,819
2024-02-05,SKU0136,611,443,28.0,819
2024-02-12,SKU0136,404,443,28.0,819
2024-02-19,SKU0136,640,417,28.0,819
2024-02-26,SKU0136,433,417,28.0,819
2024-03-04,SKU0136,226,889,28.0,819
2024-03-11,SKU0136,19,889,28.0,819
2024-03-18,SKU0136,230,916,28.0,819
2024-03-25,SKU0136,23,916,28.0,819
2024-04-01,SKU0136,324,910,28.0,819
2024-04-08,SKU0136,148,910,28.0,819
2024-04-15,SKU0136,371,466,28.0,819
2024-04-22,SKU0136,233,907,28.0,819
2024-04-29,SKU0136,466,441,28.0,819
2024-05-06,SKU0136,294,877,28.0,819
2024-05-13,SKU0136,70,877,28.0,819
2024-05-20,SKU0136,398,436,28.0,819
2024-05-27,SKU0136,277,856,28.0,819
2024-06-03,SKU0136,474,420,28.0,819
2024-06-10,SKU0136,248,963,28.0,819
2024-06-17,SKU0136,110,963,28.0,819
2024-06-24,SKU0136,380,543,28.0,819
2024-07-01,SKU0136,177,1023,28.0,819
2024-07-08,SKU0136,612,480,28.0,819
2024-07-15,SKU0136,454,480,28.0,819
2024-07-22,SKU0136,256,978,28.0,819
2024-07-29,SKU0136,574,498,28.0,819
2024-08-05,SKU0136,270,932,28.0,819
2024-08-12,SKU0136,0,932,28.0,819
2024-08-19,SKU0136,465,434,28.0,819
2024-08-26,SKU0136,290,882,28.0,819
2024-09-02,SKU0136,502,448,28.0,819
2024-09-09,SKU0136,380,448,28.0,819
2024-09-16,SKU0136,260,899,28.0,819
2024-09-23,SKU0136,559,451,28.0,819
2024-09-30,SKU0136,382,451,28.0,819
2024-10-07,SKU0136,156,887,28.0,819
2024-10-14,SKU0136,459,436,28.0,819
2024-10-21,SKU0136,145,900,28.0,819
2024-10-28,SKU0136,0,900,28.0,819
2024-11-04,SKU0136,247,913,28.0,819
2024-11-11,SKU0136,17,913,28.0,819
2024-11-18,SKU0136,306,449,28.0,819
2024-11-25,SKU0136,47,966,28.0,819
2024-12-02,SKU0136,158,1021,28.0,819
2024-12-09,SKU0136,0,1021,28.0,819
2024-12-16,SKU0136,0,1021,28.0,819
2024-12-23,SKU0136,160,925,28.0,819
2024-12-30,SKU0136,470,421,28.0,819
2025-01-06,SKU0136,72,948,28.0,819
2025-01-13,SKU0136,0,948,28.0,819
2025-01-20,SKU0136,314,527,28.0,819
2025-01-27,SKU0136,116,1007,28.0,819
2025-02-03,SKU0136,439,480,28.0,819
2025-02-10,SKU0136,175,480,28.0,819
2025-02-17,SKU0136,0,1121,28.0,819
2025-02-24,SKU0136,323,641,28.0,819
2025-03-03,SKU0136,140,641,28.0,819
2025-03-10,SKU0136,0,1112,28.0,819
2025-03-17,SKU0136,459,471,28.0,819
2025-03-24,SKU0136,271,914,28.0,819
2025-03-31,SKU0136,174,914,28.0,819
2025-04-07,SKU0136,498,443,28.0,819
2025-04-14,SKU0136,351,883,28.0,819
2025-04-21,SKU0136,674,440,28.0,819
2025-04-28,SKU0136,454,440,28.0,819
2025-05-05,SKU0136,343,891,28.0,819
2025-05-12,SKU0136,585,451,28.0,819
2025-05-19,SKU0136,493,451,28.0,819
2025-05-26,SKU0136,347,887,28.0,819
2025-06-02,SKU0136,654,436,28.0,819
2025-06-09,SKU0136,504,436,28.0,819
2025-06-16,SKU0136,336,878,28.0,819
2025-06-23,SKU0136,544,442,28.0,819
2025-06-30,SKU0136,391,442,28.0,819
2025-07-07,SKU0136,214,863,28.0,819
2025-07-14,SKU0136,508,421,28.0,819
2025-07-21,SKU0136,231,931,28.0,819
2025-07-28,SKU0136,101,931,28.0,819
2025-08-04,SKU0136,324,510,28.0,819
2025-08-11,SKU0136,99,948,28.0,819
2025-08-18,SKU0136,413,438,28.0,819
2025-08-25,SKU0136,216,1008,28.0,819
2025-09-01,SKU0136,3,1008,28.0,819
2025-09-08,SKU0136,338,570,28.0,819
2025-09-15,SKU0136,116,1051,28.0,819
2025-09-22,SKU0136,520,481,28.0,819
2025-09-29,SKU0136,301,911,28.0,819
2025-10-06,SKU0136,130,911,28.0,819
2025-10-13,SKU0136,370,430,28.0,819
2025-10-20,SKU0136,26,1000,28.0,819
2025-10-27,SKU0136,382,570,28.0,819
2025-11-03,SKU0136,180,1054,28.0,819
2025-11-10,SKU0136,0,1054,28.0,819
2025-11-17,SKU0136,439,484,28.0,819
2025-11-24,SKU0136,247,904,28.0,819
2025-12-01,SKU0136,427,420,28.0,819
2025-12-08,SKU0136,106,930,28.0,819
2025-12-15,SKU0136,0,930,28.0,819
2025-12-22,SKU0136,291,943,28.0,819
2025-12-29,SKU0136,82,943,28.0,819
2024-01-01,SKU0137,531,0,20.0,335
2024-01-08,SKU0137,452,0,20.0,335
2024-01-15,SKU0137,373,0,20.0,335
2024-01-22,SKU0137,294,230,20.0,335
2024-01-29,SKU0137,216,230,20.0,335
2024-02-05,SKU0137,137,230,20.0,335
2024-02-12,SKU0137,288,248,20.0,335
2024-02-19,SKU0137,209,248,20.0,335
2024-02-26,SKU0137,130,248,20.0,335
2024-03-04,SKU0137,300,225,20.0,335
2024-03-11,SKU0137,221,225,20.0,335
2024-03-18,SKU0137,142,225,20.0,335
2024-03-25,SKU0137,288,225,20.0,335
2024-04-01,SKU0137,209,225,20.0,335
2024-04-08,SKU0137,131,225,20.0,335
2024-04-15,SKU0137,277,225,20.0,335
2024-04-22,SKU0137,198,225,20.0,335
2024-04-29,SKU0137,119,225,20.0,335
2024-05-06,SKU0137,265,225,20.0,335
2024-05-13,SKU0137,187,225,20.0,335
2024-05-20,SKU0137,333,0,20.0,335
2024-05-27,SKU0137,254,236,20.0,335
2024-06-03,SKU0137,175,236,20.0,335
2024-06-10,SKU0137,332,226,20.0,335
2024-06-17,SKU0137,254,226,20.0,335
2024-06-24,SKU0137,175,226,20.0,335
2024-07-01,SKU0137,322,225,20.0,335
2024-07-08,SKU0137,243,225,20.0,335
2024-07-15,SKU0137,164,225,20.0,335
2024-07-22,SKU0137,311,236,20.0,335
2024-07-29,SKU0137,232,236,20.0,335
2024-08-05,SKU0137,153,236,20.0,335
2024-08-12,SKU0137,310,225,20.0,335
2024-08-19,SKU0137,231,225,20.0,335
2024-08-26,SKU0137,153,225,20.0,335
2024-09-02,SKU0137,299,237,20.0,335
2024-09-09,SKU0137,220,237,20.0,335
2024-09-16,SKU0137,141,237,20.0,335
2024-09-23,SKU0137,299,247,20.0,335
2024-09-30,SKU0137,221,247,20.0,335
2024-10-07,SKU0137,142,247,20.0,335
2024-10-14,SKU0137,310,225,20.0,335
2024-10-21,SKU0137,231,225,20.0,335
2024-10-28,SKU0137,152,225,20.0,335
2024-11-04,SKU0137,299,248,20.0,335
2024-11-11,SKU0137,220,248,20.0,335
2024-11-18,SKU0137,141,248,20.0,335
2024-11-25,SKU0137,310,225,20.0,335
2024-12-02,SKU0137,231,225,20.0,335
2024-12-09,SKU0137,153,225,20.0,335
2024-12-16,SKU0137,299,225,20.0,335
2024-12-23,SKU0137,220,225,20.0,335
2024-12-30,SKU0137,141,225,20.0,335
2025-01-06,SKU0137,287,237,20.0,335
2025-01-13,SKU0137,209,237,20.0,335
2025-01-20,SKU0137,130,237,20.0,335
2025-01-27,SKU0137,288,225,20.0,335
2025-02-03,SKU0137,209,225,20.0,335
2025-02-10,SKU0137,130,225,20.0,335
2025-02-17,SKU0137,277,225,20.0,335
2025-02-24,SKU0137,198,225,20.0,335
2025-03-03,SKU0137,119,225,20.0,335
2025-03-10,SKU0137,265,225,20.0,335
2025-03-17,SKU0137,186,225,20.0,335
2025-03-24,SKU0137,333,225,20.0,335
2025-03-31,SKU0137,254,225,20.0,335
2025-04-07,SKU0137,175,225,20.0,335
2025-04-14,SKU0137,321,225,20.0,335
2025-04-21,SKU0137,242,225,20.0,335
2025-04-28,SKU0137,164,225,20.0,335
2025-05-05,SKU0137,310,226,20.0,335
2025-05-12,SKU0137,231,226,20.0,335
2025-05-19,SKU0137,152,226,20.0,335
2025-05-26,SKU0137,300,225,20.0,335
2025-06-02,SKU0137,221,225,20.0,335
2025-06-09,SKU0137,142,225,20.0,335
2025-06-16,SKU0137,288,236,20.0,335
2025-06-23,SKU0137,209,236,20.0,335
2025-06-30,SKU0137,131,236,20.0,335
2025-07-07,SKU0137,296,248,20.0,335
2025-07-14,SKU0137,228,248,20.0,335
2025-07-21,SKU0137,162,248,20.0,335
2025-07-28,SKU0137,344,0,20.0,335
2025-08-04,SKU0137,249,231,20.0,335
2025-08-11,SKU0137,152,231,20.0,335
2025-08-18,SKU0137,87,463,20.0,335
2025-08-25,SKU0137,272,232,20.0,335
2025-09-01,SKU0137,211,232,20.0,335
2025-09-08,SKU0137,373,0,20.0,335
2025-09-15,SKU0137,310,225,20.0,335
2025-09-22,SKU0137,247,225,20.0,335
2025-09-29,SKU0137,204,225,20.0,335
2025-10-06,SKU0137,345,0,20.0,335
2025-10-13,SKU0137,269,228,20.0,335
2025-10-20,SKU0137,127,228,20.0,335
2025-10-27,SKU0137,232,258,20.0,335
2025-11-03,SKU0137,151,258,20.0,335
2025-11-10,SKU0137,85,258,20.0,335
2025-11-17,SKU0137,278,227,20.0,335
2025-11-24,SKU0137,190,227,20.0,335
2025-12-01,SKU0137,291,225,20.0,335
2025-12-08,SKU0137,184,225,20.0,335
2025-12-15,SKU0137,103,225,20.0,335
2025-12-22,SKU0137,235,244,20.0,335
2025-12-29,SKU0137,171,244,20.0,335
2024-01-01,SKU0138,93,0,9.0,43
2024-01-08,SKU0138,41,60,9.0,43
2024-01-15,SKU0138,0,60,9.0,43
2024-01-22,SKU0138,15,64,9.0,43
2024-01-29,SKU0138,49,0,9.0,43
2024-02-05,SKU0138,0,67,9.0,43
2024-02-12,SKU0138,37,64,9.0,43
2024-02-19,SKU0138,0,64,9.0,43
2024-02-26,SKU0138,19,60,9.0,43
2024-03-04,SKU0138,45,0,9.0,43
2024-03-11,SKU0138,0,64,9.0,43
2024-03-18,SKU0138,26,60,9.0,43
2024-03-25,SKU0138,52,0,9.0,43
2024-04-01,SKU0138,0,64,9.0,43
2024-04-08,SKU0138,34,60,9.0,43
2024-04-15,SKU0138,0,60,9.0,43
2024-04-22,SKU0138,7,64,9.0,43
2024-04-29,SKU0138,41,60,9.0,43
2024-05-06,SKU0138,0,60,9.0,43
2024-05-13,SKU0138,15,64,9.0,43
2024-05-20,SKU0138,49,0,9.0,43
2024-05-27,SKU0138,0,67,9.0,43
2024-06-03,SKU0138,37,64,9.0,43
2024-06-10,SKU0138,0,64,9.0,43
2024-06-17,SKU0138,19,60,9.0,43
2024-06-24,SKU0138,45,0,9.0,43
2024-07-01,SKU0138,0,64,9.0,43
2024-07-08,SKU0138,26,60,9.0,43
2024-07-15,SKU0138,52,0,9.0,43
2024-07-22,SKU0138,0,64,9.0,43
2024-07-29,SKU0138,34,60,9.0,43
2024-08-05,SKU0138,0,60,9.0,43
2024-08-12,SKU0138,7,71,9.0,43
2024-08-19,SKU0138,56,0,9.0,43
2024-08-26,SKU0138,3,60,9.0,43
2024-09-02,SKU0138,30,64,9.0,43
2024-09-09,SKU0138,0,64,9.0,43
2024-09-16,SKU0138,11,60,9.0,43
2024-09-23,SKU0138,37,64,9.0,43
2024-09-30,SKU0138,0,64,9.0,43
2024-10-07,SKU0138,19,75,9.0,43
2024-10-14,SKU0138,0,75,9.0,43
2024-10-21,SKU0138,0,66,9.0,43
2024-10-28,SKU0138,50,0,9.0,43
2024-11-04,SKU0138,4,67,9.0,43
2024-11-11,SKU0138,38,63,9.0,43
2024-11-18,SKU0138,0,63,9.0,43
2024-11-25,SKU0138,18,66,9.0,43
2024-12-02,SKU0138,35,0,9.0,43
2024-12-09,SKU0138,0,80,9.0,43
2024-12-16,SKU0138,32,69,9.0,43
2024-12-23,SKU0138,0,69,9.0,43
2024-12-30,SKU0138,26,65,9.0,43
2025-01-06,SKU0138,56,0,9.0,43
2025-01-13,SKU0138,0,60,9.0,43
2025-01-20,SKU0138,26,70,9.0,43
2025-01-27,SKU0138,0,70,9.0,43
2025-02-03,SKU0138,22,61,9.0,43
2025-02-10,SKU0138,47,0,9.0,43
2025-02-17,SKU0138,0,60,9.0,43
2025-02-24,SKU0138,30,62,9.0,43
2025-03-03,SKU0138,57,0,9.0,43
2025-03-10,SKU0138,11,68,9.0,43
2025-03-17,SKU0138,56,0,9.0,43
2025-03-24,SKU0138,15,60,9.0,43
2025-03-31,SKU0138,41,60,9.0,43
2025-04-07,SKU0138,10,60,9.0,43
2025-04-14,SKU0138,26,60,9.0,43
2025-04-21,SKU0138,54,0,9.0,43
2025-04-28,SKU0138,8,65,9.0,43
2025-05-05,SKU0138,45,0,9.0,43
2025-05-12,SKU0138,1,62,9.0,43
2025-05-19,SKU0138,28,63,9.0,43
2025-05-26,SKU0138,59,0,9.0,43
2025-06-02,SKU0138,2,64,9.0,43
2025-06-09,SKU0138,46,0,9.0,43
2025-06-16,SKU0138,4,62,9.0,43
2025-06-23,SKU0138,32,64,9.0,43
2025-06-30,SKU0138,0,64,9.0,43
2025-07-07,SKU0138,19,61,9.0,43
2025-07-14,SKU0138,52,0,9.0,43
2025-07-21,SKU0138,13,62,9.0,43
2025-07-28,SKU0138,33,59,9.0,43
2025-08-04,SKU0138,0,59,9.0,43
2025-08-11,SKU0138,0,62,9.0,43
2025-08-18,SKU0138,39,0,9.0,43
2025-08-25,SKU0138,7,67,9.0,43
2025-09-01,SKU0138,41,60,9.0,43
2025-09-08,SKU0138,0,60,9.0,43
2025-09-15,SKU0138,24,60,9.0,43
2025-09-22,SKU0138,53,0,9.0,43
2025-09-29,SKU0138,7,59,9.0,43
2025-10-06,SKU0138,24,62,9.0,43
2025-10-13,SKU0138,55,0,9.0,43
2025-10-20,SKU0138,0,67,9.0,43
2025-10-27,SKU0138,36,60,9.0,43
2025-11-03,SKU0138,0,60,9.0,43
2025-11-10,SKU0138,14,75,9.0,43
2025-11-17,SKU0138,67,0,9.0,43
2025-11-24,SKU0138,18,62,9.0,43
2025-12-01,SKU0138,34,67,9.0,43
2025-12-08,SKU0138,0,67,9.0,43
2025-12-15,SKU0138,26,60,9.0,43
2025-12-22,SKU0138,50,0,9.0,43
2025-12-29,SKU0138,0,60,9.0,43
2024-01-01,SKU0139,320,0,8.0,184
2024-01-08,SKU0139,196,0,8.0,184
2024-01-15,SKU0139,72,282,8.0,184
2024-01-22,SKU0139,229,0,8.0,184
2024-01-29,SKU0139,105,302,8.0,184
2024-02-05,SKU0139,283,0,8.0,184
2024-02-12,SKU0139,158,284,8.0,184
2024-02-19,SKU0139,318,0,8.0,184
2024-02-26,SKU0139,194,0,8.0,184
2024-03-04,SKU0139,69,284,8.0,184
2024-03-11,SKU0139,229,0,8.0,184
2024-03-18,SKU0139,105,302,8.0,184
2024-03-25,SKU0139,283,0,8.0,184
2024-04-01,SKU0139,158,0,8.0,184
2024-04-08,SKU0139,34,320,8.0,184
2024-04-15,SKU0139,230,0,8.0,184
2024-04-22,SKU0139,105,301,8.0,184
2024-04-29,SKU0139,282,0,8.0,184
2024-05-06,SKU0139,158,285,8.0,184
2024-05-13,SKU0139,318,0,8.0,184
2024-05-20,SKU0139,194,0,8.0,184
2024-05-27,SKU0139,70,301,8.0,184
2024-06-03,SKU0139,246,0,8.0,184
2024-06-10,SKU0139,122,302,8.0,184
2024-06-17,SKU0139,300,0,8.0,184
2024-06-24,SKU0139,175,0,8.0,184
2024-07-01,SKU0139,51,302,8.0,184
2024-07-08,SKU0139,229,0,8.0,184
2024-07-15,SKU0139,105,284,8.0,184
2024-07-22,SKU0139,264,0,8.0,184
2024-07-29,SKU0139,140,320,8.0,184
2024-08-05,SKU0139,16,320,8.0,184
2024-08-12,SKU0139,211,0,8.0,184
2024-08-19,SKU0139,87,320,8.0,184
2024-08-26,SKU0139,283,0,8.0,184
2024-09-02,SKU0139,158,284,8.0,184
2024-09-09,SKU0139,318,0,8.0,184
2024-09-16,SKU0139,194,0,8.0,184
2024-09-23,SKU0139,69,284,8.0,184
2024-09-30,SKU0139,229,0,8.0,184
2024-10-07,SKU0139,105,284,8.0,184
2024-10-14,SKU0139,265,0,8.0,184
2024-10-21,SKU0139,140,284,8.0,184
2024-10-28,SKU0139,300,0,8.0,184
2024-11-04,SKU0139,176,284,8.0,184
2024-11-11,SKU0139,51,284,8.0,184
2024-11-18,SKU0139,211,0,8.0,184
2024-11-25,SKU0139,87,285,8.0,184
2024-12-02,SKU0139,247,0,8.0,184
2024-12-09,SKU0139,123,284,8.0,184
2024-12-16,SKU0139,283,0,8.0,184
2024-12-23,SKU0139,158,302,8.0,184
2024-12-30,SKU0139,34,302,8.0,184
2025-01-06,SKU0139,212,0,8.0,184
2025-01-13,SKU0139,87,284,8.0,184
2025-01-20,SKU0139,247,0,8.0,184
2025-01-27,SKU0139,123,284,8.0,184
2025-02-03,SKU0139,283,0,8.0,184
2025-02-10,SKU0139,158,302,8.0,184
2025-02-17,SKU0139,34,302,8.0,184
2025-02-24,SKU0139,212,0,8.0,184
2025-03-03,SKU0139,87,319,8.0,184
2025-03-10,SKU0139,282,0,8.0,184
2025-03-17,SKU0139,158,0,8.0,184
2025-03-24,SKU0139,33,338,8.0,184
2025-03-31,SKU0139,249,0,8.0,184
2025-04-07,SKU0139,125,317,8.0,184
2025-04-14,SKU0139,318,0,8.0,184
2025-04-21,SKU0139,193,0,8.0,184
2025-04-28,SKU0139,69,284,8.0,184
2025-05-05,SKU0139,229,0,8.0,184
2025-05-12,SKU0139,104,285,8.0,184
2025-05-19,SKU0139,265,0,8.0,184
2025-05-26,SKU0139,141,319,8.0,184
2025-06-02,SKU0139,16,319,8.0,184
2025-06-09,SKU0139,211,0,8.0,184
2025-06-16,SKU0139,87,284,8.0,184
2025-06-23,SKU0139,246,0,8.0,184
2025-06-30,SKU0139,122,302,8.0,184
2025-07-07,SKU0139,300,0,8.0,184
2025-07-14,SKU0139,176,0,8.0,184
2025-07-21,SKU0139,51,302,8.0,184
2025-07-28,SKU0139,229,0,8.0,184
2025-08-04,SKU0139,105,284,8.0,184
2025-08-11,SKU0139,264,0,8.0,184
2025-08-18,SKU0139,140,284,8.0,184
2025-08-25,SKU0139,300,0,8.0,184
2025-09-01,SKU0139,175,285,8.0,184
2025-09-08,SKU0139,51,285,8.0,184
2025-09-15,SKU0139,212,0,8.0,184
2025-09-22,SKU0139,87,284,8.0,184
2025-09-29,SKU0139,247,0,8.0,184
2025-10-06,SKU0139,129,284,8.0,184
2025-10-13,SKU0139,334,0,8.0,184
2025-10-20,SKU0139,147,313,8.0,184
2025-10-27,SKU0139,0,313,8.0,184
2025-11-03,SKU0139,197,0,8.0,184
2025-11-10,SKU0139,83,295,8.0,184
2025-11-17,SKU0139,266,0,8.0,184
2025-11-24,SKU0139,188,0,8.0,184
2025-12-01,SKU0139,10,292,8.0,184
2025-12-08,SKU0139,190,0,8.0,184
2025-12-15,SKU0139,75,371,8.0,184
2025-12-22,SKU0139,346,0,8.0,184
2025-12-29,SKU0139,215,0,8.0,184
2024-01-01,SKU0140,139,105,18.0,141
2024-01-08,SKU0140,19,225,18.0,141
2024-01-15,SKU0140,0,225,18.0,141
2024-01-22,SKU0140,37,120,18.0,141
2024-01-29,SKU0140,52,104,18.0,141
2024-02-05,SKU0140,0,244,18.0,141
2024-02-12,SKU0140,53,140,18.0,141
2024-02-19,SKU0140,123,104,18.0,141
2024-02-26,SKU0140,3,224,18.0,141
2024-03-04,SKU0140,0,224,18.0,141
2024-03-11,SKU0140,19,120,18.0,141
2024-03-18,SKU0140,35,122,18.0,141
2024-03-25,SKU0140,0,226,18.0,141
2024-04-01,SKU0140,71,104,18.0,141
2024-04-08,SKU0140,55,103,18.0,141
2024-04-15,SKU0140,0,223,18.0,141
2024-04-22,SKU0140,69,120,18.0,141
2024-04-29,SKU0140,86,106,18.0,141
2024-05-06,SKU0140,0,209,18.0,141
2024-05-13,SKU0140,89,103,18.0,141
2024-05-20,SKU0140,86,120,18.0,141
2024-05-27,SKU0140,0,226,18.0,141
2024-06-03,SKU0140,0,226,18.0,141
2024-06-10,SKU0140,0,231,18.0,141
2024-06-17,SKU0140,0,231,18.0,141
2024-06-24,SKU0140,0,231,18.0,141
2024-07-01,SKU0140,64,106,18.0,141
2024-07-08,SKU0140,82,162,18.0,141
2024-07-15,SKU0140,0,162,18.0,141
2024-07-22,SKU0140,0,162,18.0,141
2024-07-29,SKU0140,90,116,18.0,141
2024-08-05,SKU0140,0,239,18.0,141
2024-08-12,SKU0140,0,239,18.0,141
2024-08-19,SKU0140,31,123,18.0,141
2024-08-26,SKU0140,50,125,18.0,141
2024-09-02,SKU0140,0,234,18.0,141
2024-09-09,SKU0140,96,109,18.0,141
2024-09-16,SKU0140,122,106,18.0,141
2024-09-23,SKU0140,12,214,18.0,141
2024-09-30,SKU0140,0,214,18.0,141
2024-10-07,SKU0140,26,218,18.0,141
2024-10-14,SKU0140,22,222,18.0,141
2024-10-21,SKU0140,0,222,18.0,141
2024-10-28,SKU0140,31,112,18.0,141
2024-11-04,SKU0140,16,132,18.0,141
2024-11-11,SKU0140,0,244,18.0,141
2024-11-18,SKU0140,126,112,18.0,141
2024-11-25,SKU0140,110,134,18.0,141
2024-12-02,SKU0140,0,244,18.0,141
2024-12-09,SKU0140,0,244,18.0,141
2024-12-16,SKU0140,23,221,18.0,141
2024-12-23,SKU0140,0,218,18.0,141
2024-12-30,SKU0140,0,218,18.0,141
2025-01-06,SKU0140,0,227,18.0,141
2025-01-13,SKU0140,0,244,18.0,141
2025-01-20,SKU0140,0,244,18.0,141
2025-01-27,SKU0140,28,124,18.0,141
2025-02-03,SKU0140,2,220,18.0,141
2025-02-10,SKU0140,0,220,18.0,141
2025-02-17,SKU0140,52,109,18.0,141
2025-02-24,SKU0140,28,216,18.0,141
2025-03-03,SKU0140,0,216,18.0,141
2025-03-10,SKU0140,79,108,18.0,141
2025-03-17,SKU0140,96,120,18.0,141
2025-03-24,SKU0140,0,228,18.0,141
2025-03-31,SKU0140,0,228,18.0,141
2025-04-07,SKU0140,32,212,18.0,141
2025-04-14,SKU0140,37,104,18.0,141
2025-04-21,SKU0140,0,220,18.0,141
2025-04-28,SKU0140,47,116,18.0,141
2025-05-05,SKU0140,72,128,18.0,141
2025-05-12,SKU0140,0,232,18.0,141
2025-05-19,SKU0140,0,232,18.0,141
2025-05-26,SKU0140,38,104,18.0,141
2025-06-02,SKU0140,52,116,18.0,141
2025-06-09,SKU0140,0,227,18.0,141
2025-06-16,SKU0140,80,111,18.0,141
2025-06-23,SKU0140,100,112,18.0,141
2025-06-30,SKU0140,0,220,18.0,141
2025-07-07,SKU0140,0,220,18.0,141
2025-07-14,SKU0140,42,108,18.0,141
2025-07-21,SKU0140,42,106,18.0,141
2025-07-28,SKU0140,0,224,18.0,141
2025-08-04,SKU0140,25,118,18.0,141
2025-08-11,SKU0140,50,126,18.0,141
2025-08-18,SKU0140,0,239,18.0,141
2025-08-25,SKU0140,105,113,18.0,141
2025-09-01,SKU0140,125,113,18.0,141
2025-09-08,SKU0140,34,113,18.0,141
2025-09-15,SKU0140,0,220,18.0,141
2025-09-22,SKU0140,48,107,18.0,141
2025-09-29,SKU0140,58,112,18.0,141
2025-10-06,SKU0140,0,232,18.0,141
2025-10-13,SKU0140,88,120,18.0,141
2025-10-20,SKU0140,88,106,18.0,141
2025-10-27,SKU0140,0,212,18.0,141
2025-11-03,SKU0140,97,106,18.0,141
2025-11-10,SKU0140,102,113,18.0,141
2025-11-17,SKU0140,0,220,18.0,141
2025-11-24,SKU0140,0,220,18.0,141
2025-12-01,SKU0140,0,214,18.0,141
2025-12-08,SKU0140,0,222,18.0,141
2025-12-15,SKU0140,94,115,18.0,141
2025-12-22,SKU0140,0,231,18.0,141
2025-12-29,SKU0140,0,116,18.0,141
2024-01-01,SKU0141,483,0,22.0,520
2024-01-08,SKU0141,335,421,22.0,520
2024-01-15,SKU0141,187,421,22.0,520
2024-01-22,SKU0141,39,759,22.0,520
2024-01-29,SKU0141,336,338,22.0,520
2024-02-05,SKU0141,188,338,22.0,520
2024-02-12,SKU0141,378,377,22.0,520
2024-02-19,SKU0141,230,377,22.0,520
2024-02-26,SKU0141,82,715,22.0,520
2024-03-04,SKU0141,311,338,22.0,520
2024-03-11,SKU0141,163,338,22.0,520
2024-03-18,SKU0141,353,360,22.0,520
2024-03-25,SKU0141,205,360,22.0,520
2024-04-01,SKU0141,57,719,22.0,520
2024-04-08,SKU0141,269,359,22.0,520
2024-04-15,SKU0141,121,697,22.0,520
2024-04-22,SKU0141,332,338,22.0,520
2024-04-29,SKU0141,184,338,22.0,520
2024-05-06,SKU0141,374,339,22.0,520
2024-05-13,SKU0141,226,339,22.0,520
2024-05-20,SKU0141,78,741,22.0,520
2024-05-27,SKU0141,269,402,22.0,520
2024-06-03,SKU0141,121,402,22.0,520
2024-06-10,SKU0141,381,338,22.0,520
2024-06-17,SKU0141,233,338,22.0,520
2024-06-24,SKU0141,85,692,22.0,520
2024-07-01,SKU0141,275,354,22.0,520
2024-07-08,SKU0141,127,354,22.0,520
2024-07-15,SKU0141,333,380,22.0,520
2024-07-22,SKU0141,185,380,22.0,520
2024-07-29,SKU0141,37,719,22.0,520
2024-08-05,SKU0141,269,339,22.0,520
2024-08-12,SKU0141,121,677,22.0,520
2024-08-19,SKU0141,312,338,22.0,520
2024-08-26,SKU0141,164,338,22.0,520
2024-09-02,SKU0141,354,380,22.0,520
2024-09-09,SKU0141,206,380,22.0,520
2024-09-16,SKU0141,58,740,22.0,520
2024-09-23,SKU0141,290,360,22.0,520
2024-09-30,SKU0141,142,698,22.0,520
2024-10-07,SKU0141,354,338,22.0,520
2024-10-14,SKU0141,206,338,22.0,520
2024-10-21,SKU0141,58,677,22.0,520
2024-10-28,SKU0141,248,339,22.0,520
2024-11-04,SKU0141,100,677,22.0,520
2024-11-11,SKU0141,291,338,22.0,520
2024-11-18,SKU0141,143,676,22.0,520
2024-11-25,SKU0141,333,338,22.0,520
2024-12-02,SKU0141,185,338,22.0,520
2024-12-09,SKU0141,375,402,22.0,520
2024-12-16,SKU0141,227,402,22.0,520
2024-12-23,SKU0141,79,761,22.0,520
2024-12-30,SKU0141,339,359,22.0,520
2025-01-06,SKU0141,191,359,22.0,520
2025-01-13,SKU0141,43,692,22.0,520
2025-01-20,SKU0141,243,333,22.0,520
2025-01-27,SKU0141,62,682,22.0,520
2025-02-03,SKU0141,269,349,22.0,520
2025-02-10,SKU0141,109,673,22.0,520
2025-02-17,SKU0141,333,324,22.0,520
2025-02-24,SKU0141,177,663,22.0,520
2025-03-03,SKU0141,359,339,22.0,520
2025-03-10,SKU0141,212,339,22.0,520
2025-03-17,SKU0141,87,669,22.0,520
2025-03-24,SKU0141,299,330,22.0,520
2025-03-31,SKU0141,157,683,22.0,520
2025-04-07,SKU0141,378,353,22.0,520
2025-04-14,SKU0141,256,353,22.0,520
2025-04-21,SKU0141,130,353,22.0,520
2025-04-28,SKU0141,360,373,22.0,520
2025-05-05,SKU0141,274,373,22.0,520
2025-05-12,SKU0141,160,373,22.0,520
2025-05-19,SKU0141,428,340,22.0,520
2025-05-26,SKU0141,303,340,22.0,520
2025-06-02,SKU0141,141,679,22.0,520
2025-06-09,SKU0141,340,339,22.0,520
2025-06-16,SKU0141,208,339,22.0,520
2025-06-23,SKU0141,412,321,22.0,520
2025-06-30,SKU0141,274,321,22.0,520
2025-07-07,SKU0141,185,646,22.0,520
2025-07-14,SKU0141,426,325,22.0,520
2025-07-21,SKU0141,250,325,22.0,520
2025-07-28,SKU0141,447,362,22.0,520
2025-08-04,SKU0141,286,362,22.0,520
2025-08-11,SKU0141,73,684,22.0,520
2025-08-18,SKU0141,327,322,22.0,520
2025-08-25,SKU0141,191,649,22.0,520
2025-09-01,SKU0141,392,327,22.0,520
2025-09-08,SKU0141,276,327,22.0,520
2025-09-15,SKU0141,164,660,22.0,520
2025-09-22,SKU0141,395,333,22.0,520
2025-09-29,SKU0141,257,333,22.0,520
2025-10-06,SKU0141,448,328,22.0,520
2025-10-13,SKU0141,270,328,22.0,520
2025-10-20,SKU0141,5,696,22.0,520
2025-10-27,SKU0141,262,368,22.0,520
2025-11-03,SKU0141,83,690,22.0,520
2025-11-10,SKU0141,309,322,22.0,520
2025-11-17,SKU0141,176,664,22.0,520
2025-11-24,SKU0141,341,342,22.0,520
2025-12-01,SKU0141,43,797,22.0,520
2025-12-08,SKU0141,0,797,22.0,520
2025-12-15,SKU0141,151,455,22.0,520
2025-12-22,SKU0141,0,840,22.0,520
2025-12-29,SKU0141,258,385,22.0,520
2024-01-01,SKU0142,637,0,28.0,512
2024-01-08,SKU0142,423,0,28.0,512
2024-01-15,SKU0142,209,410,28.0,512
2024-01-22,SKU0142,0,746,28.0,512
2024-01-29,SKU0142,0,746,,512
2024-02-05,SKU0142,0,746,28.0,512
2024-02-12,SKU0142,226,336,28.0,512
2024-02-19,SKU0142,348,271,28.0,512
2024-02-26,SKU0142,134,546,28.0,512
2024-03-04,SKU0142,0,546,28.0,512
2024-03-11,SKU0142,0,546,28.0,512
2024-03-18,SKU0142,87,593,28.0,512
2024-03-25,SKU0142,153,619,28.0,512
2024-04-01,SKU0142,0,619,28.0,512
2024-04-08,SKU0142,0,619,28.0,512
2024-04-15,SKU0142,196,301,28.0,512
2024-04-22,SKU0142,282,306,28.0,512
2024-04-29,SKU0142,68,612,28.0,512
2024-05-06,SKU0142,0,612,28.0,512
2024-05-13,SKU0142,0,612,28.0,512
2024-05-20,SKU0142,92,588,28.0,512
2024-05-27,SKU0142,184,558,28.0,512
2024-06-03,SKU0142,0,558,28.0,512
2024-06-10,SKU0142,0,558,28.0,512
2024-06-17,SKU0142,160,551,28.0,512
2024-06-24,SKU0142,221,551,28.0,512
2024-07-01,SKU0142,7,551,28.0,512
2024-07-08,SKU0142,0,551,28.0,512
2024-07-15,SKU0142,183,558,28.0,512
2024-07-22,SKU0142,245,282,28.0,512
2024-07-29,SKU0142,31,557,28.0,512
2024-08-05,SKU0142,0,557,28.0,512
2024-08-12,SKU0142,221,551,28.0,512
2024-08-19,SKU0142,7,551,28.0,512
2024-08-26,SKU0142,68,552,28.0,512
2024-09-02,SKU0142,0,552,28.0,512
2024-09-09,SKU0142,245,276,28.0,512
2024-09-16,SKU0142,31,588,28.0,512
2024-09-23,SKU0142,93,587,28.0,512
2024-09-30,SKU0142,0,587,28.0,512
2024-10-07,SKU0142,0,587,28.0,512
2024-10-14,SKU0142,128,613,28.0,512
2024-10-21,SKU0142,189,338,28.0,512
2024-10-28,SKU0142,0,613,28.0,512
2024-11-04,SKU0142,0,613,28.0,512
2024-11-11,SKU0142,277,275,28.0,512
2024-11-18,SKU0142,63,556,28.0,512
2024-11-25,SKU0142,124,557,28.0,512
2024-12-02,SKU0142,0,557,28.0,512
2024-12-09,SKU0142,0,557,28.0,512
2024-12-16,SKU0142,97,552,28.0,512
2024-12-23,SKU0142,159,582,28.0,512
2024-12-30,SKU0142,0,582,28.0,512
2025-01-06,SKU0142,0,582,28.0,512
2025-01-13,SKU0142,123,588,28.0,512
2025-01-20,SKU0142,245,282,28.0,512
2025-01-27,SKU0142,31,558,28.0,512
2025-02-03,SKU0142,0,558,28.0,512
2025-02-10,SKU0142,190,276,28.0,512
2025-02-17,SKU0142,0,612,28.0,512
2025-02-24,SKU0142,62,649,28.0,512
2025-03-03,SKU0142,0,649,28.0,512
2025-03-10,SKU0142,0,649,28.0,512
2025-03-17,SKU0142,122,589,28.0,512
2025-03-24,SKU0142,221,551,28.0,512
2025-03-31,SKU0142,7,551,28.0,512
2025-04-07,SKU0142,0,551,28.0,512
2025-04-14,SKU0142,184,557,28.0,512
2025-04-21,SKU0142,245,282,28.0,512
2025-04-28,SKU0142,31,649,28.0,512
2025-05-05,SKU0142,0,649,28.0,512
2025-05-12,SKU0142,221,367,28.0,512
2025-05-19,SKU0142,7,674,28.0,512
2025-05-26,SKU0142,245,307,28.0,512
2025-06-02,SKU0142,30,589,28.0,512
2025-06-09,SKU0142,0,589,28.0,512
2025-06-16,SKU0142,185,282,28.0,512
2025-06-23,SKU0142,0,679,28.0,512
2025-06-30,SKU0142,98,674,28.0,512
2025-07-07,SKU0142,0,674,28.0,512
2025-07-14,SKU0142,0,674,28.0,512
2025-07-21,SKU0142,295,277,28.0,512
2025-07-28,SKU0142,393,283,28.0,512
2025-08-04,SKU0142,182,548,28.0,512
2025-08-11,SKU0142,0,548,28.0,512
2025-08-18,SKU0142,0,548,28.0,512
2025-08-25,SKU0142,166,557,28.0,512
2025-09-01,SKU0142,275,292,28.0,512
2025-09-08,SKU0142,69,567,28.0,512
2025-09-15,SKU0142,0,567,28.0,512
2025-09-22,SKU0142,219,275,28.0,512
2025-09-29,SKU0142,73,604,28.0,512
2025-10-06,SKU0142,176,596,28.0,512
2025-10-13,SKU0142,0,596,28.0,512
2025-10-20,SKU0142,0,596,28.0,512
2025-10-27,SKU0142,142,605,28.0,512
2025-11-03,SKU0142,234,338,28.0,512
2025-11-10,SKU0142,0,708,28.0,512
2025-11-17,SKU0142,0,708,28.0,512
2025-11-24,SKU0142,297,370,28.0,512
2025-12-01,SKU0142,0,657,28.0,512
2025-12-08,SKU0142,285,287,28.0,512
2025-12-15,SKU0142,79,580,28.0,512
2025-12-22,SKU0142,0,580,28.0,512
2025-12-29,SKU0142,184,562,28.0,512
2024-01-01,SKU0143,275,0,20.0,189
2024-01-08,SKU0143,81,150,20.0,189
2024-01-15,SKU0143,0,288,20.0,189
2024-01-22,SKU0143,0,288,20.0,189
2024-01-29,SKU0143,11,275,20.0,189
2024-02-05,SKU0143,0,275,20.0,189
2024-02-12,SKU0143,0,275,20.0,189
2024-02-19,SKU0143,54,138,20.0,189
2024-02-26,SKU0143,0,287,20.0,189
2024-03-04,SKU0143,0,287,20.0,189
2024-03-11,SKU0143,122,137,20.0,189
2024-03-18,SKU0143,65,166,20.0,189
2024-03-25,SKU0143,0,304,20.0,189
2024-04-01,SKU0143,0,304,20.0,189
2024-04-08,SKU0143,27,287,20.0,189
2024-04-15,SKU0143,0,287,20.0,189
2024-04-22,SKU0143,0,287,20.0,189
2024-04-29,SKU0143,94,138,20.0,189
2024-05-06,SKU0143,38,138,20.0,189
2024-05-13,SKU0143,0,304,20.0,189
2024-05-20,SKU0143,0,304,20.0,189
2024-05-27,SKU0143,138,148,20.0,189
2024-06-03,SKU0143,0,287,20.0,189
2024-06-10,SKU0143,0,287,20.0,189
2024-06-17,SKU0143,37,277,20.0,189
2024-06-24,SKU0143,0,286,20.0,189
2024-07-01,SKU0143,0,286,20.0,189
2024-07-08,SKU0143,83,148,20.0,189
2024-07-15,SKU0143,65,139,20.0,189
2024-07-22,SKU0143,0,277,20.0,189
2024-07-29,SKU0143,0,277,20.0,189
2024-08-05,SKU0143,110,148,20.0,189
2024-08-12,SKU0143,0,287,20.0,189
2024-08-19,SKU0143,0,287,20.0,189
2024-08-26,SKU0143,9,277,20.0,189
2024-09-02,SKU0143,0,314,20.0,189
2024-09-09,SKU0143,0,314,20.0,189
2024-09-16,SKU0143,55,176,20.0,189
2024-09-23,SKU0143,93,138,20.0,189
2024-09-30,SKU0143,0,277,20.0,189
2024-10-07,SKU0143,0,277,20.0,189
2024-10-14,SKU0143,0,314,20.0,189
2024-10-21,SKU0143,0,314,20.0,189
2024-10-28,SKU0143,0,314,20.0,189
2024-11-04,SKU0143,64,139,20.0,189
2024-11-11,SKU0143,56,139,20.0,189
2024-11-18,SKU0143,0,286,20.0,189
2024-11-25,SKU0143,111,147,20.0,189
2024-12-02,SKU0143,119,139,20.0,189
2024-12-09,SKU0143,0,278,20.0,189
2024-12-16,SKU0143,0,278,20.0,189
2024-12-23,SKU0143,0,286,20.0,189
2024-12-30,SKU0143,0,286,20.0,189
2025-01-06,SKU0143,0,286,20.0,189
2025-01-13,SKU0143,0,288,20.0,189
2025-01-20,SKU0143,0,287,20.0,189
2025-01-27,SKU0143,0,287,20.0,189
2025-02-03,SKU0143,72,138,20.0,189
2025-02-10,SKU0143,39,275,20.0,189
2025-02-17,SKU0143,0,275,20.0,189
2025-02-24,SKU0143,0,275,20.0,189
2025-03-03,SKU0143,86,139,20.0,189
2025-03-10,SKU0143,0,275,20.0,189
2025-03-17,SKU0143,0,275,20.0,189
2025-03-24,SKU0143,2,282,20.0,189
2025-03-31,SKU0143,3,290,20.0,189
2025-04-07,SKU0143,0,290,20.0,189
2025-04-14,SKU0143,88,144,20.0,189
2025-04-21,SKU0143,89,139,20.0,189
2025-04-28,SKU0143,0,269,20.0,189
2025-05-05,SKU0143,0,269,20.0,189
2025-05-12,SKU0143,20,284,20.0,189
2025-05-19,SKU0143,0,302,20.0,189
2025-05-26,SKU0143,0,302,20.0,189
2025-06-02,SKU0143,77,148,20.0,189
2025-06-09,SKU0143,44,270,20.0,189
2025-06-16,SKU0143,0,270,20.0,189
2025-06-23,SKU0143,97,144,20.0,189
2025-06-30,SKU0143,80,142,20.0,189
2025-07-07,SKU0143,0,269,20.0,189
2025-07-14,SKU0143,0,269,20.0,189
2025-07-21,SKU0143,121,129,20.0,189
2025-07-28,SKU0143,2,258,20.0,189
2025-08-04,SKU0143,0,258,20.0,189
2025-08-11,SKU0143,0,293,20.0,189
2025-08-18,SKU0143,0,292,20.0,189
2025-08-25,SKU0143,0,292,20.0,189
2025-09-01,SKU0143,81,128,20.0,189
2025-09-08,SKU0143,50,166,20.0,189
2025-09-15,SKU0143,0,311,20.0,189
2025-09-22,SKU0143,0,311,20.0,189
2025-09-29,SKU0143,22,292,20.0,189
2025-10-06,SKU0143,0,289,20.0,189
2025-10-13,SKU0143,0,289,20.0,189
2025-10-20,SKU0143,0,314,20.0,189
2025-10-27,SKU0143,0,300,20.0,189
2025-11-03,SKU0143,0,300,20.0,189
2025-11-10,SKU0143,115,128,20.0,189
2025-11-17,SKU0143,10,304,20.0,189
2025-11-24,SKU0143,0,304,20.0,189
2025-12-01,SKU0143,0,304,20.0,189
2025-12-08,SKU0143,118,155,20.0,189
2025-12-15,SKU0143,0,310,20.0,189
2025-12-22,SKU0143,0,310,20.0,189
2025-12-29,SKU0143,39,155,20.0,189
2024-01-01,SKU0144,468,0,14.0,390
2024-01-08,SKU0144,310,433,14.0,390
2024-01-15,SKU0144,152,433,14.0,390
2024-01-22,SKU0144,426,0,14.0,390
2024-01-29,SKU0144,268,407,14.0,390
2024-02-05,SKU0144,110,407,14.0,390
2024-02-12,SKU0144,358,0,14.0,390
2024-02-19,SKU0144,200,430,14.0,390
2024-02-26,SKU0144,42,430,14.0,390
2024-03-04,SKU0144,313,362,14.0,390
2024-03-11,SKU0144,155,362,14.0,390
2024-03-18,SKU0144,359,0,14.0,390
2024-03-25,SKU0144,200,407,14.0,390
2024-04-01,SKU0144,42,407,14.0,390
2024-04-08,SKU0144,290,0,14.0,390
2024-04-15,SKU0144,132,498,14.0,390
2024-04-22,SKU0144,0,498,14.0,390
2024-04-29,SKU0144,362,381,14.0,390
2024-05-06,SKU0144,204,381,14.0,390
2024-05-13,SKU0144,427,0,14.0,390
2024-05-20,SKU0144,268,0,14.0,390
2024-05-27,SKU0144,110,497,14.0,390
2024-06-03,SKU0144,0,497,14.0,390
2024-06-10,SKU0144,339,359,14.0,390
2024-06-17,SKU0144,180,359,14.0,390
2024-06-24,SKU0144,381,0,14.0,390
2024-07-01,SKU0144,223,407,14.0,390
2024-07-08,SKU0144,64,407,14.0,390
2024-07-15,SKU0144,313,0,14.0,390
2024-07-22,SKU0144,155,475,14.0,390
2024-07-29,SKU0144,0,475,14.0,390
2024-08-05,SKU0144,339,381,14.0,390
2024-08-12,SKU0144,181,381,14.0,390
2024-08-19,SKU0144,404,0,14.0,390
2024-08-26,SKU0144,245,0,14.0,390
2024-09-02,SKU0144,87,520,14.0,390
2024-09-09,SKU0144,0,520,14.0,390
2024-09-16,SKU0144,362,381,14.0,390
2024-09-23,SKU0144,203,381,14.0,390
2024-09-30,SKU0144,426,0,14.0,390
2024-10-07,SKU0144,268,453,14.0,390
2024-10-14,SKU0144,109,453,14.0,390
2024-10-21,SKU0144,408,0,14.0,390
2024-10-28,SKU0144,249,494,14.0,390
2024-11-04,SKU0144,91,494,14.0,390
2024-11-11,SKU0144,471,0,14.0,390
2024-11-18,SKU0144,313,385,14.0,390
2024-11-25,SKU0144,155,385,14.0,390
2024-12-02,SKU0144,381,0,14.0,390
2024-12-09,SKU0144,223,430,14.0,390
2024-12-16,SKU0144,65,430,14.0,390
2024-12-23,SKU0144,336,384,14.0,390
2024-12-30,SKU0144,178,384,14.0,390
2025-01-06,SKU0144,404,0,14.0,390
2025-01-13,SKU0144,245,385,14.0,390
2025-01-20,SKU0144,87,385,14.0,390
2025-01-27,SKU0144,314,362,14.0,390
2025-02-03,SKU0144,155,362,14.0,390
2025-02-10,SKU0144,359,0,14.0,390
2025-02-17,SKU0144,200,429,14.0,390
2025-02-24,SKU0144,42,429,14.0,390
2025-03-03,SKU0144,313,0,14.0,390
2025-03-10,SKU0144,154,453,14.0,390
2025-03-17,SKU0144,0,453,14.0,390
2025-03-24,SKU0144,295,0,14.0,390
2025-03-31,SKU0144,136,494,14.0,390
2025-04-07,SKU0144,0,494,14.0,390
2025-04-14,SKU0144,358,0,14.0,390
2025-04-21,SKU0144,200,430,14.0,390
2025-04-28,SKU0144,42,430,14.0,390
2025-05-05,SKU0144,313,362,14.0,390
2025-05-12,SKU0144,155,362,14.0,390
2025-05-19,SKU0144,359,0,14.0,390
2025-05-26,SKU0144,200,452,14.0,390
2025-06-02,SKU0144,42,452,14.0,390
2025-06-09,SKU0144,339,0,14.0,390
2025-06-16,SKU0144,181,517,14.0,390
2025-06-23,SKU0144,22,517,14.0,390
2025-06-30,SKU0144,449,0,14.0,390
2025-07-07,SKU0144,291,452,14.0,390
2025-07-14,SKU0144,132,452,14.0,390
2025-07-21,SKU0144,429,0,14.0,390
2025-07-28,SKU0144,271,404,14.0,390
2025-08-04,SKU0144,113,404,14.0,390
2025-08-11,SKU0144,358,0,14.0,390
2025-08-18,SKU0144,200,407,14.0,390
2025-08-25,SKU0144,42,407,14.0,390
2025-09-01,SKU0144,290,362,14.0,390
2025-09-08,SKU0144,132,362,14.0,390
2025-09-15,SKU0144,356,0,14.0,390
2025-09-22,SKU0144,259,436,14.0,390
2025-09-29,SKU0144,156,436,14.0,390
2025-10-06,SKU0144,460,0,14.0,390
2025-10-13,SKU0144,314,429,14.0,390
2025-10-20,SKU0144,51,429,14.0,390
2025-10-27,SKU0144,422,0,14.0,390
2025-11-03,SKU0144,291,0,14.0,390
2025-11-10,SKU0144,159,470,14.0,390
2025-11-17,SKU0144,7,470,14.0,390
2025-11-24,SKU0144,316,378,14.0,390
2025-12-01,SKU0144,80,378,14.0,390
2025-12-08,SKU0144,293,416,14.0,390
2025-12-15,SKU0144,129,416,14.0,390
2025-12-22,SKU0144,379,364,14.0,390
2025-12-29,SKU0144,216,364,14.0,390
2024-01-01,SKU0145,723,0,22.0,616
2024-01-08,SKU0145,586,409,22.0,616
2024-01-15,SKU0145,449,409,22.0,616
2024-01-22,SKU0145,311,409,22.0,616
2024-01-29,SKU0145,174,801,22.0,616
2024-02-05,SKU0145,446,392,22.0,616
2024-02-12,SKU0145,308,392,22.0,616
2024-02-19,SKU0145,563,432,22.0,616
2024-02-26,SKU0145,426,432,22.0,616
2024-03-04,SKU0145,288,432,22.0,616
2024-03-11,SKU0145,151,824,22.0,616
2024-03-18,SKU0145,446,392,22.0,616
2024-03-25,SKU0145,308,392,22.0,616
2024-04-01,SKU0145,563,393,22.0,616
2024-04-08,SKU0145,426,393,22.0,616
2024-04-15,SKU0145,288,393,22.0,616
2024-04-22,SKU0145,544,412,22.0,616
2024-04-29,SKU0145,406,412,22.0,616
2024-05-06,SKU0145,269,412,22.0,616
2024-05-13,SKU0145,544,412,22.0,616
2024-05-20,SKU0145,406,412,22.0,616
2024-05-27,SKU0145,269,412,22.0,616
2024-06-03,SKU0145,544,392,22.0,616
2024-06-10,SKU0145,406,392,22.0,616
2024-06-17,SKU0145,269,392,22.0,616
2024-06-24,SKU0145,524,412,22.0,616
2024-07-01,SKU0145,386,412,22.0,616
2024-07-08,SKU0145,249,412,22.0,616
2024-07-15,SKU0145,504,410,22.0,616
2024-07-22,SKU0145,319,410,22.0,616
2024-07-29,SKU0145,118,836,22.0,616
2024-08-05,SKU0145,320,426,22.0,616
2024-08-12,SKU0145,73,825,22.0,616
2024-08-19,SKU0145,361,399,22.0,616
2024-08-26,SKU0145,149,846,22.0,616
2024-09-02,SKU0145,349,447,22.0,616
2024-09-09,SKU0145,216,447,22.0,616
2024-09-16,SKU0145,0,853,22.0,616
2024-09-23,SKU0145,281,406,22.0,616
2024-09-30,SKU0145,108,835,22.0,616
2024-10-07,SKU0145,293,429,22.0,616
2024-10-14,SKU0145,47,829,22.0,616
2024-10-21,SKU0145,297,400,22.0,616
2024-10-28,SKU0145,0,800,22.0,616
2024-11-04,SKU0145,295,400,22.0,616
2024-11-11,SKU0145,28,841,22.0,616
2024-11-18,SKU0145,216,441,22.0,616
2024-11-25,SKU0145,0,896,22.0,616
2024-12-02,SKU0145,231,455,22.0,616
2024-12-09,SKU0145,0,965,22.0,616
2024-12-16,SKU0145,267,510,22.0,616
2024-12-23,SKU0145,0,995,22.0,616
2024-12-30,SKU0145,463,485,22.0,616
2025-01-06,SKU0145,58,878,22.0,616
2025-01-13,SKU0145,423,393,22.0,616
2025-01-20,SKU0145,138,393,22.0,616
2025-01-27,SKU0145,372,492,22.0,616
2025-02-03,SKU0145,99,492,22.0,616
2025-02-10,SKU0145,0,921,22.0,616
2025-02-17,SKU0145,280,429,22.0,616
2025-02-24,SKU0145,0,826,22.0,616
2025-03-03,SKU0145,252,397,22.0,616
2025-03-10,SKU0145,76,784,22.0,616
2025-03-17,SKU0145,271,387,22.0,616
2025-03-24,SKU0145,174,773,22.0,616
2025-03-31,SKU0145,424,386,22.0,616
2025-04-07,SKU0145,336,386,22.0,616
2025-04-14,SKU0145,611,384,22.0,616
2025-04-21,SKU0145,517,384,22.0,616
2025-04-28,SKU0145,427,384,22.0,616
2025-05-05,SKU0145,382,384,22.0,616
2025-05-12,SKU0145,697,0,22.0,616
2025-05-19,SKU0145,635,0,22.0,616
2025-05-26,SKU0145,584,409,22.0,616
2025-06-02,SKU0145,523,409,22.0,616
2025-06-09,SKU0145,487,409,22.0,616
2025-06-16,SKU0145,853,0,22.0,616
2025-06-23,SKU0145,817,0,22.0,616
2025-06-30,SKU0145,781,0,22.0,616
2025-07-07,SKU0145,755,0,22.0,616
2025-07-14,SKU0145,731,0,22.0,616
2025-07-21,SKU0145,708,0,22.0,616
2025-07-28,SKU0145,686,0,22.0,616
2025-08-04,SKU0145,656,0,22.0,616
2025-08-11,SKU0145,628,0,22.0,616
2025-08-18,SKU0145,618,0,22.0,616
2025-08-25,SKU0145,608,381,22.0,616
2025-09-01,SKU0145,597,381,22.0,616
2025-09-08,SKU0145,588,381,22.0,616
2025-09-15,SKU0145,962,0,22.0,616
2025-09-22,SKU0145,956,0,22.0,616
2025-09-29,SKU0145,951,0,22.0,616
2025-10-06,SKU0145,943,0,22.0,616
2025-10-13,SKU0145,937,0,22.0,616
2025-10-20,SKU0145,928,0,22.0,616
2025-10-27,SKU0145,920,0,22.0,616
2025-11-03,SKU0145,913,0,22.0,616
2025-11-10,SKU0145,906,0,22.0,616
2025-11-17,SKU0145,902,0,22.0,616
2025-11-24,SKU0145,895,0,22.0,616
2025-12-01,SKU0145,888,0,22.0,616
2025-12-08,SKU0145,882,0,22.0,616
2025-12-15,SKU0145,876,0,22.0,616
2025-12-22,SKU0145,869,0,22.0,616
2025-12-29,SKU0145,862,0,22.0,616
2024-01-01,SKU0146,1579,0,20.0,1318
2024-01-08,SKU0146,1276,0,20.0,1318
2024-01-15,SKU0146,974,1049,20.0,1318
2024-01-22,SKU0146,672,1049,20.0,1318
2024-01-29,SKU0146,369,1049,20.0,1318
2024-02-05,SKU0146,1116,907,20.0,1318
2024-02-12,SKU0146,813,907,20.0,1318
2024-02-19,SKU0146,511,907,20.0,1318
2024-02-26,SKU0146,1116,0,20.0,1318
2024-03-04,SKU0146,813,1124,20.0,1318
2024-03-11,SKU0146,511,1124,20.0,1318
2024-03-18,SKU0146,1332,0,20.0,1318
2024-03-25,SKU0146,1030,950,20.0,1318
2024-04-01,SKU0146,728,950,20.0,1318
2024-04-08,SKU0146,425,950,20.0,1318
2024-04-15,SKU0146,1073,1080,20.0,1318
2024-04-22,SKU0146,770,1080,20.0,1318
2024-04-29,SKU0146,468,1080,20.0,1318
2024-05-06,SKU0146,1246,907,20.0,1318
2024-05-13,SKU0146,943,907,20.0,1318
2024-05-20,SKU0146,641,907,20.0,1318
2024-05-27,SKU0146,1245,0,20.0,1318
2024-06-03,SKU0146,943,994,20.0,1318
2024-06-10,SKU0146,641,994,20.0,1318
2024-06-17,SKU0146,1332,0,20.0,1318
2024-06-24,SKU0146,1030,950,20.0,1318
2024-07-01,SKU0146,727,950,20.0,1318
2024-07-08,SKU0146,425,950,20.0,1318
2024-07-15,SKU0146,1073,1037,20.0,1318
2024-07-22,SKU0146,770,1037,20.0,1318
2024-07-29,SKU0146,468,1037,20.0,1318
2024-08-05,SKU0146,1202,950,20.0,1318
2024-08-12,SKU0146,900,950,20.0,1318
2024-08-19,SKU0146,598,950,20.0,1318
2024-08-26,SKU0146,1245,0,20.0,1318
2024-09-02,SKU0146,943,1167,20.0,1318
2024-09-09,SKU0146,640,1167,20.0,1318
2024-09-16,SKU0146,338,1167,20.0,1318
2024-09-23,SKU0146,1203,0,20.0,1318
2024-09-30,SKU0146,900,1037,20.0,1318
2024-10-07,SKU0146,598,1037,20.0,1318
2024-10-14,SKU0146,1332,0,20.0,1318
2024-10-21,SKU0146,1030,907,20.0,1318
2024-10-28,SKU0146,728,907,20.0,1318
2024-11-04,SKU0146,1332,0,20.0,1318
2024-11-11,SKU0146,1030,1080,20.0,1318
2024-11-18,SKU0146,727,1080,20.0,1318
2024-11-25,SKU0146,425,1080,20.0,1318
2024-12-02,SKU0146,1203,907,20.0,1318
2024-12-09,SKU0146,900,907,20.0,1318
2024-12-16,SKU0146,504,907,20.0,1318
2024-12-23,SKU0146,878,949,20.0,1318
2024-12-30,SKU0146,518,949,20.0,1318
2025-01-06,SKU0146,0,2060,20.0,1318
2025-01-13,SKU0146,561,1111,20.0,1318
2025-01-20,SKU0146,178,2018,20.0,1318
2025-01-27,SKU0146,1008,907,20.0,1318
2025-02-03,SKU0146,761,907,20.0,1318
2025-02-10,SKU0146,1287,0,20.0,1318
2025-02-17,SKU0146,945,1036,20.0,1318
2025-02-24,SKU0146,742,1036,20.0,1318
2025-03-03,SKU0146,502,1036,20.0,1318
2025-03-10,SKU0146,1394,0,20.0,1318
2025-03-17,SKU0146,1121,895,20.0,1318
2025-03-24,SKU0146,855,895,20.0,1318
2025-03-31,SKU0146,615,895,20.0,1318
2025-04-07,SKU0146,1209,987,20.0,1318
2025-04-14,SKU0146,1072,987,20.0,1318
2025-04-21,SKU0146,851,987,20.0,1318
2025-04-28,SKU0146,1490,0,20.0,1318
2025-05-05,SKU0146,1239,957,20.0,1318
2025-05-12,SKU0146,982,957,20.0,1318
2025-05-19,SKU0146,763,957,20.0,1318
2025-05-26,SKU0146,1461,0,20.0,1318
2025-06-02,SKU0146,1196,930,20.0,1318
2025-06-09,SKU0146,882,930,20.0,1318
2025-06-16,SKU0146,673,930,20.0,1318
2025-06-23,SKU0146,1453,0,20.0,1318
2025-06-30,SKU0146,1183,890,20.0,1318
2025-07-07,SKU0146,886,890,20.0,1318
2025-07-14,SKU0146,614,890,20.0,1318
2025-07-21,SKU0146,1285,911,20.0,1318
2025-07-28,SKU0146,1063,911,20.0,1318
2025-08-04,SKU0146,666,911,20.0,1318
2025-08-11,SKU0146,1127,1028,20.0,1318
2025-08-18,SKU0146,935,1028,20.0,1318
2025-08-25,SKU0146,748,1028,20.0,1318
2025-09-01,SKU0146,1445,0,20.0,1318
2025-09-08,SKU0146,1164,911,20.0,1318
2025-09-15,SKU0146,967,911,20.0,1318
2025-09-22,SKU0146,702,911,20.0,1318
2025-09-29,SKU0146,1379,0,20.0,1318
2025-10-06,SKU0146,1149,995,20.0,1318
2025-10-13,SKU0146,934,995,20.0,1318
2025-10-20,SKU0146,258,995,20.0,1318
2025-10-27,SKU0146,851,1082,20.0,1318
2025-11-03,SKU0146,542,1082,20.0,1318
2025-11-10,SKU0146,218,1978,20.0,1318
2025-11-17,SKU0146,920,896,20.0,1318
2025-11-24,SKU0146,747,896,20.0,1318
2025-12-01,SKU0146,1131,1006,20.0,1318
2025-12-08,SKU0146,722,1006,20.0,1318
2025-12-15,SKU0146,518,1006,20.0,1318
2025-12-22,SKU0146,1075,936,20.0,1318
2025-12-29,SKU0146,715,936,20.0,1318
2024-01-01,SKU0147,1102,0,10.0,517
2024-01-08,SKU0147,855,0,10.0,517
2024-01-15,SKU0147,609,0,10.0,517
2024-01-22,SKU0147,362,647,10.0,517
2024-01-29,SKU0147,763,0,10.0,517
2024-02-05,SKU0147,516,634,10.0,517
2024-02-12,SKU0147,270,634,10.0,517
2024-02-19,SKU0147,657,0,10.0,517
2024-02-26,SKU0147,411,634,10.0,517
2024-03-04,SKU0147,798,0,10.0,517
2024-03-11,SKU0147,552,0,10.0,517
2024-03-18,SKU0147,305,634,10.0,517
2024-03-25,SKU0147,692,0,10.0,517
2024-04-01,SKU0147,446,634,10.0,517
2024-04-08,SKU0147,199,634,10.0,517
2024-04-15,SKU0147,587,0,10.0,517
2024-04-22,SKU0147,340,810,10.0,517
2024-04-29,SKU0147,94,810,10.0,517
2024-05-06,SKU0147,657,0,10.0,517
2024-05-13,SKU0147,411,704,10.0,517
2024-05-20,SKU0147,164,704,10.0,517
2024-05-27,SKU0147,622,0,10.0,517
2024-06-03,SKU0147,375,634,10.0,517
2024-06-10,SKU0147,763,0,10.0,517
2024-06-17,SKU0147,516,634,10.0,517
2024-06-24,SKU0147,270,634,10.0,517
2024-07-01,SKU0147,657,0,10.0,517
2024-07-08,SKU0147,411,704,10.0,517
2024-07-15,SKU0147,164,704,10.0,517
2024-07-22,SKU0147,622,0,10.0,517
2024-07-29,SKU0147,375,634,10.0,517
2024-08-05,SKU0147,762,0,10.0,517
2024-08-12,SKU0147,516,634,10.0,517
2024-08-19,SKU0147,269,634,10.0,517
2024-08-26,SKU0147,657,0,10.0,517
2024-09-02,SKU0147,410,634,10.0,517
2024-09-09,SKU0147,798,0,10.0,517
2024-09-16,SKU0147,551,0,10.0,517
2024-09-23,SKU0147,305,634,10.0,517
2024-09-30,SKU0147,692,0,10.0,517
2024-10-07,SKU0147,446,0,10.0,517
2024-10-14,SKU0147,199,775,10.0,517
2024-10-21,SKU0147,728,0,10.0,517
2024-10-28,SKU0147,481,634,10.0,517
2024-11-04,SKU0147,235,634,10.0,517
2024-11-11,SKU0147,622,0,10.0,517
2024-11-18,SKU0147,376,704,10.0,517
2024-11-25,SKU0147,129,704,10.0,517
2024-12-02,SKU0147,587,0,10.0,517
2024-12-09,SKU0147,340,775,10.0,517
2024-12-16,SKU0147,93,775,10.0,517
2024-12-23,SKU0147,622,0,10.0,517
2024-12-30,SKU0147,375,634,10.0,517
2025-01-06,SKU0147,763,0,10.0,517
2025-01-13,SKU0147,516,634,10.0,517
2025-01-20,SKU0147,270,634,10.0,517
2025-01-27,SKU0147,657,0,10.0,517
2025-02-03,SKU0147,411,704,10.0,517
2025-02-10,SKU0147,164,704,10.0,517
2025-02-17,SKU0147,622,0,10.0,517
2025-02-24,SKU0147,375,634,10.0,517
2025-03-03,SKU0147,763,0,10.0,517
2025-03-10,SKU0147,516,634,10.0,517
2025-03-17,SKU0147,270,634,10.0,517
2025-03-24,SKU0147,657,0,10.0,517
2025-03-31,SKU0147,411,634,10.0,517
2025-04-07,SKU0147,798,0,10.0,517
2025-04-14,SKU0147,552,0,10.0,517
2025-04-21,SKU0147,305,634,10.0,517
2025-04-28,SKU0147,693,0,10.0,517
2025-05-05,SKU0147,446,634,10.0,517
2025-05-12,SKU0147,199,634,10.0,517
2025-05-19,SKU0147,587,0,10.0,517
2025-05-26,SKU0147,340,634,10.0,517
2025-06-02,SKU0147,728,0,10.0,517
2025-06-09,SKU0147,481,669,10.0,517
2025-06-16,SKU0147,235,669,10.0,517
2025-06-23,SKU0147,657,0,10.0,517
2025-06-30,SKU0147,411,634,10.0,517
2025-07-07,SKU0147,798,0,10.0,517
2025-07-14,SKU0147,552,0,10.0,517
2025-07-21,SKU0147,305,633,10.0,517
2025-07-28,SKU0147,692,0,10.0,517
2025-08-04,SKU0147,437,674,10.0,517
2025-08-11,SKU0147,123,674,10.0,517
2025-08-18,SKU0147,641,0,10.0,517
2025-08-25,SKU0147,463,636,10.0,517
2025-09-01,SKU0147,292,636,10.0,517
2025-09-08,SKU0147,730,0,10.0,517
2025-09-15,SKU0147,560,0,10.0,517
2025-09-22,SKU0147,407,647,10.0,517
2025-09-29,SKU0147,852,0,10.0,517
2025-10-06,SKU0147,600,0,10.0,517
2025-10-13,SKU0147,380,710,10.0,517
2025-10-20,SKU0147,0,710,10.0,517
2025-10-27,SKU0147,364,657,10.0,517
2025-11-03,SKU0147,793,0,10.0,517
2025-11-10,SKU0147,583,0,10.0,517
2025-11-17,SKU0147,387,638,10.0,517
2025-11-24,SKU0147,769,0,10.0,517
2025-12-01,SKU0147,318,695,10.0,517
2025-12-08,SKU0147,4,695,10.0,517
2025-12-15,SKU0147,470,649,10.0,517
2025-12-22,SKU0147,261,649,10.0,517
2025-12-29,SKU0147,640,0,10.0,517
2024-01-01,SKU0148,1039,0,20.0,1250
2024-01-08,SKU0148,739,1087,20.0,1250
2024-01-15,SKU0148,438,1087,20.0,1250
2024-01-22,SKU0148,1225,858,20.0,1250
2024-01-29,SKU0148,924,858,20.0,1250
2024-02-05,SKU0148,624,858,20.0,1250
2024-02-12,SKU0148,1181,859,20.0,1250
2024-02-19,SKU0148,881,859,20.0,1250
2024-02-26,SKU0148,580,859,20.0,1250
2024-03-04,SKU0148,1139,901,20.0,1250
2024-03-11,SKU0148,838,901,20.0,1250
2024-03-18,SKU0148,538,901,20.0,1250
2024-03-25,SKU0148,1138,859,20.0,1250
2024-04-01,SKU0148,838,859,20.0,1250
2024-04-08,SKU0148,537,859,20.0,1250
2024-04-15,SKU0148,1096,944,20.0,1250
2024-04-22,SKU0148,795,944,20.0,1250
2024-04-29,SKU0148,495,944,20.0,1250
2024-05-06,SKU0148,1155,872,20.0,1250
2024-05-13,SKU0148,850,872,20.0,1250
2024-05-20,SKU0148,590,872,20.0,1250
2024-05-27,SKU0148,1192,869,20.0,1250
2024-06-03,SKU0148,886,869,20.0,1250
2024-06-10,SKU0148,570,869,20.0,1250
2024-06-17,SKU0148,1200,842,20.0,1250
2024-06-24,SKU0148,952,842,20.0,1250
2024-07-01,SKU0148,642,842,20.0,1250
2024-07-08,SKU0148,1233,850,20.0,1250
2024-07-15,SKU0148,998,850,20.0,1250
2024-07-22,SKU0148,710,850,20.0,1250
2024-07-29,SKU0148,1334,0,20.0,1250
2024-08-05,SKU0148,954,885,20.0,1250
2024-08-12,SKU0148,613,885,20.0,1250
2024-08-19,SKU0148,436,885,20.0,1250
2024-08-26,SKU0148,1127,873,20.0,1250
2024-09-02,SKU0148,867,873,20.0,1250
2024-09-09,SKU0148,578,873,20.0,1250
2024-09-16,SKU0148,1230,834,20.0,1250
2024-09-23,SKU0148,1005,834,20.0,1250
2024-09-30,SKU0148,802,834,20.0,1250
2024-10-07,SKU0148,1394,0,20.0,1250
2024-10-14,SKU0148,1120,850,20.0,1250
2024-10-21,SKU0148,598,850,20.0,1250
2024-10-28,SKU0148,226,1742,20.0,1250
2024-11-04,SKU0148,789,892,20.0,1250
2024-11-11,SKU0148,442,892,20.0,1250
2024-11-18,SKU0148,970,853,20.0,1250
2024-11-25,SKU0148,611,853,20.0,1250
2024-12-02,SKU0148,103,1736,20.0,1250
2024-12-09,SKU0148,563,883,20.0,1250
2024-12-16,SKU0148,132,1722,20.0,1250
2024-12-23,SKU0148,474,839,20.0,1250
2024-12-30,SKU0148,81,1699,20.0,1250
2025-01-06,SKU0148,420,860,20.0,1250
2025-01-13,SKU0148,860,867,20.0,1250
2025-01-20,SKU0148,535,867,20.0,1250
2025-01-27,SKU0148,1062,842,20.0,1250
2025-02-03,SKU0148,719,842,20.0,1250
2025-02-10,SKU0148,426,842,20.0,1250
2025-02-17,SKU0148,919,862,20.0,1250
2025-02-24,SKU0148,595,862,20.0,1250
2025-03-03,SKU0148,1200,869,20.0,1250
2025-03-10,SKU0148,980,869,20.0,1250
2025-03-17,SKU0148,759,869,20.0,1250
2025-03-24,SKU0148,1361,0,20.0,1250
2025-03-31,SKU0148,1167,862,20.0,1250
2025-04-07,SKU0148,895,862,20.0,1250
2025-04-14,SKU0148,679,862,20.0,1250
2025-04-21,SKU0148,1291,0,20.0,1250
2025-04-28,SKU0148,1044,866,20.0,1250
2025-05-05,SKU0148,727,866,20.0,1250
2025-05-12,SKU0148,507,866,20.0,1250
2025-05-19,SKU0148,1075,856,20.0,1250
2025-05-26,SKU0148,855,856,20.0,1250
2025-06-02,SKU0148,611,856,20.0,1250
2025-06-09,SKU0148,1202,848,20.0,1250
2025-06-16,SKU0148,946,848,20.0,1250
2025-06-23,SKU0148,757,848,20.0,1250
2025-06-30,SKU0148,1378,0,20.0,1250
2025-07-07,SKU0148,1148,837,20.0,1250
2025-07-14,SKU0148,962,837,20.0,1250
2025-07-21,SKU0148,762,837,20.0,1250
2025-07-28,SKU0148,1419,0,20.0,1250
2025-08-04,SKU0148,1110,843,20.0,1250
2025-08-11,SKU0148,712,843,20.0,1250
2025-08-18,SKU0148,455,843,20.0,1250
2025-08-25,SKU0148,1061,841,20.0,1250
2025-09-01,SKU0148,784,841,20.0,1250
2025-09-08,SKU0148,594,841,20.0,1250
2025-09-15,SKU0148,1185,835,20.0,1250
2025-09-22,SKU0148,978,835,20.0,1250
2025-09-29,SKU0148,718,835,20.0,1250
2025-10-06,SKU0148,1235,848,20.0,1250
2025-10-13,SKU0148,919,848,20.0,1250
2025-10-20,SKU0148,446,848,20.0,1250
2025-10-27,SKU0148,888,951,20.0,1250
2025-11-03,SKU0148,576,951,20.0,1250
2025-11-10,SKU0148,274,1809,20.0,1250
2025-11-17,SKU0148,889,858,20.0,1250
2025-11-24,SKU0148,689,858,20.0,1250
2025-12-01,SKU0148,997,841,20.0,1250
2025-12-08,SKU0148,550,841,20.0,1250
2025-12-15,SKU0148,263,1698,20.0,1250
2025-12-22,SKU0148,790,857,20.0,1250
2025-12-29,SKU0148,420,857,20.0,1250
2024-01-01,SKU0149,282,289,15.0,308
2024-01-08,SKU0149,189,289,15.0,308
2024-01-15,SKU0149,96,289,15.0,308
2024-01-22,SKU0149,292,0,15.0,308
2024-01-29,SKU0149,199,292,15.0,308
2024-02-05,SKU0149,106,292,15.0,308
2024-02-12,SKU0149,305,266,15.0,308
2024-02-19,SKU0149,212,266,15.0,308
2024-02-26,SKU0149,119,266,15.0,308
2024-03-04,SKU0149,292,265,15.0,308
2024-03-11,SKU0149,199,265,15.0,308
2024-03-18,SKU0149,372,0,15.0,308
2024-03-25,SKU0149,279,266,15.0,308
2024-04-01,SKU0149,186,266,15.0,308
2024-04-08,SKU0149,359,0,15.0,308
2024-04-15,SKU0149,266,265,15.0,308
2024-04-22,SKU0149,173,265,15.0,308
2024-04-29,SKU0149,345,0,15.0,308
2024-05-06,SKU0149,252,266,15.0,308
2024-05-13,SKU0149,159,266,15.0,308
2024-05-20,SKU0149,332,0,15.0,308
2024-05-27,SKU0149,239,265,15.0,308
2024-06-03,SKU0149,146,265,15.0,308
2024-06-10,SKU0149,319,0,15.0,308
2024-06-17,SKU0149,226,266,15.0,308
2024-06-24,SKU0149,133,266,15.0,308
2024-07-01,SKU0149,306,0,15.0,308
2024-07-08,SKU0149,213,279,15.0,308
2024-07-15,SKU0149,120,279,15.0,308
2024-07-22,SKU0149,306,0,15.0,308
2024-07-29,SKU0149,213,278,15.0,308
2024-08-05,SKU0149,120,278,15.0,308
2024-08-12,SKU0149,305,266,15.0,308
2024-08-19,SKU0149,212,266,15.0,308
2024-08-26,SKU0149,119,266,15.0,308
2024-09-02,SKU0149,292,279,15.0,308
2024-09-09,SKU0149,200,279,15.0,308
2024-09-16,SKU0149,107,279,15.0,308
2024-09-23,SKU0149,293,265,15.0,308
2024-09-30,SKU0149,200,265,15.0,308
2024-10-07,SKU0149,372,0,15.0,308
2024-10-14,SKU0149,279,266,15.0,308
2024-10-21,SKU0149,186,266,15.0,308
2024-10-28,SKU0149,359,0,15.0,308
2024-11-04,SKU0149,261,270,15.0,308
2024-11-11,SKU0149,169,270,15.0,308
2024-11-18,SKU0149,358,0,15.0,308
2024-11-25,SKU0149,228,301,15.0,308
2024-12-02,SKU0149,46,301,15.0,308
2024-12-09,SKU0149,280,269,15.0,308
2024-12-16,SKU0149,148,269,15.0,308
2024-12-23,SKU0149,253,264,15.0,308
2024-12-30,SKU0149,166,264,15.0,308
2025-01-06,SKU0149,234,274,15.0,308
2025-01-13,SKU0149,83,274,15.0,308
2025-01-20,SKU0149,279,264,15.0,308
2025-01-27,SKU0149,181,264,15.0,308
2025-02-03,SKU0149,363,0,15.0,308
2025-02-10,SKU0149,273,279,15.0,308
2025-02-17,SKU0149,220,279,15.0,308
2025-02-24,SKU0149,393,0,15.0,308
2025-03-03,SKU0149,294,0,15.0,308
2025-03-10,SKU0149,230,283,15.0,308
2025-03-17,SKU0149,125,283,15.0,308
2025-03-24,SKU0149,322,0,15.0,308
2025-03-31,SKU0149,263,273,15.0,308
2025-04-07,SKU0149,193,273,15.0,308
2025-04-14,SKU0149,382,0,15.0,308
2025-04-21,SKU0149,329,0,15.0,308
2025-04-28,SKU0149,233,271,15.0,308
2025-05-05,SKU0149,181,271,15.0,308
2025-05-12,SKU0149,356,0,15.0,308
2025-05-19,SKU0149,279,288,15.0,308
2025-05-26,SKU0149,203,288,15.0,308
2025-06-02,SKU0149,433,0,15.0,308
2025-06-09,SKU0149,336,0,15.0,308
2025-06-16,SKU0149,252,264,15.0,308
2025-06-23,SKU0149,180,264,15.0,308
2025-06-30,SKU0149,375,0,15.0,308
2025-07-07,SKU0149,317,0,15.0,308
2025-07-14,SKU0149,229,283,15.0,308
2025-07-21,SKU0149,172,283,15.0,308
2025-07-28,SKU0149,418,0,15.0,308
2025-08-04,SKU0149,354,0,15.0,308
2025-08-11,SKU0149,234,272,15.0,308
2025-08-18,SKU0149,154,272,15.0,308
2025-08-25,SKU0149,347,0,15.0,308
2025-09-01,SKU0149,268,275,15.0,308
2025-09-08,SKU0149,219,275,15.0,308
2025-09-15,SKU0149,412,0,15.0,308
2025-09-22,SKU0149,334,0,15.0,308
2025-09-29,SKU0149,272,274,15.0,308
2025-10-06,SKU0149,163,274,15.0,308
2025-10-13,SKU0149,333,0,15.0,308
2025-10-20,SKU0149,163,274,15.0,308
2025-10-27,SKU0149,28,274,15.0,308
2025-11-03,SKU0149,207,281,15.0,308
2025-11-10,SKU0149,119,281,15.0,308
2025-11-17,SKU0149,291,277,15.0,308
2025-11-24,SKU0149,206,277,15.0,308
2025-12-01,SKU0149,283,0,15.0,308
2025-12-08,SKU0149,174,339,15.0,308
2025-12-15,SKU0149,101,339,15.0,308
2025-12-22,SKU0149,368,0,15.0,308
2025-12-29,SKU0149,283,267,15.0,308
2024-01-01,SKU0150,317,0,26.0,226
2024-01-08,SKU0150,250,0,26.0,226
2024-01-15,SKU0150,183,136,26.0,226
2024-01-22,SKU0150,116,136,26.0,226
2024-01-29,SKU0150,49,260,26.0,226
2024-02-05,SKU0150,0,260,26.0,226
2024-02-12,SKU0150,79,250,26.0,226
2024-02-19,SKU0150,12,250,26.0,226
2024-02-26,SKU0150,68,251,26.0,226
2024-03-04,SKU0150,1,251,26.0,226
2024-03-11,SKU0150,78,260,26.0,226
2024-03-18,SKU0150,11,260,26.0,226
2024-03-25,SKU0150,69,135,26.0,226
2024-04-01,SKU0150,2,308,26.0,226
2024-04-08,SKU0150,97,173,26.0,226
2024-04-15,SKU0150,30,173,26.0,226
2024-04-22,SKU0150,0,173,26.0,226
2024-04-29,SKU0150,114,0,26.0,226
2024-05-06,SKU0150,61,262,26.0,226
2024-05-13,SKU0150,5,262,26.0,226
2024-05-20,SKU0150,0,262,26.0,226
2024-05-27,SKU0150,250,0,26.0,226
2024-06-03,SKU0150,207,141,26.0,226
2024-06-10,SKU0150,156,141,26.0,226
2024-06-17,SKU0150,98,141,26.0,226
2024-06-24,SKU0150,46,279,26.0,226
2024-07-01,SKU0150,102,138,26.0,226
2024-07-08,SKU0150,67,270,26.0,226
2024-07-15,SKU0150,10,270,26.0,226
2024-07-22,SKU0150,100,132,26.0,226
2024-07-29,SKU0150,17,266,26.0,226
2024-08-05,SKU0150,54,134,26.0,226
2024-08-12,SKU0150,0,319,26.0,226
2024-08-19,SKU0150,132,185,26.0,226
2024-08-26,SKU0150,57,185,26.0,226
2024-09-02,SKU0150,199,124,26.0,226
2024-09-09,SKU0150,155,124,26.0,226
2024-09-16,SKU0150,95,124,26.0,226
2024-09-23,SKU0150,63,257,26.0,226
2024-09-30,SKU0150,132,133,26.0,226
2024-10-07,SKU0150,62,257,26.0,226
2024-10-14,SKU0150,138,124,26.0,226
2024-10-21,SKU0150,9,124,26.0,226
2024-10-28,SKU0150,0,124,26.0,226
2024-11-04,SKU0150,58,224,26.0,226
2024-11-11,SKU0150,0,224,26.0,226
2024-11-18,SKU0150,0,348,26.0,226
2024-11-25,SKU0150,202,124,26.0,226
2024-12-02,SKU0150,117,124,26.0,226
2024-12-09,SKU0150,167,130,26.0,226
2024-12-16,SKU0150,59,130,26.0,226
2024-12-23,SKU0150,0,348,26.0,226
2024-12-30,SKU0150,110,218,26.0,226
2025-01-06,SKU0150,0,218,26.0,226
2025-01-13,SKU0150,0,348,26.0,226
2025-01-20,SKU0150,147,130,26.0,226
2025-01-27,SKU0150,77,265,26.0,226
2025-02-03,SKU0150,153,135,26.0,226
2025-02-10,SKU0150,82,135,26.0,226
2025-02-17,SKU0150,0,278,26.0,226
2025-02-24,SKU0150,88,143,26.0,226
2025-03-03,SKU0150,23,143,26.0,226
2025-03-10,SKU0150,140,208,26.0,226
2025-03-17,SKU0150,90,208,26.0,226
2025-03-24,SKU0150,43,208,26.0,226
2025-03-31,SKU0150,2,346,26.0,226
2025-04-07,SKU0150,185,138,26.0,226
2025-04-14,SKU0150,144,138,26.0,226
2025-04-21,SKU0150,80,138,26.0,226
2025-04-28,SKU0150,163,0,26.0,226
2025-05-05,SKU0150,93,201,26.0,226
2025-05-12,SKU0150,53,201,26.0,226
2025-05-19,SKU0150,5,201,26.0,226
2025-05-26,SKU0150,181,147,26.0,226
2025-06-02,SKU0150,113,147,26.0,226
2025-06-09,SKU0150,49,147,26.0,226
2025-06-16,SKU0150,139,172,26.0,226
2025-06-23,SKU0150,84,172,26.0,226
2025-06-30,SKU0150,30,309,26.0,226
2025-07-07,SKU0150,0,309,26.0,226
2025-07-14,SKU0150,109,137,26.0,226
2025-07-21,SKU0150,39,266,26.0,226
2025-07-28,SKU0150,126,129,26.0,226
2025-08-04,SKU0150,62,279,26.0,226
2025-08-11,SKU0150,108,150,26.0,226
2025-08-18,SKU0150,54,150,26.0,226
2025-08-25,SKU0150,0,308,26.0,226
2025-09-01,SKU0150,110,158,26.0,226
2025-09-08,SKU0150,54,288,26.0,226
2025-09-15,SKU0150,168,130,26.0,226
2025-09-22,SKU0150,97,130,26.0,226
2025-09-29,SKU0150,43,272,26.0,226
2025-10-06,SKU0150,107,142,26.0,226
2025-10-13,SKU0150,48,272,26.0,226
2025-10-20,SKU0150,0,272,26.0,226
2025-10-27,SKU0150,68,270,26.0,226
2025-11-03,SKU0150,10,270,26.0,226
2025-11-10,SKU0150,99,140,26.0,226
2025-11-17,SKU0150,36,274,26.0,226
2025-11-24,SKU0150,76,134,26.0,226
2025-12-01,SKU0150,0,289,26.0,226
2025-12-08,SKU0150,0,289,26.0,226
2025-12-15,SKU0150,48,155,26.0,226
2025-12-22,SKU0150,130,168,26.0,226
2025-12-29,SKU0150,41,168,26.0,226
2024-01-01,SKU0151,191,0,9.0,133
2024-01-08,SKU0151,0,181,9.0,133
2024-01-15,SKU0151,62,191,9.0,133
2024-01-22,SKU0151,161,0,9.0,133
2024-01-29,SKU0151,0,181,9.0,133
2024-02-05,SKU0151,33,191,9.0,133
2024-02-12,SKU0151,132,0,9.0,133
2024-02-19,SKU0151,0,211,9.0,133
2024-02-26,SKU0151,63,191,9.0,133
2024-03-04,SKU0151,161,0,9.0,133
2024-03-11,SKU0151,0,181,9.0,133
2024-03-18,SKU0151,33,251,9.0,133
2024-03-25,SKU0151,0,251,9.0,133
2024-04-01,SKU0151,44,181,9.0,133
2024-04-08,SKU0151,122,0,9.0,133
2024-04-15,SKU0151,0,251,9.0,133
2024-04-22,SKU0151,132,181,9.0,133
2024-04-29,SKU0151,0,181,9.0,133
2024-05-06,SKU0151,3,191,9.0,133
2024-05-13,SKU0151,102,181,9.0,133
2024-05-20,SKU0151,0,181,9.0,133
2024-05-27,SKU0151,0,221,9.0,133
2024-06-03,SKU0151,132,181,9.0,133
2024-06-10,SKU0151,0,181,9.0,133
2024-06-17,SKU0151,3,191,9.0,133
2024-06-24,SKU0151,102,211,9.0,133
2024-07-01,SKU0151,0,211,9.0,133
2024-07-08,SKU0151,33,191,9.0,133
2024-07-15,SKU0151,132,181,9.0,133
2024-07-22,SKU0151,0,181,9.0,133
2024-07-29,SKU0151,3,221,9.0,133
2024-08-05,SKU0151,162,0,9.0,133
2024-08-12,SKU0151,0,181,9.0,133
2024-08-19,SKU0151,33,221,9.0,133
2024-08-26,SKU0151,191,0,9.0,133
2024-09-02,SKU0151,0,181,9.0,133
2024-09-09,SKU0151,62,191,9.0,133
2024-09-16,SKU0151,161,0,9.0,133
2024-09-23,SKU0151,0,181,9.0,133
2024-09-30,SKU0151,33,191,9.0,133
2024-10-07,SKU0151,132,181,9.0,133
2024-10-14,SKU0151,0,181,9.0,133
2024-10-21,SKU0151,3,191,9.0,133
2024-10-28,SKU0151,102,181,9.0,133
2024-11-04,SKU0151,0,181,9.0,133
2024-11-11,SKU0151,0,191,9.0,133
2024-11-18,SKU0151,72,181,9.0,133
2024-11-25,SKU0151,151,0,9.0,133
2024-12-02,SKU0151,0,221,9.0,133
2024-12-09,SKU0151,102,0,9.0,133
2024-12-16,SKU0151,0,240,9.0,133
2024-12-23,SKU0151,0,236,9.0,133
2024-12-30,SKU0151,214,0,9.0,133
2025-01-06,SKU0151,0,271,9.0,133
2025-01-13,SKU0151,232,0,9.0,133
2025-01-20,SKU0151,0,221,9.0,133
2025-01-27,SKU0151,121,192,9.0,133
2025-02-03,SKU0151,0,192,9.0,133
2025-02-10,SKU0151,42,216,9.0,133
2025-02-17,SKU0151,194,0,9.0,133
2025-02-24,SKU0151,30,199,9.0,133
2025-03-03,SKU0151,126,187,9.0,133
2025-03-10,SKU0151,0,187,9.0,133
2025-03-17,SKU0151,25,194,9.0,133
2025-03-24,SKU0151,126,0,9.0,133
2025-03-31,SKU0151,0,203,9.0,133
2025-04-07,SKU0151,107,190,9.0,133
2025-04-14,SKU0151,0,190,9.0,133
2025-04-21,SKU0151,0,210,9.0,133
2025-04-28,SKU0151,146,0,9.0,133
2025-05-05,SKU0151,0,200,9.0,133
2025-05-12,SKU0151,80,186,9.0,133
2025-05-19,SKU0151,168,0,9.0,133
2025-05-26,SKU0151,0,184,9.0,133
2025-06-02,SKU0151,100,202,9.0,133
2025-06-09,SKU0151,0,202,9.0,133
2025-06-16,SKU0151,27,187,9.0,133
2025-06-23,SKU0151,134,0,9.0,133
2025-06-30,SKU0151,0,196,9.0,133
2025-07-07,SKU0151,93,220,9.0,133
2025-07-14,SKU0151,0,220,9.0,133
2025-07-21,SKU0151,89,224,9.0,133
2025-07-28,SKU0151,0,224,9.0,133
2025-08-04,SKU0151,0,291,9.0,133
2025-08-11,SKU0151,0,291,9.0,133
2025-08-18,SKU0151,118,195,9.0,133
2025-08-25,SKU0151,0,195,9.0,133
2025-09-01,SKU0151,61,183,9.0,133
2025-09-08,SKU0151,139,0,9.0,133
2025-09-15,SKU0151,11,207,9.0,133
2025-09-22,SKU0151,80,202,9.0,133
2025-09-29,SKU0151,187,0,9.0,133
2025-10-06,SKU0151,0,215,9.0,133
2025-10-13,SKU0151,111,202,9.0,133
2025-10-20,SKU0151,0,202,9.0,133
2025-10-27,SKU0151,0,207,9.0,133
2025-11-03,SKU0151,111,202,9.0,133
2025-11-10,SKU0151,0,202,9.0,133
2025-11-17,SKU0151,19,186,9.0,133
2025-11-24,SKU0151,115,198,9.0,133
2025-12-01,SKU0151,0,198,9.0,133
2025-12-08,SKU0151,0,216,9.0,133
2025-12-15,SKU0151,153,0,9.0,133
2025-12-22,SKU0151,0,190,9.0,133
2025-12-29,SKU0151,0,266,9.0,133
2024-01-01,SKU0152,186,0,18.0,121
2024-01-08,SKU0152,47,162,18.0,121
2024-01-15,SKU0152,0,162,18.0,121
2024-01-22,SKU0152,0,162,18.0,121
2024-01-29,SKU0152,82,0,18.0,121
2024-02-05,SKU0152,0,186,18.0,121
2024-02-12,SKU0152,0,186,18.0,121
2024-02-19,SKU0152,166,0,18.0,121
2024-02-26,SKU0152,27,162,18.0,121
2024-03-04,SKU0152,0,162,18.0,121
2024-03-11,SKU0152,0,162,18.0,121
2024-03-18,SKU0152,62,0,18.0,121
2024-03-25,SKU0152,0,186,18.0,121
2024-04-01,SKU0152,0,186,18.0,121
2024-04-08,SKU0152,146,0,18.0,121
2024-04-15,SKU0152,7,182,18.0,121
2024-04-22,SKU0152,0,182,18.0,121
2024-04-29,SKU0152,0,182,18.0,121
2024-05-06,SKU0152,82,0,18.0,121
2024-05-13,SKU0152,0,186,18.0,121
2024-05-20,SKU0152,0,186,18.0,121
2024-05-27,SKU0152,166,0,18.0,121
2024-06-03,SKU0152,27,143,18.0,121
2024-06-10,SKU0152,0,143,18.0,121
2024-06-17,SKU0152,0,143,18.0,121
2024-06-24,SKU0152,23,106,18.0,121
2024-07-01,SKU0152,0,209,18.0,121
2024-07-08,SKU0152,86,103,18.0,121
2024-07-15,SKU0152,0,209,18.0,121
2024-07-22,SKU0152,0,106,18.0,121
2024-07-29,SKU0152,0,209,18.0,121
2024-08-05,SKU0152,0,203,18.0,121
2024-08-12,SKU0152,0,203,18.0,121
2024-08-19,SKU0152,9,195,18.0,121
2024-08-26,SKU0152,19,95,18.0,121
2024-09-02,SKU0152,0,208,18.0,121
2024-09-09,SKU0152,19,113,18.0,121
2024-09-16,SKU0152,69,0,18.0,121
2024-09-23,SKU0152,0,153,18.0,121
2024-09-30,SKU0152,0,153,18.0,121
2024-10-07,SKU0152,91,0,18.0,121
2024-10-14,SKU0152,0,152,18.0,121
2024-10-21,SKU0152,0,152,18.0,121
2024-10-28,SKU0152,95,0,18.0,121
2024-11-04,SKU0152,0,189,18.0,121
2024-11-11,SKU0152,0,189,18.0,121
2024-11-18,SKU0152,0,189,18.0,121
2024-11-25,SKU0152,31,178,18.0,121
2024-12-02,SKU0152,0,178,18.0,121
2024-12-09,SKU0152,0,178,18.0,121
2024-12-16,SKU0152,67,103,18.0,121
2024-12-23,SKU0152,0,209,18.0,121
2024-12-30,SKU0152,0,209,18.0,121
2025-01-06,SKU0152,0,209,18.0,121
2025-01-13,SKU0152,0,103,18.0,121
2025-01-20,SKU0152,0,209,18.0,121
2025-01-27,SKU0152,0,209,18.0,121
2025-02-03,SKU0152,0,209,18.0,121
2025-02-10,SKU0152,0,209,18.0,121
2025-02-17,SKU0152,21,106,18.0,121
2025-02-24,SKU0152,0,209,18.0,121
2025-03-03,SKU0152,14,103,18.0,121
2025-03-10,SKU0152,71,106,18.0,121
2025-03-17,SKU0152,0,209,18.0,121
2025-03-24,SKU0152,66,103,18.0,121
2025-03-31,SKU0152,0,209,18.0,121
2025-04-07,SKU0152,3,106,18.0,121
2025-04-14,SKU0152,0,209,18.0,121
2025-04-21,SKU0152,0,103,18.0,121
2025-04-28,SKU0152,60,106,18.0,121
2025-05-05,SKU0152,0,209,18.0,121
2025-05-12,SKU0152,0,209,18.0,121
2025-05-19,SKU0152,0,209,18.0,121
2025-05-26,SKU0152,43,106,18.0,121
2025-06-02,SKU0152,0,206,18.0,121
2025-06-09,SKU0152,29,100,18.0,121
2025-06-16,SKU0152,58,93,18.0,121
2025-06-23,SKU0152,0,209,18.0,121
2025-06-30,SKU0152,36,116,18.0,121
2025-07-07,SKU0152,0,209,18.0,121
2025-07-14,SKU0152,61,93,18.0,121
2025-07-21,SKU0152,0,199,18.0,121
2025-07-28,SKU0152,0,209,18.0,121
2025-08-04,SKU0152,0,209,18.0,121
2025-08-11,SKU0152,0,209,18.0,121
2025-08-18,SKU0152,9,200,18.0,121
2025-08-25,SKU0152,0,200,18.0,121
2025-09-01,SKU0152,26,94,18.0,121
2025-09-08,SKU0152,10,106,18.0,121
2025-09-15,SKU0152,0,209,18.0,121
2025-09-22,SKU0152,55,103,18.0,121
2025-09-29,SKU0152,93,0,18.0,121
2025-10-06,SKU0152,0,130,18.0,121
2025-10-13,SKU0152,0,130,18.0,121
2025-10-20,SKU0152,0,166,18.0,121
2025-10-27,SKU0152,0,166,18.0,121
2025-11-03,SKU0152,0,166,18.0,121
2025-11-10,SKU0152,84,0,18.0,121
2025-11-17,SKU0152,0,142,18.0,121
2025-11-24,SKU0152,0,142,18.0,121
2025-12-01,SKU0152,31,0,18.0,121
2025-12-08,SKU0152,0,209,18.0,121
2025-12-15,SKU0152,0,209,18.0,121
2025-12-22,SKU0152,136,0,18.0,121
2025-12-29,SKU0152,1,0,18.0,121
2024-01-01,SKU0153,204,154,20.0,215
2024-01-08,SKU0153,105,154,20.0,215
2024-01-15,SKU0153,6,310,20.0,215
2024-01-22,SKU0153,126,156,20.0,215
2024-01-29,SKU0153,27,303,20.0,215
2024-02-05,SKU0153,85,147,20.0,215
2024-02-12,SKU0153,0,343,20.0,215
2024-02-19,SKU0153,90,196,20.0,215
2024-02-26,SKU0153,0,196,20.0,215
2024-03-04,SKU0153,139,162,20.0,215
2024-03-11,SKU0153,40,162,20.0,215
2024-03-18,SKU0153,0,162,20.0,215
2024-03-25,SKU0153,63,238,20.0,215
2024-04-01,SKU0153,0,238,20.0,215
2024-04-08,SKU0153,0,238,20.0,215
2024-04-15,SKU0153,153,148,20.0,215
2024-04-22,SKU0153,54,148,20.0,215
2024-04-29,SKU0153,0,332,20.0,215
2024-05-06,SKU0153,63,184,20.0,215
2024-05-13,SKU0153,0,337,20.0,215
2024-05-20,SKU0153,85,153,20.0,215
2024-05-27,SKU0153,0,330,20.0,215
2024-06-03,SKU0153,68,177,20.0,215
2024-06-10,SKU0153,0,332,20.0,215
2024-06-17,SKU0153,106,155,20.0,215
2024-06-24,SKU0153,7,351,20.0,215
2024-07-01,SKU0153,70,196,20.0,215
2024-07-08,SKU0153,0,358,20.0,215
2024-07-15,SKU0153,168,162,20.0,215
2024-07-22,SKU0153,69,162,20.0,215
2024-07-29,SKU0153,132,156,20.0,215
2024-08-05,SKU0153,33,156,20.0,215
2024-08-12,SKU0153,0,339,20.0,215
2024-08-19,SKU0153,57,183,20.0,215
2024-08-26,SKU0153,169,175,20.0,215
2024-09-02,SKU0153,70,175,20.0,215
2024-09-09,SKU0153,0,358,20.0,215
2024-09-16,SKU0153,133,183,20.0,215
2024-09-23,SKU0153,34,183,20.0,215
2024-09-30,SKU0153,141,175,20.0,215
2024-10-07,SKU0153,42,175,20.0,215
2024-10-14,SKU0153,0,331,20.0,215
2024-10-21,SKU0153,104,156,20.0,215
2024-10-28,SKU0153,161,0,20.0,215
2024-11-04,SKU0153,62,253,20.0,215
2024-11-11,SKU0153,0,253,20.0,215
2024-11-18,SKU0153,0,253,20.0,215
2024-11-25,SKU0153,182,162,20.0,215
2024-12-02,SKU0153,83,162,20.0,215
2024-12-09,SKU0153,0,331,20.0,215
2024-12-16,SKU0153,120,169,20.0,215
2024-12-23,SKU0153,21,337,20.0,215
2024-12-30,SKU0153,98,168,20.0,215
2025-01-06,SKU0153,0,330,20.0,215
2025-01-13,SKU0153,140,162,20.0,215
2025-01-20,SKU0153,41,162,20.0,215
2025-01-27,SKU0153,105,210,20.0,215
2025-02-03,SKU0153,6,210,20.0,215
2025-02-10,SKU0153,0,358,20.0,215
2025-02-17,SKU0153,139,148,20.0,215
2025-02-24,SKU0153,40,318,20.0,215
2025-03-03,SKU0153,89,170,20.0,215
2025-03-10,SKU0153,0,354,20.0,215
2025-03-17,SKU0153,142,184,20.0,215
2025-03-24,SKU0153,43,184,20.0,215
2025-03-31,SKU0153,142,0,20.0,215
2025-04-07,SKU0153,43,231,20.0,215
2025-04-14,SKU0153,0,231,20.0,215
2025-04-21,SKU0153,217,0,20.0,215
2025-04-28,SKU0153,118,155,20.0,215
2025-05-05,SKU0153,19,155,20.0,215
2025-05-12,SKU0153,141,203,20.0,215
2025-05-19,SKU0153,42,203,20.0,215
2025-05-26,SKU0153,0,358,20.0,215
2025-06-02,SKU0153,146,155,20.0,215
2025-06-09,SKU0153,47,155,20.0,215
2025-06-16,SKU0153,103,212,20.0,215
2025-06-23,SKU0153,4,212,20.0,215
2025-06-30,SKU0153,0,358,20.0,215
2025-07-07,SKU0153,141,146,20.0,215
2025-07-14,SKU0153,42,146,20.0,215
2025-07-21,SKU0153,89,198,20.0,215
2025-07-28,SKU0153,0,198,20.0,215
2025-08-04,SKU0153,0,358,20.0,215
2025-08-11,SKU0153,99,160,20.0,215
2025-08-18,SKU0153,0,160,20.0,215
2025-08-25,SKU0153,89,212,20.0,215
2025-09-01,SKU0153,0,358,20.0,215
2025-09-08,SKU0153,0,358,20.0,215
2025-09-15,SKU0153,127,146,20.0,215
2025-09-22,SKU0153,174,156,20.0,215
2025-09-29,SKU0153,75,156,20.0,215
2025-10-06,SKU0153,0,358,20.0,215
2025-10-13,SKU0153,100,202,20.0,215
2025-10-20,SKU0153,0,202,20.0,215
2025-10-27,SKU0153,156,156,20.0,215
2025-11-03,SKU0153,72,156,20.0,215
2025-11-10,SKU0153,0,322,20.0,215
2025-11-17,SKU0153,78,166,20.0,215
2025-11-24,SKU0153,10,318,20.0,215
2025-12-01,SKU0153,36,322,20.0,215
2025-12-08,SKU0153,0,322,20.0,215
2025-12-15,SKU0153,70,170,20.0,215
2025-12-22,SKU0153,155,154,20.0,215
2025-12-29,SKU0153,61,154,20.0,215
2024-01-01,SKU0154,830,0,11.0,655
2024-01-08,SKU0154,562,751,11.0,655
2024-01-15,SKU0154,295,751,11.0,655
2024-01-22,SKU0154,778,0,11.0,655
2024-01-29,SKU0154,510,765,11.0,655
2024-02-05,SKU0154,243,765,11.0,655
2024-02-12,SKU0154,740,0,11.0,655
2024-02-19,SKU0154,473,764,11.0,655
2024-02-26,SKU0154,969,0,11.0,655
2024-03-04,SKU0154,702,0,11.0,655
2024-03-11,SKU0154,434,765,11.0,655
2024-03-18,SKU0154,931,0,11.0,655
2024-03-25,SKU0154,664,0,11.0,655
2024-04-01,SKU0154,396,764,11.0,655
2024-04-08,SKU0154,893,0,11.0,655
2024-04-15,SKU0154,625,765,11.0,655
2024-04-22,SKU0154,357,765,11.0,655
2024-04-29,SKU0154,855,0,11.0,655
2024-05-06,SKU0154,587,764,11.0,655
2024-05-13,SKU0154,320,764,11.0,655
2024-05-20,SKU0154,816,0,11.0,655
2024-05-27,SKU0154,549,765,11.0,655
2024-06-03,SKU0154,281,765,11.0,655
2024-06-10,SKU0154,778,0,11.0,655
2024-06-17,SKU0154,511,764,11.0,655
2024-06-24,SKU0154,243,764,11.0,655
2024-07-01,SKU0154,740,0,11.0,655
2024-07-08,SKU0154,472,765,11.0,655
2024-07-15,SKU0154,969,0,11.0,655
2024-07-22,SKU0154,702,0,11.0,655
2024-07-29,SKU0154,434,765,11.0,655
2024-08-05,SKU0154,932,0,11.0,655
2024-08-12,SKU0154,664,0,11.0,655
2024-08-19,SKU0154,397,764,11.0,655
2024-08-26,SKU0154,893,0,11.0,655
2024-09-02,SKU0154,625,765,11.0,655
2024-09-09,SKU0154,358,765,11.0,655
2024-09-16,SKU0154,855,0,11.0,655
2024-09-23,SKU0154,588,764,11.0,655
2024-09-30,SKU0154,320,764,11.0,655
2024-10-07,SKU0154,817,0,11.0,655
2024-10-14,SKU0154,549,765,11.0,655
2024-10-21,SKU0154,281,765,11.0,655
2024-10-28,SKU0154,779,0,11.0,655
2024-11-04,SKU0154,511,764,11.0,655
2024-11-11,SKU0154,244,764,11.0,655
2024-11-18,SKU0154,740,0,11.0,655
2024-11-25,SKU0154,472,765,11.0,655
2024-12-02,SKU0154,970,0,11.0,655
2024-12-09,SKU0154,702,0,11.0,655
2024-12-16,SKU0154,435,764,11.0,655
2024-12-23,SKU0154,931,0,11.0,655
2024-12-30,SKU0154,664,0,11.0,655
2025-01-06,SKU0154,209,765,11.0,655
2025-01-13,SKU0154,609,737,11.0,655
2025-01-20,SKU0154,312,737,11.0,655
2025-01-27,SKU0154,786,0,11.0,655
2025-02-03,SKU0154,535,776,11.0,655
2025-02-10,SKU0154,199,776,11.0,655
2025-02-17,SKU0154,663,0,11.0,655
2025-02-24,SKU0154,385,773,11.0,655
2025-03-03,SKU0154,860,0,11.0,655
2025-03-10,SKU0154,670,0,11.0,655
2025-03-17,SKU0154,445,744,11.0,655
2025-03-24,SKU0154,988,0,11.0,655
2025-03-31,SKU0154,730,0,11.0,655
2025-04-07,SKU0154,577,798,11.0,655
2025-04-14,SKU0154,369,798,11.0,655
2025-04-21,SKU0154,963,0,11.0,655
2025-04-28,SKU0154,745,0,11.0,655
2025-05-05,SKU0154,496,740,11.0,655
2025-05-12,SKU0154,1000,0,11.0,655
2025-05-19,SKU0154,816,0,11.0,655
2025-05-26,SKU0154,556,746,11.0,655
2025-06-02,SKU0154,313,746,11.0,655
2025-06-09,SKU0154,871,0,11.0,655
2025-06-16,SKU0154,612,778,11.0,655
2025-06-23,SKU0154,376,778,11.0,655
2025-06-30,SKU0154,930,0,11.0,655
2025-07-07,SKU0154,709,0,11.0,655
2025-07-14,SKU0154,519,770,11.0,655
2025-07-21,SKU0154,247,770,11.0,655
2025-07-28,SKU0154,809,0,11.0,655
2025-08-04,SKU0154,447,802,11.0,655
2025-08-11,SKU0154,105,802,11.0,655
2025-08-18,SKU0154,694,0,11.0,655
2025-08-25,SKU0154,484,737,11.0,655
2025-09-01,SKU0154,1075,0,11.0,655
2025-09-08,SKU0154,880,0,11.0,655
2025-09-15,SKU0154,675,0,11.0,655
2025-09-22,SKU0154,447,741,11.0,655
2025-09-29,SKU0154,928,0,11.0,655
2025-10-06,SKU0154,710,0,11.0,655
2025-10-13,SKU0154,400,811,11.0,655
2025-10-20,SKU0154,726,0,11.0,655
2025-10-27,SKU0154,342,746,11.0,655
2025-11-03,SKU0154,819,0,11.0,655
2025-11-10,SKU0154,498,756,11.0,655
2025-11-17,SKU0154,225,756,11.0,655
2025-11-24,SKU0154,803,0,11.0,655
2025-12-01,SKU0154,319,786,11.0,655
2025-12-08,SKU0154,727,0,11.0,655
2025-12-15,SKU0154,423,797,11.0,655
2025-12-22,SKU0154,949,0,11.0,655
2025-12-29,SKU0154,712,0,11.0,655
2024-01-01,SKU0155,386,0,12.0,327
2024-01-08,SKU0155,7,444,12.0,327
2024-01-15,SKU0155,0,444,12.0,327
2024-01-22,SKU0155,65,602,12.0,327
2024-01-29,SKU0155,0,602,12.0,327
2024-02-05,SKU0155,439,0,12.0,327
2024-02-12,SKU0155,60,444,12.0,327
2024-02-19,SKU0155,0,444,12.0,327
2024-02-26,SKU0155,119,0,12.0,327
2024-03-04,SKU0155,0,667,12.0,327
2024-03-11,SKU0155,0,667,12.0,327
2024-03-18,SKU0155,288,0,12.0,327
2024-03-25,SKU0155,0,488,12.0,327
2024-04-01,SKU0155,434,0,12.0,327
2024-04-08,SKU0155,55,342,12.0,327
2024-04-15,SKU0155,288,0,12.0,327
2024-04-22,SKU0155,0,596,12.0,327
2024-04-29,SKU0155,0,596,12.0,327
2024-05-06,SKU0155,271,0,12.0,327
2024-05-13,SKU0155,0,450,12.0,327
2024-05-20,SKU0155,342,0,12.0,327
2024-05-27,SKU0155,0,434,12.0,327
2024-06-03,SKU0155,380,0,12.0,327
2024-06-10,SKU0155,1,504,12.0,327
2024-06-17,SKU0155,0,504,12.0,327
2024-06-24,SKU0155,179,434,12.0,327
2024-07-01,SKU0155,0,434,12.0,327
2024-07-08,SKU0155,217,450,12.0,327
2024-07-15,SKU0155,0,450,12.0,327
2024-07-22,SKU0155,287,380,12.0,327
2024-07-29,SKU0155,0,380,12.0,327
2024-08-05,SKU0155,217,341,12.0,327
2024-08-12,SKU0155,0,341,12.0,327
2024-08-19,SKU0155,70,380,12.0,327
2024-08-26,SKU0155,0,380,12.0,327
2024-09-02,SKU0155,1,395,12.0,327
2024-09-09,SKU0155,341,0,12.0,327
2024-09-16,SKU0155,0,435,12.0,327
2024-09-23,SKU0155,381,0,12.0,327
2024-09-30,SKU0155,2,340,12.0,327
2024-10-07,SKU0155,232,381,12.0,327
2024-10-14,SKU0155,0,381,12.0,327
2024-10-21,SKU0155,164,394,12.0,327
2024-10-28,SKU0155,0,394,12.0,327
2024-11-04,SKU0155,123,436,12.0,327
2024-11-11,SKU0155,0,436,12.0,327
2024-11-18,SKU0155,165,394,12.0,327
2024-11-25,SKU0155,0,394,12.0,327
2024-12-02,SKU0155,123,436,12.0,327
2024-12-09,SKU0155,0,436,12.0,327
2024-12-16,SKU0155,165,0,12.0,327
2024-12-23,SKU0155,0,556,12.0,327
2024-12-30,SKU0155,448,0,12.0,327
2025-01-06,SKU0155,68,544,12.0,327
2025-01-13,SKU0155,0,544,12.0,327
2025-01-20,SKU0155,327,0,12.0,327
2025-01-27,SKU0155,0,394,12.0,327
2025-02-03,SKU0155,286,381,12.0,327
2025-02-10,SKU0155,0,381,12.0,327
2025-02-17,SKU0155,218,394,12.0,327
2025-02-24,SKU0155,0,394,12.0,327
2025-03-03,SKU0155,177,381,12.0,327
2025-03-10,SKU0155,0,381,12.0,327
2025-03-17,SKU0155,110,0,12.0,327
2025-03-24,SKU0155,0,611,12.0,327
2025-03-31,SKU0155,503,0,12.0,327
2025-04-07,SKU0155,123,0,12.0,327
2025-04-14,SKU0155,0,667,12.0,327
2025-04-21,SKU0155,0,667,12.0,327
2025-04-28,SKU0155,288,0,12.0,327
2025-05-05,SKU0155,0,650,12.0,327
2025-05-12,SKU0155,0,650,12.0,327
2025-05-19,SKU0155,379,0,12.0,327
2025-05-26,SKU0155,0,450,12.0,327
2025-06-02,SKU0155,0,450,12.0,327
2025-06-09,SKU0155,71,542,12.0,327
2025-06-16,SKU0155,0,542,12.0,327
2025-06-23,SKU0155,325,342,12.0,327
2025-06-30,SKU0155,0,342,12.0,327
2025-07-07,SKU0155,179,433,12.0,327
2025-07-14,SKU0155,0,433,12.0,327
2025-07-21,SKU0155,216,0,12.0,327
2025-07-28,SKU0155,0,559,12.0,327
2025-08-04,SKU0155,505,0,12.0,327
2025-08-11,SKU0155,126,379,12.0,327
2025-08-18,SKU0155,0,379,12.0,327
2025-08-25,SKU0155,54,451,12.0,327
2025-09-01,SKU0155,0,451,12.0,327
2025-09-08,SKU0155,126,379,12.0,327
2025-09-15,SKU0155,0,379,12.0,327
2025-09-22,SKU0155,54,342,12.0,327
2025-09-29,SKU0155,288,379,12.0,327
2025-10-06,SKU0155,0,379,12.0,327
2025-10-13,SKU0155,261,0,12.0,327
2025-10-20,SKU0155,0,439,12.0,327
2025-10-27,SKU0155,372,0,12.0,327
2025-11-03,SKU0155,95,395,12.0,327
2025-11-10,SKU0155,0,395,12.0,327
2025-11-17,SKU0155,94,428,12.0,327
2025-11-24,SKU0155,0,428,12.0,327
2025-12-01,SKU0155,0,402,12.0,327
2025-12-08,SKU0155,0,402,12.0,327
2025-12-15,SKU0155,57,367,12.0,327
2025-12-22,SKU0155,330,0,12.0,327
2025-12-29,SKU0155,44,515,12.0,327
2024-01-01,SKU0156,174,0,21.0,157
2024-01-08,SKU0156,109,112,21.0,157
2024-01-15,SKU0156,44,214,21.0,157
2024-01-22,SKU0156,0,214,21.0,157
2024-01-29,SKU0156,66,102,21.0,157
2024-02-05,SKU0156,103,109,21.0,157
2024-02-12,SKU0156,39,210,21.0,157
2024-02-19,SKU0156,0,210,21.0,157
2024-02-26,SKU0156,54,101,21.0,157
2024-03-04,SKU0156,90,122,21.0,157
2024-03-11,SKU0156,25,122,21.0,157
2024-03-18,SKU0156,0,242,21.0,157
2024-03-25,SKU0156,67,120,21.0,157
2024-04-01,SKU0156,2,228,21.0,157
2024-04-08,SKU0156,57,108,21.0,157
2024-04-15,SKU0156,0,210,21.0,157
2024-04-22,SKU0156,71,102,21.0,157
2024-04-29,SKU0156,6,215,21.0,157
2024-05-06,SKU0156,44,214,21.0,157
2024-05-13,SKU0156,0,214,21.0,157
2024-05-20,SKU0156,67,101,21.0,157
2024-05-27,SKU0156,103,146,21.0,157
2024-06-03,SKU0156,39,146,21.0,157
2024-06-10,SKU0156,0,146,21.0,157
2024-06-17,SKU0156,128,112,21.0,157
2024-06-24,SKU0156,63,112,21.0,157
2024-07-01,SKU0156,0,214,21.0,157
2024-07-08,SKU0156,47,102,21.0,157
2024-07-15,SKU0156,0,220,21.0,157
2024-07-22,SKU0156,47,118,21.0,157
2024-07-29,SKU0156,0,221,21.0,157
2024-08-05,SKU0156,53,103,21.0,157
2024-08-12,SKU0156,0,232,21.0,157
2024-08-19,SKU0156,38,129,21.0,157
2024-08-26,SKU0156,0,238,21.0,157
2024-09-02,SKU0156,83,109,21.0,157
2024-09-09,SKU0156,18,221,21.0,157
2024-09-16,SKU0156,63,112,21.0,157
2024-09-23,SKU0156,0,223,21.0,157
2024-09-30,SKU0156,84,111,21.0,157
2024-10-07,SKU0156,20,220,21.0,157
2024-10-14,SKU0156,66,109,21.0,157
2024-10-21,SKU0156,1,210,21.0,157
2024-10-28,SKU0156,81,101,21.0,157
2024-11-04,SKU0156,17,214,21.0,157
2024-11-11,SKU0156,53,113,21.0,157
2024-11-18,SKU0156,0,214,21.0,157
2024-11-25,SKU0156,76,101,21.0,157
2024-12-02,SKU0156,11,237,21.0,157
2024-12-09,SKU0156,48,136,21.0,157
2024-12-16,SKU0156,0,238,21.0,157
2024-12-23,SKU0156,118,102,21.0,157
2024-12-30,SKU0156,53,205,21.0,157
2025-01-06,SKU0156,90,103,21.0,157
2025-01-13,SKU0156,26,205,21.0,157
2025-01-20,SKU0156,94,102,21.0,157
2025-01-27,SKU0156,29,210,21.0,157
2025-02-03,SKU0156,66,108,21.0,157
2025-02-10,SKU0156,2,210,21.0,157
2025-02-17,SKU0156,80,102,21.0,157
2025-02-24,SKU0156,16,215,21.0,157
2025-03-03,SKU0156,53,113,21.0,157
2025-03-10,SKU0156,0,223,21.0,157
2025-03-17,SKU0156,76,110,21.0,157
2025-03-24,SKU0156,11,247,21.0,157
2025-03-31,SKU0156,57,137,21.0,157
2025-04-07,SKU0156,0,238,21.0,157
2025-04-14,SKU0156,128,101,21.0,157
2025-04-21,SKU0156,63,101,21.0,157
2025-04-28,SKU0156,99,103,21.0,157
2025-05-05,SKU0156,35,205,21.0,157
2025-05-12,SKU0156,0,205,21.0,157
2025-05-19,SKU0156,38,210,21.0,157
2025-05-26,SKU0156,76,108,21.0,157
2025-06-02,SKU0156,11,219,21.0,157
2025-06-09,SKU0156,90,111,21.0,157
2025-06-16,SKU0156,25,111,21.0,157
2025-06-23,SKU0156,74,141,21.0,157
2025-06-30,SKU0156,9,141,21.0,157
2025-07-07,SKU0156,0,258,21.0,157
2025-07-14,SKU0156,86,117,21.0,157
2025-07-21,SKU0156,21,219,21.0,157
2025-07-28,SKU0156,73,102,21.0,157
2025-08-04,SKU0156,9,212,21.0,157
2025-08-11,SKU0156,74,110,21.0,157
2025-08-18,SKU0156,10,211,21.0,157
2025-08-25,SKU0156,64,101,21.0,157
2025-09-01,SKU0156,0,213,21.0,157
2025-09-08,SKU0156,55,112,21.0,157
2025-09-15,SKU0156,0,222,21.0,157
2025-09-22,SKU0156,57,110,21.0,157
2025-09-29,SKU0156,0,229,21.0,157
2025-10-06,SKU0156,55,119,21.0,157
2025-10-13,SKU0156,0,250,21.0,157
2025-10-20,SKU0156,73,131,21.0,157
2025-10-27,SKU0156,8,241,21.0,157
2025-11-03,SKU0156,103,110,21.0,157
2025-11-10,SKU0156,39,219,21.0,157
2025-11-17,SKU0156,92,109,21.0,157
2025-11-24,SKU0156,27,231,21.0,157
2025-12-01,SKU0156,92,122,21.0,157
2025-12-08,SKU0156,25,227,21.0,157
2025-12-15,SKU0156,112,105,21.0,157
2025-12-22,SKU0156,59,105,21.0,157
2025-12-29,SKU0156,107,106,21.0,157
2024-01-01,SKU0157,156,0,15.0,173
2024-01-08,SKU0157,38,215,15.0,173
2024-01-15,SKU0157,0,215,15.0,173
2024-01-22,SKU0157,147,0,15.0,173
2024-01-29,SKU0157,29,207,15.0,173
2024-02-05,SKU0157,0,207,15.0,173
2024-02-12,SKU0157,122,181,15.0,173
2024-02-19,SKU0157,4,181,15.0,173
2024-02-26,SKU0157,164,0,15.0,173
2024-03-04,SKU0157,46,258,15.0,173
2024-03-11,SKU0157,0,258,15.0,173
2024-03-18,SKU0157,241,0,15.0,173
2024-03-25,SKU0157,123,0,15.0,173
2024-04-01,SKU0157,4,214,15.0,173
2024-04-08,SKU0157,0,214,15.0,173
2024-04-15,SKU0157,112,191,15.0,173
2024-04-22,SKU0157,0,191,15.0,173
2024-04-29,SKU0157,174,0,15.0,173
2024-05-06,SKU0157,56,0,15.0,173
2024-05-13,SKU0157,0,0,15.0,173
2024-05-20,SKU0157,0,320,15.0,173
2024-05-27,SKU0157,0,320,15.0,173
2024-06-03,SKU0157,252,0,15.0,173
2024-06-10,SKU0157,134,0,15.0,173
2024-06-17,SKU0157,15,0,15.0,173
2024-06-24,SKU0157,0,320,15.0,173
2024-07-01,SKU0157,0,320,15.0,173
2024-07-08,SKU0157,235,0,15.0,173
2024-07-15,SKU0157,117,152,15.0,173
2024-07-22,SKU0157,0,305,15.0,173
2024-07-29,SKU0157,101,153,15.0,173
2024-08-05,SKU0157,136,167,15.0,173
2024-08-12,SKU0157,18,167,15.0,173
2024-08-19,SKU0157,150,153,15.0,173
2024-08-26,SKU0157,74,153,15.0,173
2024-09-02,SKU0157,131,150,15.0,173
2024-09-09,SKU0157,31,150,15.0,173
2024-09-16,SKU0157,113,154,15.0,173
2024-09-23,SKU0157,28,154,15.0,173
2024-09-30,SKU0157,108,151,15.0,173
2024-10-07,SKU0157,0,318,15.0,173
2024-10-14,SKU0157,55,167,15.0,173
2024-10-21,SKU0157,141,0,15.0,173
2024-10-28,SKU0157,5,205,15.0,173
2024-11-04,SKU0157,0,205,15.0,173
2024-11-11,SKU0157,120,188,15.0,173
2024-11-18,SKU0157,0,188,15.0,173
2024-11-25,SKU0157,152,0,15.0,173
2024-12-02,SKU0157,0,263,15.0,173
2024-12-09,SKU0157,0,263,15.0,173
2024-12-16,SKU0157,163,0,15.0,173
2024-12-23,SKU0157,0,320,15.0,173
2024-12-30,SKU0157,0,320,15.0,173
2025-01-06,SKU0157,295,0,15.0,173
2025-01-13,SKU0157,132,149,15.0,173
2025-01-20,SKU0157,0,149,15.0,173
2025-01-27,SKU0157,101,0,15.0,173
2025-02-03,SKU0157,0,286,15.0,173
2025-02-10,SKU0157,0,286,15.0,173
2025-02-17,SKU0157,235,0,15.0,173
2025-02-24,SKU0157,98,222,15.0,173
2025-03-03,SKU0157,0,222,15.0,173
2025-03-10,SKU0157,0,222,15.0,173
2025-03-17,SKU0157,119,0,15.0,173
2025-03-24,SKU0157,40,0,15.0,173
2025-03-31,SKU0157,0,304,15.0,173
2025-04-07,SKU0157,0,304,15.0,173
2025-04-14,SKU0157,251,0,15.0,173
2025-04-21,SKU0157,145,175,15.0,173
2025-04-28,SKU0157,42,175,15.0,173
2025-05-05,SKU0157,0,175,15.0,173
2025-05-12,SKU0157,89,183,15.0,173
2025-05-19,SKU0157,0,183,15.0,173
2025-05-26,SKU0157,123,179,15.0,173
2025-06-02,SKU0157,22,179,15.0,173
2025-06-09,SKU0157,161,0,15.0,173
2025-06-16,SKU0157,78,196,15.0,173
2025-06-23,SKU0157,0,196,15.0,173
2025-06-30,SKU0157,130,0,15.0,173
2025-07-07,SKU0157,45,224,15.0,173
2025-07-14,SKU0157,0,224,15.0,173
2025-07-21,SKU0157,181,0,15.0,173
2025-07-28,SKU0157,84,152,15.0,173
2025-08-04,SKU0157,0,152,15.0,173
2025-08-11,SKU0157,9,168,15.0,173
2025-08-18,SKU0157,0,168,15.0,173
2025-08-25,SKU0157,102,152,15.0,173
2025-09-01,SKU0157,12,152,15.0,173
2025-09-08,SKU0157,65,186,15.0,173
2025-09-15,SKU0157,0,186,15.0,173
2025-09-22,SKU0157,132,151,15.0,173
2025-09-29,SKU0157,31,151,15.0,173
2025-10-06,SKU0157,83,237,15.0,173
2025-10-13,SKU0157,0,237,15.0,173
2025-10-20,SKU0157,0,237,15.0,173
2025-10-27,SKU0157,76,228,15.0,173
2025-11-03,SKU0157,0,228,15.0,173
2025-11-10,SKU0157,205,0,15.0,173
2025-11-17,SKU0157,103,217,15.0,173
2025-11-24,SKU0157,0,217,15.0,173
2025-12-01,SKU0157,0,217,15.0,173
2025-12-08,SKU0157,51,217,15.0,173
2025-12-15,SKU0157,0,217,15.0,173
2025-12-22,SKU0157,153,167,15.0,173
2025-12-29,SKU0157,18,167,15.0,173
2024-01-01,SKU0158,1101,0,11.0,557
2024-01-08,SKU0158,808,0,11.0,557
2024-01-15,SKU0158,515,0,11.0,557
2024-01-22,SKU0158,222,750,11.0,557
2024-01-29,SKU0158,679,0,11.0,557
2024-02-05,SKU0158,386,753,11.0,557
2024-02-12,SKU0158,93,753,11.0,557
2024-02-19,SKU0158,553,0,11.0,557
2024-02-26,SKU0158,260,0,11.0,557
2024-03-04,SKU0158,0,963,11.0,557
2024-03-11,SKU0158,837,0,11.0,557
2024-03-18,SKU0158,544,0,11.0,557
2024-03-25,SKU0158,251,0,11.0,557
2024-04-01,SKU0158,0,1181,11.0,557
2024-04-08,SKU0158,0,1181,11.0,557
2024-04-15,SKU0158,1014,0,11.0,557
2024-04-22,SKU0158,721,0,11.0,557
2024-04-29,SKU0158,428,628,11.0,557
2024-05-06,SKU0158,135,628,11.0,557
2024-05-13,SKU0158,470,0,11.0,557
2024-05-20,SKU0158,177,753,11.0,557
2024-05-27,SKU0158,637,0,11.0,557
2024-06-03,SKU0158,344,712,11.0,557
2024-06-10,SKU0158,51,712,11.0,557
2024-06-17,SKU0158,470,670,11.0,557
2024-06-24,SKU0158,176,670,11.0,557
2024-07-01,SKU0158,553,0,11.0,557
2024-07-08,SKU0158,260,879,11.0,557
2024-07-15,SKU0158,0,879,11.0,557
2024-07-22,SKU0158,670,0,11.0,557
2024-07-29,SKU0158,377,637,11.0,557
2024-08-05,SKU0158,721,0,11.0,557
2024-08-12,SKU0158,428,0,11.0,557
2024-08-19,SKU0158,135,795,11.0,557
2024-08-26,SKU0158,669,0,11.0,557
2024-09-02,SKU0158,376,763,11.0,557
2024-09-09,SKU0158,83,763,11.0,557
2024-09-16,SKU0158,554,0,11.0,557
2024-09-23,SKU0158,261,669,11.0,557
2024-09-30,SKU0158,637,0,11.0,557
2024-10-07,SKU0158,344,0,11.0,557
2024-10-14,SKU0158,51,879,11.0,557
2024-10-21,SKU0158,753,0,11.0,557
2024-10-28,SKU0158,460,637,11.0,557
2024-11-04,SKU0158,167,637,11.0,557
2024-11-11,SKU0158,511,628,11.0,557
2024-11-18,SKU0158,218,628,11.0,557
2024-11-25,SKU0158,515,0,11.0,557
2024-12-02,SKU0158,35,1146,11.0,557
2024-12-09,SKU0158,0,1146,11.0,557
2024-12-16,SKU0158,917,0,11.0,557
2024-12-23,SKU0158,360,0,11.0,557
2024-12-30,SKU0158,0,1107,11.0,557
2025-01-06,SKU0158,0,1107,11.0,557
2025-01-13,SKU0158,744,0,11.0,557
2025-01-20,SKU0158,473,0,11.0,557
2025-01-27,SKU0158,139,0,11.0,557
2025-02-03,SKU0158,0,0,11.0,557
2025-02-10,SKU0158,0,1181,11.0,557
2025-02-17,SKU0158,1143,0,11.0,557
2025-02-24,SKU0158,852,0,11.0,557
2025-03-03,SKU0158,589,0,11.0,557
2025-03-10,SKU0158,313,680,11.0,557
2025-03-17,SKU0158,783,0,11.0,557
2025-03-24,SKU0158,523,0,11.0,557
2025-03-31,SKU0158,336,797,11.0,557
2025-04-07,SKU0158,120,797,11.0,557
2025-04-14,SKU0158,569,0,11.0,557
2025-04-21,SKU0158,353,731,11.0,557
2025-04-28,SKU0158,147,731,11.0,557
2025-05-05,SKU0158,662,0,11.0,557
2025-05-12,SKU0158,438,639,11.0,557
2025-05-19,SKU0158,203,639,11.0,557
2025-05-26,SKU0158,586,0,11.0,557
2025-06-02,SKU0158,310,666,11.0,557
2025-06-09,SKU0158,759,0,11.0,557
2025-06-16,SKU0158,549,0,11.0,557
2025-06-23,SKU0158,268,779,11.0,557
2025-06-30,SKU0158,783,0,11.0,557
2025-07-07,SKU0158,544,0,11.0,557
2025-07-14,SKU0158,283,668,11.0,557
2025-07-21,SKU0158,724,0,11.0,557
2025-07-28,SKU0158,553,0,11.0,557
2025-08-04,SKU0158,163,751,11.0,557
2025-08-11,SKU0158,717,0,11.0,557
2025-08-18,SKU0158,531,632,11.0,557
2025-08-25,SKU0158,301,632,11.0,557
2025-09-01,SKU0158,719,0,11.0,557
2025-09-08,SKU0158,508,659,11.0,557
2025-09-15,SKU0158,311,659,11.0,557
2025-09-22,SKU0158,745,0,11.0,557
2025-09-29,SKU0158,511,670,11.0,557
2025-10-06,SKU0158,222,670,11.0,557
2025-10-13,SKU0158,591,0,11.0,557
2025-10-20,SKU0158,38,950,11.0,557
2025-10-27,SKU0158,0,950,11.0,557
2025-11-03,SKU0158,705,0,11.0,557
2025-11-10,SKU0158,415,766,11.0,557
2025-11-17,SKU0158,132,766,11.0,557
2025-11-24,SKU0158,623,0,11.0,557
2025-12-01,SKU0158,109,710,11.0,557
2025-12-08,SKU0158,650,0,11.0,557
2025-12-15,SKU0158,402,683,11.0,557
2025-12-22,SKU0158,60,683,11.0,557
2025-12-29,SKU0158,422,0,11.0,557
2024-01-01,SKU0159,538,536,25.0,691
2024-01-08,SKU0159,298,536,25.0,691
2024-01-15,SKU0159,59,981,25.0,691
2024-01-22,SKU0159,0,981,25.0,691
2024-01-29,SKU0159,399,445,25.0,691
2024-02-05,SKU0159,160,846,25.0,691
2024-02-12,SKU0159,366,401,25.0,691
2024-02-19,SKU0159,126,811,25.0,691
2024-02-26,SKU0159,0,811,25.0,691
2024-03-04,SKU0159,196,878,25.0,691
2024-03-11,SKU0159,376,468,25.0,691
2024-03-18,SKU0159,136,869,25.0,691
2024-03-25,SKU0159,0,869,25.0,691
2024-04-01,SKU0159,331,401,25.0,691
2024-04-08,SKU0159,92,811,25.0,691
2024-04-15,SKU0159,254,820,25.0,691
2024-04-22,SKU0159,14,820,25.0,691
2024-04-29,SKU0159,342,410,25.0,691
2024-05-06,SKU0159,102,869,25.0,691
2024-05-13,SKU0159,273,459,25.0,691
2024-05-20,SKU0159,34,869,25.0,691
2024-05-27,SKU0159,0,869,25.0,691
2024-06-03,SKU0159,220,820,25.0,691
2024-06-10,SKU0159,390,410,25.0,691
2024-06-17,SKU0159,151,820,25.0,691
2024-06-24,SKU0159,0,820,25.0,691
2024-07-01,SKU0159,239,835,25.0,691
2024-07-08,SKU0159,0,835,25.0,691
2024-07-15,SKU0159,171,835,25.0,691
2024-07-22,SKU0159,0,835,25.0,691
2024-07-29,SKU0159,288,410,25.0,691
2024-08-05,SKU0159,49,820,25.0,691
2024-08-12,SKU0159,220,820,25.0,691
2024-08-19,SKU0159,0,820,25.0,691
2024-08-26,SKU0159,307,410,25.0,691
2024-09-02,SKU0159,68,801,25.0,691
2024-09-09,SKU0159,239,801,25.0,691
2024-09-16,SKU0159,0,801,25.0,691
2024-09-23,SKU0159,288,410,25.0,691
2024-09-30,SKU0159,49,820,25.0,691
2024-10-07,SKU0159,239,410,25.0,691
2024-10-14,SKU0159,0,869,25.0,691
2024-10-21,SKU0159,307,459,25.0,691
2024-10-28,SKU0159,68,869,25.0,691
2024-11-04,SKU0159,356,410,25.0,691
2024-11-11,SKU0159,117,820,25.0,691
2024-11-18,SKU0159,376,410,25.0,691
2024-11-25,SKU0159,136,801,25.0,691
2024-12-02,SKU0159,376,391,25.0,691
2024-12-09,SKU0159,136,801,25.0,691
2024-12-16,SKU0159,357,410,25.0,691
2024-12-23,SKU0159,117,820,25.0,691
2024-12-30,SKU0159,376,410,25.0,691
2025-01-06,SKU0159,136,801,25.0,691
2025-01-13,SKU0159,376,391,25.0,691
2025-01-20,SKU0159,136,835,25.0,691
2025-01-27,SKU0159,357,444,25.0,691
2025-02-03,SKU0159,117,854,25.0,691
2025-02-10,SKU0159,0,854,25.0,691
2025-02-17,SKU0159,205,801,25.0,691
2025-02-24,SKU0159,0,801,25.0,691
2025-03-03,SKU0159,171,801,25.0,691
2025-03-10,SKU0159,0,801,25.0,691
2025-03-17,SKU0159,186,820,25.0,691
2025-03-24,SKU0159,0,820,25.0,691
2025-03-31,SKU0159,171,801,25.0,691
2025-04-07,SKU0159,0,801,25.0,691
2025-04-14,SKU0159,205,801,25.0,691
2025-04-21,SKU0159,0,801,25.0,691
2025-04-28,SKU0159,152,820,25.0,691
2025-05-05,SKU0159,0,820,25.0,691
2025-05-12,SKU0159,205,801,25.0,691
2025-05-19,SKU0159,0,801,25.0,691
2025-05-26,SKU0159,171,801,25.0,691
2025-06-02,SKU0159,0,801,25.0,691
2025-06-09,SKU0159,186,820,25.0,691
2025-06-16,SKU0159,0,820,25.0,691
2025-06-23,SKU0159,171,835,25.0,691
2025-06-30,SKU0159,0,835,25.0,691
2025-07-07,SKU0159,205,835,25.0,691
2025-07-14,SKU0159,0,835,25.0,691
2025-07-21,SKU0159,220,820,25.0,691
2025-07-28,SKU0159,0,820,25.0,691
2025-08-04,SKU0159,239,801,25.0,691
2025-08-11,SKU0159,0,801,25.0,691
2025-08-18,SKU0159,239,835,25.0,691
2025-08-25,SKU0159,0,835,25.0,691
2025-09-01,SKU0159,220,854,25.0,691
2025-09-08,SKU0159,0,854,25.0,691
2025-09-15,SKU0159,307,410,25.0,691
2025-09-22,SKU0159,68,801,25.0,691
2025-09-29,SKU0159,273,801,25.0,691
2025-10-06,SKU0159,34,801,25.0,691
2025-10-13,SKU0159,288,410,25.0,691
2025-10-20,SKU0159,19,820,25.0,691
2025-10-27,SKU0159,274,800,25.0,691
2025-11-03,SKU0159,60,800,25.0,691
2025-11-10,SKU0159,313,390,25.0,691
2025-11-17,SKU0159,174,777,25.0,691
2025-11-24,SKU0159,355,387,25.0,691
2025-12-01,SKU0159,0,814,25.0,691
2025-12-08,SKU0159,284,427,25.0,691
2025-12-15,SKU0159,42,822,25.0,691
2025-12-22,SKU0159,338,395,25.0,691
2025-12-29,SKU0159,139,808,25.0,691
2024-01-01,SKU0160,396,0,13.0,351
2024-01-08,SKU0160,262,370,13.0,351
2024-01-15,SKU0160,127,370,13.0,351
2024-01-22,SKU0160,363,0,13.0,351
2024-01-29,SKU0160,229,345,13.0,351
2024-02-05,SKU0160,440,0,13.0,351
2024-02-12,SKU0160,305,345,13.0,351
2024-02-19,SKU0160,171,345,13.0,351
2024-02-26,SKU0160,382,0,13.0,351
2024-03-04,SKU0160,248,346,13.0,351
2024-03-11,SKU0160,113,346,13.0,351
2024-03-18,SKU0160,325,345,13.0,351
2024-03-25,SKU0160,191,345,13.0,351
2024-04-01,SKU0160,401,0,13.0,351
2024-04-08,SKU0160,267,345,13.0,351
2024-04-15,SKU0160,133,345,13.0,351
2024-04-22,SKU0160,344,345,13.0,351
2024-04-29,SKU0160,209,345,13.0,351
2024-05-06,SKU0160,420,0,13.0,351
2024-05-13,SKU0160,286,346,13.0,351
2024-05-20,SKU0160,152,346,13.0,351
2024-05-27,SKU0160,363,0,13.0,351
2024-06-03,SKU0160,229,345,13.0,351
2024-06-10,SKU0160,440,0,13.0,351
2024-06-17,SKU0160,306,364,13.0,351
2024-06-24,SKU0160,171,364,13.0,351
2024-07-01,SKU0160,401,0,13.0,351
2024-07-08,SKU0160,267,345,13.0,351
2024-07-15,SKU0160,133,345,13.0,351
2024-07-22,SKU0160,343,346,13.0,351
2024-07-29,SKU0160,209,346,13.0,351
2024-08-05,SKU0160,421,0,13.0,351
2024-08-12,SKU0160,287,345,13.0,351
2024-08-19,SKU0160,152,345,13.0,351
2024-08-26,SKU0160,363,0,13.0,351
2024-09-02,SKU0160,229,345,13.0,351
2024-09-09,SKU0160,440,0,13.0,351
2024-09-16,SKU0160,305,345,13.0,351
2024-09-23,SKU0160,171,345,13.0,351
2024-09-30,SKU0160,382,0,13.0,351
2024-10-07,SKU0160,248,346,13.0,351
2024-10-14,SKU0160,113,346,13.0,351
2024-10-21,SKU0160,325,0,13.0,351
2024-10-28,SKU0160,191,383,13.0,351
2024-11-04,SKU0160,439,0,13.0,351
2024-11-11,SKU0160,305,345,13.0,351
2024-11-18,SKU0160,171,345,13.0,351
2024-11-25,SKU0160,382,0,13.0,351
2024-12-02,SKU0160,247,346,13.0,351
2024-12-09,SKU0160,115,346,13.0,351
2024-12-16,SKU0160,289,373,13.0,351
2024-12-23,SKU0160,53,373,13.0,351
2024-12-30,SKU0160,308,363,13.0,351
2025-01-06,SKU0160,85,363,13.0,351
2025-01-13,SKU0160,298,358,13.0,351
2025-01-20,SKU0160,163,358,13.0,351
2025-01-27,SKU0160,406,0,13.0,351
2025-02-03,SKU0160,244,364,13.0,351
2025-02-10,SKU0160,102,364,13.0,351
2025-02-17,SKU0160,292,344,13.0,351
2025-02-24,SKU0160,162,344,13.0,351
2025-03-03,SKU0160,377,0,13.0,351
2025-03-10,SKU0160,268,339,13.0,351
2025-03-17,SKU0160,157,339,13.0,351
2025-03-24,SKU0160,409,0,13.0,351
2025-03-31,SKU0160,314,352,13.0,351
2025-04-07,SKU0160,212,352,13.0,351
2025-04-14,SKU0160,437,0,13.0,351
2025-04-21,SKU0160,332,347,13.0,351
2025-04-28,SKU0160,223,347,13.0,351
2025-05-05,SKU0160,465,0,13.0,351
2025-05-12,SKU0160,355,0,13.0,351
2025-05-19,SKU0160,247,350,13.0,351
2025-05-26,SKU0160,473,0,13.0,351
2025-06-02,SKU0160,356,0,13.0,351
2025-06-09,SKU0160,236,346,13.0,351
2025-06-16,SKU0160,439,0,13.0,351
2025-06-23,SKU0160,324,356,13.0,351
2025-06-30,SKU0160,225,356,13.0,351
2025-07-07,SKU0160,492,0,13.0,351
2025-07-14,SKU0160,390,0,13.0,351
2025-07-21,SKU0160,275,349,13.0,351
2025-07-28,SKU0160,195,349,13.0,351
2025-08-04,SKU0160,386,0,13.0,351
2025-08-11,SKU0160,225,344,13.0,351
2025-08-18,SKU0160,149,344,13.0,351
2025-08-25,SKU0160,381,0,13.0,351
2025-09-01,SKU0160,312,342,13.0,351
2025-09-08,SKU0160,198,342,13.0,351
2025-09-15,SKU0160,446,0,13.0,351
2025-09-22,SKU0160,312,356,13.0,351
2025-09-29,SKU0160,221,356,13.0,351
2025-10-06,SKU0160,446,0,13.0,351
2025-10-13,SKU0160,326,363,13.0,351
2025-10-20,SKU0160,97,363,13.0,351
2025-10-27,SKU0160,318,352,13.0,351
2025-11-03,SKU0160,177,352,13.0,351
2025-11-10,SKU0160,404,0,13.0,351
2025-11-17,SKU0160,265,340,13.0,351
2025-11-24,SKU0160,139,340,13.0,351
2025-12-01,SKU0160,270,339,13.0,351
2025-12-08,SKU0160,85,339,13.0,351
2025-12-15,SKU0160,253,359,13.0,351
2025-12-22,SKU0160,102,359,13.0,351
2025-12-29,SKU0160,360,0,13.0,351
2024-01-01,SKU0161,867,0,9.0,575
2024-01-08,SKU0161,539,809,9.0,575
2024-01-15,SKU0161,211,809,9.0,575
2024-01-22,SKU0161,692,0,9.0,575
2024-01-29,SKU0161,364,796,9.0,575
2024-02-05,SKU0161,832,0,9.0,575
2024-02-12,SKU0161,504,797,9.0,575
2024-02-19,SKU0161,176,797,9.0,575
2024-02-26,SKU0161,645,0,9.0,575
2024-03-04,SKU0161,317,797,9.0,575
2024-03-11,SKU0161,786,0,9.0,575
2024-03-18,SKU0161,458,796,9.0,575
2024-03-25,SKU0161,926,0,9.0,575
2024-04-01,SKU0161,598,0,9.0,575
2024-04-08,SKU0161,270,844,9.0,575
2024-04-15,SKU0161,786,0,9.0,575
2024-04-22,SKU0161,458,796,9.0,575
2024-04-29,SKU0161,926,0,9.0,575
2024-05-06,SKU0161,598,0,9.0,575
2024-05-13,SKU0161,270,797,9.0,575
2024-05-20,SKU0161,739,0,9.0,575
2024-05-27,SKU0161,411,796,9.0,575
2024-06-03,SKU0161,879,0,9.0,575
2024-06-10,SKU0161,551,797,9.0,575
2024-06-17,SKU0161,223,797,9.0,575
2024-06-24,SKU0161,692,0,9.0,575
2024-07-01,SKU0161,364,796,9.0,575
2024-07-08,SKU0161,867,0,9.0,575
2024-07-15,SKU0161,610,0,9.0,575
2024-07-22,SKU0161,352,781,9.0,575
2024-07-29,SKU0161,849,0,9.0,575
2024-08-05,SKU0161,380,823,9.0,575
2024-08-12,SKU0161,827,0,9.0,575
2024-08-19,SKU0161,569,0,9.0,575
2024-08-26,SKU0161,340,810,9.0,575
2024-09-02,SKU0161,918,0,9.0,575
2024-09-09,SKU0161,676,0,9.0,575
2024-09-16,SKU0161,384,782,9.0,575
2024-09-23,SKU0161,853,0,9.0,575
2024-09-30,SKU0161,637,0,9.0,575
2024-10-07,SKU0161,238,841,9.0,575
2024-10-14,SKU0161,788,0,9.0,575
2024-10-21,SKU0161,182,876,9.0,575
2024-10-28,SKU0161,781,0,9.0,575
2024-11-04,SKU0161,423,843,9.0,575
2024-11-11,SKU0161,1000,0,9.0,575
2024-11-18,SKU0161,639,0,9.0,575
2024-11-25,SKU0161,262,795,9.0,575
2024-12-02,SKU0161,425,842,9.0,575
2024-12-09,SKU0161,22,842,9.0,575
2024-12-16,SKU0161,476,872,9.0,575
2024-12-23,SKU0161,0,872,9.0,575
2024-12-30,SKU0161,542,777,9.0,575
2025-01-06,SKU0161,0,777,9.0,575
2025-01-13,SKU0161,250,850,9.0,575
2025-01-20,SKU0161,742,0,9.0,575
2025-01-27,SKU0161,413,818,9.0,575
2025-02-03,SKU0161,876,0,9.0,575
2025-02-10,SKU0161,565,783,9.0,575
2025-02-17,SKU0161,251,783,9.0,575
2025-02-24,SKU0161,737,0,9.0,575
2025-03-03,SKU0161,487,782,9.0,575
2025-03-10,SKU0161,1049,0,9.0,575
2025-03-17,SKU0161,828,0,9.0,575
2025-03-24,SKU0161,568,780,9.0,575
2025-03-31,SKU0161,314,780,9.0,575
2025-04-07,SKU0161,858,0,9.0,575
2025-04-14,SKU0161,583,0,9.0,575
2025-04-21,SKU0161,298,810,9.0,575
2025-04-28,SKU0161,835,0,9.0,575
2025-05-05,SKU0161,565,783,9.0,575
2025-05-12,SKU0161,230,783,9.0,575
2025-05-19,SKU0161,793,0,9.0,575
2025-05-26,SKU0161,579,0,9.0,575
2025-06-02,SKU0161,324,816,9.0,575
2025-06-09,SKU0161,912,0,9.0,575
2025-06-16,SKU0161,686,0,9.0,575
2025-06-23,SKU0161,391,805,9.0,575
2025-06-30,SKU0161,913,0,9.0,575
2025-07-07,SKU0161,668,0,9.0,575
2025-07-14,SKU0161,406,779,9.0,575
2025-07-21,SKU0161,917,0,9.0,575
2025-07-28,SKU0161,676,0,9.0,575
2025-08-04,SKU0161,250,774,9.0,575
2025-08-11,SKU0161,551,797,9.0,575
2025-08-18,SKU0161,328,797,9.0,575
2025-08-25,SKU0161,880,0,9.0,575
2025-09-01,SKU0161,598,0,9.0,575
2025-09-08,SKU0161,349,789,9.0,575
2025-09-15,SKU0161,862,0,9.0,575
2025-09-22,SKU0161,650,0,9.0,575
2025-09-29,SKU0161,364,902,9.0,575
2025-10-06,SKU0161,887,0,9.0,575
2025-10-13,SKU0161,516,0,9.0,575
2025-10-20,SKU0161,0,940,9.0,575
2025-10-27,SKU0161,752,0,9.0,575
2025-11-03,SKU0161,425,790,9.0,575
2025-11-10,SKU0161,898,0,9.0,575
2025-11-17,SKU0161,568,0,9.0,575
2025-11-24,SKU0161,223,853,9.0,575
2025-12-01,SKU0161,525,0,9.0,575
2025-12-08,SKU0161,98,899,9.0,575
2025-12-15,SKU0161,681,0,9.0,575
2025-12-22,SKU0161,372,813,9.0,575
2025-12-29,SKU0161,795,0,9.0,575
2024-01-01,SKU0162,645,0,21.0,433
2024-01-08,SKU0162,444,0,21.0,433
2024-01-15,SKU0162,243,323,21.0,433
2024-01-22,SKU0162,42,639,21.0,433
2024-01-29,SKU0162,0,639,21.0,433
2024-02-05,SKU0162,151,316,21.0,433
2024-02-12,SKU0162,266,329,21.0,433
2024-02-19,SKU0162,65,645,21.0,433
2024-02-26,SKU0162,0,645,21.0,433
2024-03-04,SKU0162,185,316,21.0,433
2024-03-11,SKU0162,300,0,21.0,433
2024-03-18,SKU0162,99,467,21.0,433
2024-03-25,SKU0162,0,467,21.0,433
2024-04-01,SKU0162,0,467,21.0,433
2024-04-08,SKU0162,295,329,21.0,433
2024-04-15,SKU0162,94,329,21.0,433
2024-04-22,SKU0162,0,674,21.0,433
2024-04-29,SKU0162,214,345,21.0,433
2024-05-06,SKU0162,13,697,21.0,433
2024-05-13,SKU0162,173,352,21.0,433
2024-05-20,SKU0162,0,652,21.0,433
2024-05-27,SKU0162,323,300,21.0,433
2024-06-03,SKU0162,122,300,21.0,433
2024-06-10,SKU0162,221,374,21.0,433
2024-06-17,SKU0162,20,690,21.0,433
2024-06-24,SKU0162,0,690,21.0,433
2024-07-01,SKU0162,230,316,21.0,433
2024-07-08,SKU0162,345,278,21.0,433
2024-07-15,SKU0162,144,278,21.0,433
2024-07-22,SKU0162,0,623,21.0,433
2024-07-29,SKU0162,163,345,21.0,433
2024-08-05,SKU0162,0,662,21.0,433
2024-08-12,SKU0162,173,317,21.0,433
2024-08-19,SKU0162,0,595,21.0,433
2024-08-26,SKU0162,202,278,21.0,433
2024-09-02,SKU0162,1,594,21.0,433
2024-09-09,SKU0162,106,316,21.0,433
2024-09-16,SKU0162,0,662,21.0,433
2024-09-23,SKU0162,172,346,21.0,433
2024-09-30,SKU0162,0,652,21.0,433
2024-10-07,SKU0162,174,306,21.0,433
2024-10-14,SKU0162,0,680,21.0,433
2024-10-21,SKU0162,191,374,21.0,433
2024-10-28,SKU0162,0,662,21.0,433
2024-11-04,SKU0162,288,288,21.0,433
2024-11-11,SKU0162,87,288,21.0,433
2024-11-18,SKU0162,202,421,21.0,433
2024-11-25,SKU0162,1,421,21.0,433
2024-12-02,SKU0162,0,710,21.0,433
2024-12-09,SKU0162,277,289,21.0,433
2024-12-16,SKU0162,76,576,21.0,433
2024-12-23,SKU0162,203,287,21.0,433
2024-12-30,SKU0162,2,679,21.0,433
2025-01-06,SKU0162,201,392,21.0,433
2025-01-13,SKU0162,0,392,21.0,433
2025-01-20,SKU0162,335,318,21.0,433
2025-01-27,SKU0162,134,318,21.0,433
2025-02-03,SKU0162,0,605,21.0,433
2025-02-10,SKU0162,146,287,21.0,433
2025-02-17,SKU0162,0,622,21.0,433
2025-02-24,SKU0162,86,335,21.0,433
2025-03-03,SKU0162,0,653,21.0,433
2025-03-10,SKU0162,163,318,21.0,433
2025-03-17,SKU0162,0,633,21.0,433
2025-03-24,SKU0162,117,593,21.0,433
2025-03-31,SKU0162,0,593,21.0,433
2025-04-07,SKU0162,202,278,21.0,433
2025-04-14,SKU0162,270,288,21.0,433
2025-04-21,SKU0162,88,575,21.0,433
2025-04-28,SKU0162,0,575,21.0,433
2025-05-05,SKU0162,147,287,21.0,433
2025-05-12,SKU0162,302,362,21.0,433
2025-05-19,SKU0162,125,362,21.0,433
2025-05-26,SKU0162,0,647,21.0,433
2025-06-02,SKU0162,259,285,21.0,433
2025-06-09,SKU0162,101,566,21.0,433
2025-06-16,SKU0162,203,281,21.0,433
2025-06-23,SKU0162,14,579,21.0,433
2025-06-30,SKU0162,217,298,21.0,433
2025-07-07,SKU0162,8,583,21.0,433
2025-07-14,SKU0162,176,285,21.0,433
2025-07-21,SKU0162,52,609,21.0,433
2025-07-28,SKU0162,179,324,21.0,433
2025-08-04,SKU0162,0,710,21.0,433
2025-08-11,SKU0162,156,386,21.0,433
2025-08-18,SKU0162,0,671,21.0,433
2025-08-25,SKU0162,300,285,21.0,433
2025-09-01,SKU0162,135,285,21.0,433
2025-09-08,SKU0162,249,363,21.0,433
2025-09-15,SKU0162,90,363,21.0,433
2025-09-22,SKU0162,0,649,21.0,433
2025-09-29,SKU0162,234,286,21.0,433
2025-10-06,SKU0162,28,608,21.0,433
2025-10-13,SKU0162,131,322,21.0,433
2025-10-20,SKU0162,0,710,21.0,433
2025-10-27,SKU0162,230,388,21.0,433
2025-11-03,SKU0162,30,670,21.0,433
2025-11-10,SKU0162,312,282,21.0,433
2025-11-17,SKU0162,137,282,21.0,433
2025-11-24,SKU0162,237,347,21.0,433
2025-12-01,SKU0162,0,710,21.0,433
2025-12-08,SKU0162,0,710,21.0,433
2025-12-15,SKU0162,157,363,21.0,433
2025-12-22,SKU0162,291,287,21.0,433
2025-12-29,SKU0162,33,654,21.0,433
2024-01-01,SKU0163,77,72,29.0,100
2024-01-08,SKU0163,38,72,29.0,100
2024-01-15,SKU0163,0,128,29.0,100
2024-01-22,SKU0163,0,128,29.0,100
2024-01-29,SKU0163,0,128,29.0,100
2024-02-05,SKU0163,32,105,29.0,100
2024-02-12,SKU0163,49,49,29.0,100
2024-02-19,SKU0163,9,106,29.0,100
2024-02-26,SKU0163,0,106,29.0,100
2024-03-04,SKU0163,38,111,29.0,100
2024-03-11,SKU0163,0,111,29.0,100
2024-03-18,SKU0163,23,109,29.0,100
2024-03-25,SKU0163,0,109,29.0,100
2024-04-01,SKU0163,0,109,29.0,100
2024-04-08,SKU0163,14,123,29.0,100
2024-04-15,SKU0163,38,68,29.0,100
2024-04-22,SKU0163,0,145,29.0,100
2024-04-29,SKU0163,0,145,29.0,100
2024-05-06,SKU0163,57,77,29.0,100
2024-05-13,SKU0163,17,132,29.0,100
2024-05-20,SKU0163,71,55,29.0,100
2024-05-27,SKU0163,32,106,29.0,100
2024-06-03,SKU0163,0,106,29.0,100
2024-06-10,SKU0163,0,106,29.0,100
2024-06-17,SKU0163,15,105,29.0,100
2024-06-24,SKU0163,40,54,29.0,100
2024-07-01,SKU0163,0,143,29.0,100
2024-07-08,SKU0163,0,143,29.0,100
2024-07-15,SKU0163,26,89,29.0,100
2024-07-22,SKU0163,0,146,29.0,100
2024-07-29,SKU0163,83,57,29.0,100
2024-08-05,SKU0163,44,57,29.0,100
2024-08-12,SKU0163,4,57,29.0,100
2024-08-19,SKU0163,40,0,29.0,100
2024-08-26,SKU0163,0,126,29.0,100
2024-09-02,SKU0163,0,126,29.0,100
2024-09-09,SKU0163,0,126,29.0,100
2024-09-16,SKU0163,0,126,29.0,100
2024-09-23,SKU0163,103,0,29.0,100
2024-09-30,SKU0163,64,57,29.0,100
2024-10-07,SKU0163,24,108,29.0,100
2024-10-14,SKU0163,0,108,29.0,100
2024-10-21,SKU0163,0,108,29.0,100
2024-10-28,SKU0163,29,115,29.0,100
2024-11-04,SKU0163,40,64,29.0,100
2024-11-11,SKU0163,0,115,29.0,100
2024-11-18,SKU0163,0,115,29.0,100
2024-11-25,SKU0163,58,51,29.0,100
2024-12-02,SKU0163,19,119,29.0,100
2024-12-09,SKU0163,30,119,29.0,100
2024-12-16,SKU0163,0,119,29.0,100
2024-12-23,SKU0163,0,119,29.0,100
2024-12-30,SKU0163,57,51,29.0,100
2025-01-06,SKU0163,17,115,29.0,100
2025-01-13,SKU0163,28,64,29.0,100
2025-01-20,SKU0163,0,138,29.0,100
2025-01-27,SKU0163,0,138,29.0,100
2025-02-03,SKU0163,47,74,29.0,100
2025-02-10,SKU0163,7,125,29.0,100
2025-02-17,SKU0163,51,51,29.0,100
2025-02-24,SKU0163,12,51,29.0,100
2025-03-03,SKU0163,0,149,29.0,100
2025-03-10,SKU0163,34,98,29.0,100
2025-03-17,SKU0163,0,98,29.0,100
2025-03-24,SKU0163,0,98,29.0,100
2025-03-31,SKU0163,75,51,29.0,100
2025-04-07,SKU0163,36,102,29.0,100
2025-04-14,SKU0163,0,102,29.0,100
2025-04-21,SKU0163,0,102,29.0,100
2025-04-28,SKU0163,28,51,29.0,100
2025-05-05,SKU0163,40,0,29.0,100
2025-05-12,SKU0163,0,132,29.0,100
2025-05-19,SKU0163,0,132,29.0,100
2025-05-26,SKU0163,0,132,29.0,100
2025-06-02,SKU0163,0,132,29.0,100
2025-06-09,SKU0163,114,0,29.0,100
2025-06-16,SKU0163,86,55,29.0,100
2025-06-23,SKU0163,54,55,29.0,100
2025-06-30,SKU0163,25,55,29.0,100
2025-07-07,SKU0163,0,148,29.0,100
2025-07-14,SKU0163,47,93,29.0,100
2025-07-21,SKU0163,24,93,29.0,100
2025-07-28,SKU0163,0,143,29.0,100
2025-08-04,SKU0163,86,50,29.0,100
2025-08-11,SKU0163,35,50,29.0,100
2025-08-18,SKU0163,1,122,29.0,100
2025-08-25,SKU0163,33,72,29.0,100
2025-09-01,SKU0163,4,145,29.0,100
2025-09-08,SKU0163,0,145,29.0,100
2025-09-15,SKU0163,45,73,29.0,100
2025-09-22,SKU0163,15,127,29.0,100
2025-09-29,SKU0163,0,127,29.0,100
2025-10-06,SKU0163,31,54,29.0,100
2025-10-13,SKU0163,0,125,29.0,100
2025-10-20,SKU0163,24,71,29.0,100
2025-10-27,SKU0163,0,149,,100
2025-11-03,SKU0163,0,149,29.0,100
2025-11-10,SKU0163,43,78,29.0,100
2025-11-17,SKU0163,0,132,29.0,100
2025-11-24,SKU0163,60,54,29.0,100
2025-12-01,SKU0163,0,121,29.0,100
2025-12-08,SKU0163,0,121,29.0,100
2025-12-15,SKU0163,37,67,29.0,100
2025-12-22,SKU0163,2,125,29.0,100
2025-12-29,SKU0163,40,58,29.0,100
2024-01-01,SKU0164,272,0,8.0,144
2024-01-08,SKU0164,99,237,8.0,144
2024-01-15,SKU0164,212,0,8.0,144
2024-01-22,SKU0164,39,223,8.0,144
2024-01-29,SKU0164,124,237,8.0,144
2024-02-05,SKU0164,0,237,8.0,144
2024-02-12,SKU0164,64,223,8.0,144
2024-02-19,SKU0164,149,0,8.0,144
2024-02-26,SKU0164,0,237,8.0,144
2024-03-04,SKU0164,88,223,8.0,144
2024-03-11,SKU0164,173,0,8.0,144
2024-03-18,SKU0164,0,237,8.0,144
2024-03-25,SKU0164,113,223,8.0,144
2024-04-01,SKU0164,198,0,8.0,144
2024-04-08,SKU0164,25,237,8.0,144
2024-04-15,SKU0164,138,223,8.0,144
2024-04-22,SKU0164,0,223,8.0,144
2024-04-29,SKU0164,50,237,8.0,144
2024-05-06,SKU0164,163,0,8.0,144
2024-05-13,SKU0164,0,223,8.0,144
2024-05-20,SKU0164,74,287,8.0,144
2024-05-27,SKU0164,0,287,8.0,144
2024-06-03,SKU0164,114,223,8.0,144
2024-06-10,SKU0164,198,0,8.0,144
2024-06-17,SKU0164,25,237,8.0,144
2024-06-24,SKU0164,138,223,8.0,144
2024-07-01,SKU0164,0,223,8.0,144
2024-07-08,SKU0164,50,237,8.0,144
2024-07-15,SKU0164,163,0,8.0,144
2024-07-22,SKU0164,0,273,8.0,144
2024-07-29,SKU0164,174,0,8.0,144
2024-08-05,SKU0164,1,237,8.0,144
2024-08-12,SKU0164,113,223,8.0,144
2024-08-19,SKU0164,198,0,8.0,144
2024-08-26,SKU0164,25,262,8.0,144
2024-09-02,SKU0164,188,0,8.0,144
2024-09-09,SKU0164,14,272,8.0,144
2024-09-16,SKU0164,198,0,8.0,144
2024-09-23,SKU0164,24,238,8.0,144
2024-09-30,SKU0164,139,222,8.0,144
2024-10-07,SKU0164,0,222,8.0,144
2024-10-14,SKU0164,49,238,8.0,144
2024-10-21,SKU0164,164,0,8.0,144
2024-10-28,SKU0164,0,272,8.0,144
2024-11-04,SKU0164,173,0,8.0,144
2024-11-11,SKU0164,0,238,8.0,144
2024-11-18,SKU0164,114,222,8.0,144
2024-11-25,SKU0164,197,0,8.0,144
2024-12-02,SKU0164,24,263,8.0,144
2024-12-09,SKU0164,189,0,8.0,144
2024-12-16,SKU0164,15,222,8.0,144
2024-12-23,SKU0164,98,263,8.0,144
2024-12-30,SKU0164,0,263,8.0,144
2025-01-06,SKU0164,90,271,8.0,144
2025-01-13,SKU0164,0,271,8.0,144
2025-01-20,SKU0164,98,239,8.0,144
2025-01-27,SKU0164,214,0,8.0,144
2025-02-03,SKU0164,41,221,8.0,144
2025-02-10,SKU0164,122,239,8.0,144
2025-02-17,SKU0164,0,239,8.0,144
2025-02-24,SKU0164,66,295,8.0,144
2025-03-03,SKU0164,0,295,8.0,144
2025-03-10,SKU0164,122,0,8.0,144
2025-03-17,SKU0164,0,264,8.0,144
2025-03-24,SKU0164,115,221,8.0,144
2025-03-31,SKU0164,196,0,8.0,144
2025-04-07,SKU0164,23,239,8.0,144
2025-04-14,SKU0164,140,0,8.0,144
2025-04-21,SKU0164,0,295,8.0,144
2025-04-28,SKU0164,196,0,8.0,144
2025-05-05,SKU0164,23,338,8.0,144
2025-05-12,SKU0164,0,338,8.0,144
2025-05-19,SKU0164,165,0,8.0,144
2025-05-26,SKU0164,0,320,8.0,144
2025-06-02,SKU0164,270,0,8.0,144
2025-06-09,SKU0164,97,239,8.0,144
2025-06-16,SKU0164,214,0,8.0,144
2025-06-23,SKU0164,41,271,8.0,144
2025-06-30,SKU0164,221,0,8.0,144
2025-07-07,SKU0164,48,263,8.0,144
2025-07-14,SKU0164,213,0,8.0,144
2025-07-21,SKU0164,40,222,8.0,144
2025-07-28,SKU0164,123,238,8.0,144
2025-08-04,SKU0164,0,238,8.0,144
2025-08-11,SKU0164,65,272,8.0,144
2025-08-18,SKU0164,253,0,8.0,144
2025-08-25,SKU0164,142,0,8.0,144
2025-09-01,SKU0164,40,238,8.0,144
2025-09-08,SKU0164,184,0,8.0,144
2025-09-15,SKU0164,76,261,8.0,144
2025-09-22,SKU0164,231,0,8.0,144
2025-09-29,SKU0164,65,238,8.0,144
2025-10-06,SKU0164,173,0,8.0,144
2025-10-13,SKU0164,0,235,8.0,144
2025-10-20,SKU0164,1,249,8.0,144
2025-10-27,SKU0164,192,0,8.0,144
2025-11-03,SKU0164,23,228,8.0,144
2025-11-10,SKU0164,127,234,8.0,144
2025-11-17,SKU0164,0,234,8.0,144
2025-11-24,SKU0164,94,225,8.0,144
2025-12-01,SKU0164,147,0,8.0,144
2025-12-08,SKU0164,0,269,8.0,144
2025-12-15,SKU0164,102,233,8.0,144
2025-12-22,SKU0164,206,0,8.0,144
2025-12-29,SKU0164,47,242,8.0,144
2024-01-01,SKU0165,701,0,24.0,703
2024-01-08,SKU0165,532,453,24.0,703
2024-01-15,SKU0165,364,453,24.0,703
2024-01-22,SKU0165,195,887,24.0,703
2024-01-29,SKU0165,479,434,24.0,703
2024-02-05,SKU0165,311,434,24.0,703
2024-02-12,SKU0165,142,916,24.0,703
2024-02-19,SKU0165,408,482,24.0,703
2024-02-26,SKU0165,239,482,24.0,703
2024-03-04,SKU0165,70,915,24.0,703
2024-03-11,SKU0165,384,433,24.0,703
2024-03-18,SKU0165,215,433,24.0,703
2024-03-25,SKU0165,480,482,24.0,703
2024-04-01,SKU0165,311,482,24.0,703
2024-04-08,SKU0165,142,891,24.0,703
2024-04-15,SKU0165,456,409,24.0,703
2024-04-22,SKU0165,287,819,24.0,703
2024-04-29,SKU0165,528,410,24.0,703
2024-05-06,SKU0165,359,410,24.0,703
2024-05-13,SKU0165,190,819,24.0,703
2024-05-20,SKU0165,432,409,24.0,703
2024-05-27,SKU0165,263,843,24.0,703
2024-06-03,SKU0165,504,434,24.0,703
2024-06-10,SKU0165,335,434,24.0,703
2024-06-17,SKU0165,166,891,24.0,703
2024-06-24,SKU0165,432,457,24.0,703
2024-07-01,SKU0165,263,457,24.0,703
2024-07-08,SKU0165,95,891,24.0,703
2024-07-15,SKU0165,383,434,24.0,703
2024-07-22,SKU0165,214,892,24.0,703
2024-07-29,SKU0165,480,458,24.0,703
2024-08-05,SKU0165,311,458,24.0,703
2024-08-12,SKU0165,142,867,24.0,703
2024-08-19,SKU0165,432,409,24.0,703
2024-08-26,SKU0165,263,819,24.0,703
2024-09-02,SKU0165,504,410,24.0,703
2024-09-09,SKU0165,335,410,24.0,703
2024-09-16,SKU0165,193,843,24.0,703
2024-09-23,SKU0165,479,433,24.0,703
2024-09-30,SKU0165,326,433,24.0,703
2024-10-07,SKU0165,557,485,24.0,703
2024-10-14,SKU0165,410,485,24.0,703
2024-10-21,SKU0165,149,923,24.0,703
2024-10-28,SKU0165,471,438,24.0,703
2024-11-04,SKU0165,318,438,24.0,703
2024-11-11,SKU0165,170,878,24.0,703
2024-11-18,SKU0165,452,440,24.0,703
2024-11-25,SKU0165,278,440,24.0,703
2024-12-02,SKU0165,444,662,24.0,703
2024-12-09,SKU0165,227,662,24.0,703
2024-12-16,SKU0165,13,662,24.0,703
2024-12-23,SKU0165,0,1106,24.0,703
2024-12-30,SKU0165,559,444,24.0,703
2025-01-06,SKU0165,246,444,24.0,703
2025-01-13,SKU0165,413,469,24.0,703
2025-01-20,SKU0165,245,469,24.0,703
2025-01-27,SKU0165,58,897,24.0,703
2025-02-03,SKU0165,361,428,24.0,703
2025-02-10,SKU0165,173,914,24.0,703
2025-02-17,SKU0165,423,486,24.0,703
2025-02-24,SKU0165,264,486,24.0,703
2025-03-03,SKU0165,110,894,24.0,703
2025-03-10,SKU0165,470,408,24.0,703
2025-03-17,SKU0165,354,408,24.0,703
2025-03-24,SKU0165,616,414,24.0,703
2025-03-31,SKU0165,484,414,24.0,703
2025-04-07,SKU0165,375,414,24.0,703
2025-04-14,SKU0165,650,0,24.0,703
2025-04-21,SKU0165,547,489,24.0,703
2025-04-28,SKU0165,426,489,24.0,703
2025-05-05,SKU0165,281,489,24.0,703
2025-05-12,SKU0165,653,412,24.0,703
2025-05-19,SKU0165,524,412,24.0,703
2025-05-26,SKU0165,400,412,24.0,703
2025-06-02,SKU0165,261,845,24.0,703
2025-06-09,SKU0165,548,433,24.0,703
2025-06-16,SKU0165,423,433,24.0,703
2025-06-23,SKU0165,304,433,24.0,703
2025-06-30,SKU0165,605,464,24.0,703
2025-07-07,SKU0165,494,464,24.0,703
2025-07-14,SKU0165,364,464,24.0,703
2025-07-21,SKU0165,232,874,24.0,703
2025-07-28,SKU0165,613,410,24.0,703
2025-08-04,SKU0165,425,410,24.0,703
2025-08-11,SKU0165,181,900,24.0,703
2025-08-18,SKU0165,490,490,24.0,703
2025-08-25,SKU0165,364,490,24.0,703
2025-09-01,SKU0165,223,490,24.0,703
2025-09-08,SKU0165,580,404,24.0,703
2025-09-15,SKU0165,441,404,24.0,703
2025-09-22,SKU0165,304,404,24.0,703
2025-09-29,SKU0165,585,482,24.0,703
2025-10-06,SKU0165,402,482,24.0,703
2025-10-13,SKU0165,238,482,24.0,703
2025-10-20,SKU0165,442,473,24.0,703
2025-10-27,SKU0165,157,949,24.0,703
2025-11-03,SKU0165,6,949,24.0,703
2025-11-10,SKU0165,417,476,24.0,703
2025-11-17,SKU0165,234,476,24.0,703
2025-11-24,SKU0165,530,517,24.0,703
2025-12-01,SKU0165,253,517,24.0,703
2025-12-08,SKU0165,0,964,24.0,703
2025-12-15,SKU0165,0,964,24.0,703
2025-12-22,SKU0165,327,447,24.0,703
2025-12-29,SKU0165,565,405,24.0,703
2024-01-01,SKU0166,444,377,26.0,534
2024-01-08,SKU0166,114,377,26.0,534
2024-01-15,SKU0166,0,754,26.0,534
2024-01-22,SKU0166,0,754,26.0,534
2024-01-29,SKU0166,236,377,26.0,534
2024-02-05,SKU0166,283,303,26.0,534
2024-02-12,SKU0166,0,633,26.0,534
2024-02-19,SKU0166,0,633,26.0,534
2024-02-26,SKU0166,256,330,26.0,534
2024-03-04,SKU0166,283,377,26.0,534
2024-03-11,SKU0166,0,680,26.0,534
2024-03-18,SKU0166,0,680,26.0,534
2024-03-25,SKU0166,0,680,26.0,534
2024-04-01,SKU0166,47,633,26.0,534
2024-04-08,SKU0166,20,660,26.0,534
2024-04-15,SKU0166,0,660,26.0,534
2024-04-22,SKU0166,0,660,26.0,534
2024-04-29,SKU0166,47,632,26.0,534
2024-05-06,SKU0166,47,632,26.0,534
2024-05-13,SKU0166,0,632,26.0,534
2024-05-20,SKU0166,0,632,26.0,534
2024-05-27,SKU0166,19,660,26.0,534
2024-06-03,SKU0166,47,632,26.0,534
2024-06-10,SKU0166,0,632,26.0,534
2024-06-17,SKU0166,0,632,26.0,534
2024-06-24,SKU0166,47,632,26.0,534
2024-07-01,SKU0166,19,660,26.0,534
2024-07-08,SKU0166,0,660,26.0,534
2024-07-15,SKU0166,0,660,26.0,534
2024-07-22,SKU0166,47,680,26.0,534
2024-07-29,SKU0166,47,680,26.0,534
2024-08-05,SKU0166,0,680,26.0,534
2024-08-12,SKU0166,0,680,26.0,534
2024-08-19,SKU0166,114,707,26.0,534
2024-08-26,SKU0166,114,377,26.0,534
2024-09-02,SKU0166,0,754,26.0,534
2024-09-09,SKU0166,0,754,26.0,534
2024-09-16,SKU0166,236,377,26.0,534
2024-09-23,SKU0166,283,303,26.0,534
2024-09-30,SKU0166,0,633,26.0,534
2024-10-07,SKU0166,0,633,26.0,534
2024-10-14,SKU0166,256,330,26.0,534
2024-10-21,SKU0166,283,329,26.0,534
2024-10-28,SKU0166,0,632,26.0,534
2024-11-04,SKU0166,0,632,26.0,534
2024-11-11,SKU0166,282,303,26.0,534
2024-11-18,SKU0166,256,330,26.0,534
2024-11-25,SKU0166,0,659,26.0,534
2024-12-02,SKU0166,0,659,26.0,534
2024-12-09,SKU0166,283,329,26.0,534
2024-12-16,SKU0166,282,303,26.0,534
2024-12-23,SKU0166,0,633,26.0,534
2024-12-30,SKU0166,0,633,26.0,534
2025-01-06,SKU0166,256,330,26.0,534
2025-01-13,SKU0166,283,329,26.0,534
2025-01-20,SKU0166,0,680,26.0,534
2025-01-27,SKU0166,0,680,26.0,534
2025-02-03,SKU0166,282,351,26.0,534
2025-02-10,SKU0166,0,681,26.0,534
2025-02-17,SKU0166,21,706,26.0,534
2025-02-24,SKU0166,0,706,26.0,534
2025-03-03,SKU0166,0,706,26.0,534
2025-03-10,SKU0166,0,680,26.0,534
2025-03-17,SKU0166,140,634,26.0,534
2025-03-24,SKU0166,0,634,26.0,534
2025-03-31,SKU0166,0,634,26.0,534
2025-04-07,SKU0166,21,658,26.0,534
2025-04-14,SKU0166,141,680,26.0,534
2025-04-21,SKU0166,0,680,26.0,534
2025-04-28,SKU0166,0,680,26.0,534
2025-05-05,SKU0166,45,682,26.0,534
2025-05-12,SKU0166,211,330,26.0,534
2025-05-19,SKU0166,0,658,26.0,534
2025-05-26,SKU0166,0,658,26.0,534
2025-06-02,SKU0166,94,632,26.0,534
2025-06-09,SKU0166,234,304,26.0,534
2025-06-16,SKU0166,0,682,26.0,534
2025-06-23,SKU0166,0,682,26.0,534
2025-06-30,SKU0166,68,706,26.0,534
2025-07-07,SKU0166,331,328,26.0,534
2025-07-14,SKU0166,1,632,26.0,534
2025-07-21,SKU0166,0,632,26.0,534
2025-07-28,SKU0166,139,634,26.0,534
2025-08-04,SKU0166,0,634,26.0,534
2025-08-11,SKU0166,0,658,26.0,534
2025-08-18,SKU0166,0,658,26.0,534
2025-08-25,SKU0166,216,328,26.0,534
2025-09-01,SKU0166,3,646,26.0,534
2025-09-08,SKU0166,59,622,26.0,534
2025-09-15,SKU0166,0,622,26.0,534
2025-09-22,SKU0166,242,304,26.0,534
2025-09-29,SKU0166,4,628,26.0,534
2025-10-06,SKU0166,0,635,26.0,534
2025-10-13,SKU0166,0,635,26.0,534
2025-10-20,SKU0166,127,614,26.0,534
2025-10-27,SKU0166,0,614,26.0,534
2025-11-03,SKU0166,64,602,26.0,534
2025-11-10,SKU0166,0,602,26.0,534
2025-11-17,SKU0166,153,636,26.0,534
2025-11-24,SKU0166,269,337,26.0,534
2025-12-01,SKU0166,0,707,26.0,534
2025-12-08,SKU0166,0,707,26.0,534
2025-12-15,SKU0166,164,370,26.0,534
2025-12-22,SKU0166,331,320,26.0,534
2025-12-29,SKU0166,0,665,26.0,534
2024-01-01,SKU0167,64,0,10.0,39
2024-01-08,SKU0167,44,0,10.0,39
2024-01-15,SKU0167,23,52,10.0,39
2024-01-22,SKU0167,55,0,10.0,39
2024-01-29,SKU0167,35,49,10.0,39
2024-02-05,SKU0167,15,49,10.0,39
2024-02-12,SKU0167,43,0,10.0,39
2024-02-19,SKU0167,23,50,10.0,39
2024-02-26,SKU0167,53,0,10.0,39
2024-03-04,SKU0167,32,49,10.0,39
2024-03-11,SKU0167,12,49,10.0,39
2024-03-18,SKU0167,41,0,10.0,39
2024-03-25,SKU0167,20,49,10.0,39
2024-04-01,SKU0167,49,0,10.0,39
2024-04-08,SKU0167,29,50,10.0,39
2024-04-15,SKU0167,58,0,10.0,39
2024-04-22,SKU0167,38,49,10.0,39
2024-04-29,SKU0167,18,49,10.0,39
2024-05-06,SKU0167,46,0,10.0,39
2024-05-13,SKU0167,26,49,10.0,39
2024-05-20,SKU0167,55,0,10.0,39
2024-05-27,SKU0167,35,50,10.0,39
2024-06-03,SKU0167,14,50,10.0,39
2024-06-10,SKU0167,44,0,10.0,39
2024-06-17,SKU0167,24,52,10.0,39
2024-06-24,SKU0167,55,0,10.0,39
2024-07-01,SKU0167,35,49,10.0,39
2024-07-08,SKU0167,15,49,10.0,39
2024-07-15,SKU0167,43,0,10.0,39
2024-07-22,SKU0167,23,49,10.0,39
2024-07-29,SKU0167,52,0,10.0,39
2024-08-05,SKU0167,31,53,10.0,39
2024-08-12,SKU0167,11,53,10.0,39
2024-08-19,SKU0167,44,0,10.0,39
2024-08-26,SKU0167,23,52,10.0,39
2024-09-02,SKU0167,55,0,10.0,39
2024-09-09,SKU0167,35,52,10.0,39
2024-09-16,SKU0167,15,52,10.0,39
2024-09-23,SKU0167,46,0,10.0,39
2024-09-30,SKU0167,26,50,10.0,39
2024-10-07,SKU0167,56,0,10.0,39
2024-10-14,SKU0167,35,49,10.0,39
2024-10-21,SKU0167,15,49,10.0,39
2024-10-28,SKU0167,44,0,10.0,39
2024-11-04,SKU0167,23,49,10.0,39
2024-11-11,SKU0167,52,0,10.0,39
2024-11-18,SKU0167,32,50,10.0,39
2024-11-25,SKU0167,11,50,10.0,39
2024-12-02,SKU0167,41,0,10.0,39
2024-12-09,SKU0167,21,49,10.0,39
2024-12-16,SKU0167,49,0,10.0,39
2024-12-23,SKU0167,29,55,10.0,39
2024-12-30,SKU0167,1,55,10.0,39
2025-01-06,SKU0167,21,55,10.0,39
2025-01-13,SKU0167,0,55,10.0,39
2025-01-20,SKU0167,32,52,10.0,39
2025-01-27,SKU0167,8,52,10.0,39
2025-02-03,SKU0167,36,50,10.0,39
2025-02-10,SKU0167,18,50,10.0,39
2025-02-17,SKU0167,49,0,10.0,39
2025-02-24,SKU0167,25,53,10.0,39
2025-03-03,SKU0167,57,0,10.0,39
2025-03-10,SKU0167,40,0,10.0,39
2025-03-17,SKU0167,19,50,10.0,39
2025-03-24,SKU0167,52,0,10.0,39
2025-03-31,SKU0167,38,49,10.0,39
2025-04-07,SKU0167,24,49,10.0,39
2025-04-14,SKU0167,52,0,10.0,39
2025-04-21,SKU0167,28,51,10.0,39
2025-04-28,SKU0167,7,51,10.0,39
2025-05-05,SKU0167,30,53,10.0,39
2025-05-12,SKU0167,4,53,10.0,39
2025-05-19,SKU0167,42,0,10.0,39
2025-05-26,SKU0167,15,52,10.0,39
2025-06-02,SKU0167,53,0,10.0,39
2025-06-09,SKU0167,30,53,10.0,39
2025-06-16,SKU0167,8,53,10.0,39
2025-06-23,SKU0167,48,0,10.0,39
2025-06-30,SKU0167,29,51,10.0,39
2025-07-07,SKU0167,12,51,10.0,39
2025-07-14,SKU0167,42,0,10.0,39
2025-07-21,SKU0167,32,49,10.0,39
2025-07-28,SKU0167,63,0,10.0,39
2025-08-04,SKU0167,27,53,10.0,39
2025-08-11,SKU0167,0,53,10.0,39
2025-08-18,SKU0167,44,0,10.0,39
2025-08-25,SKU0167,31,50,10.0,39
2025-09-01,SKU0167,68,0,10.0,39
2025-09-08,SKU0167,49,0,10.0,39
2025-09-15,SKU0167,34,50,10.0,39
2025-09-22,SKU0167,25,50,10.0,39
2025-09-29,SKU0167,57,0,10.0,39
2025-10-06,SKU0167,30,52,10.0,39
2025-10-13,SKU0167,12,52,10.0,39
2025-10-20,SKU0167,30,50,10.0,39
2025-10-27,SKU0167,0,50,10.0,39
2025-11-03,SKU0167,33,50,10.0,39
2025-11-10,SKU0167,13,50,10.0,39
2025-11-17,SKU0167,52,0,10.0,39
2025-11-24,SKU0167,35,50,10.0,39
2025-12-01,SKU0167,13,50,10.0,39
2025-12-08,SKU0167,47,0,10.0,39
2025-12-15,SKU0167,34,50,10.0,39
2025-12-22,SKU0167,28,50,10.0,39
2025-12-29,SKU0167,68,0,10.0,39
2024-01-01,SKU0168,126,105,26.0,150
2024-01-08,SKU0168,86,105,26.0,150
2024-01-15,SKU0168,46,105,26.0,150
2024-01-22,SKU0168,6,190,26.0,150
2024-01-29,SKU0168,88,85,26.0,150
2024-02-05,SKU0168,48,172,26.0,150
2024-02-12,SKU0168,93,87,26.0,150
2024-02-19,SKU0168,53,172,26.0,150
2024-02-26,SKU0168,13,172,26.0,150
2024-03-04,SKU0168,60,171,26.0,150
2024-03-11,SKU0168,20,171,26.0,150
2024-03-18,SKU0168,65,86,26.0,150
2024-03-25,SKU0168,25,171,26.0,150
2024-04-01,SKU0168,71,85,26.0,150
2024-04-08,SKU0168,31,171,26.0,150
2024-04-15,SKU0168,77,86,26.0,150
2024-04-22,SKU0168,37,172,26.0,150
2024-04-29,SKU0168,83,86,26.0,150
2024-05-06,SKU0168,43,171,26.0,150
2024-05-13,SKU0168,3,171,26.0,150
2024-05-20,SKU0168,49,171,26.0,150
2024-05-27,SKU0168,9,171,26.0,150
2024-06-03,SKU0168,54,171,26.0,150
2024-06-10,SKU0168,14,171,26.0,150
2024-06-17,SKU0168,60,171,26.0,150
2024-06-24,SKU0168,20,171,26.0,150
2024-07-01,SKU0168,65,86,26.0,150
2024-07-08,SKU0168,25,172,26.0,150
2024-07-15,SKU0168,71,86,26.0,150
2024-07-22,SKU0168,31,171,26.0,150
2024-07-29,SKU0168,77,85,26.0,150
2024-08-05,SKU0168,37,171,26.0,150
2024-08-12,SKU0168,83,86,26.0,150
2024-08-19,SKU0168,43,171,26.0,150
2024-08-26,SKU0168,3,171,26.0,150
2024-09-02,SKU0168,49,177,26.0,150
2024-09-09,SKU0168,9,177,26.0,150
2024-09-16,SKU0168,54,92,26.0,150
2024-09-23,SKU0168,14,183,26.0,150
2024-09-30,SKU0168,69,91,26.0,150
2024-10-07,SKU0168,29,185,26.0,150
2024-10-14,SKU0168,80,94,26.0,150
2024-10-21,SKU0168,40,179,26.0,150
2024-10-28,SKU0168,0,179,26.0,150
2024-11-04,SKU0168,60,171,26.0,150
2024-11-11,SKU0168,20,171,26.0,150
2024-11-18,SKU0168,65,86,26.0,150
2024-11-25,SKU0168,25,172,26.0,150
2024-12-02,SKU0168,71,86,26.0,150
2024-12-09,SKU0168,31,171,26.0,150
2024-12-16,SKU0168,77,85,26.0,150
2024-12-23,SKU0168,37,171,26.0,150
2024-12-30,SKU0168,82,86,26.0,150
2025-01-06,SKU0168,42,172,26.0,150
2025-01-13,SKU0168,2,172,26.0,150
2025-01-20,SKU0168,48,171,26.0,150
2025-01-27,SKU0168,8,171,26.0,150
2025-02-03,SKU0168,55,171,26.0,150
2025-02-10,SKU0168,15,171,26.0,150
2025-02-17,SKU0168,60,171,26.0,150
2025-02-24,SKU0168,20,171,26.0,150
2025-03-03,SKU0168,66,85,26.0,150
2025-03-10,SKU0168,26,177,26.0,150
2025-03-17,SKU0168,71,92,26.0,150
2025-03-24,SKU0168,31,176,26.0,150
2025-03-31,SKU0168,89,84,26.0,150
2025-04-07,SKU0168,61,166,26.0,150
2025-04-14,SKU0168,17,166,26.0,150
2025-04-21,SKU0168,65,166,26.0,150
2025-04-28,SKU0168,28,166,26.0,150
2025-05-05,SKU0168,88,84,26.0,150
2025-05-12,SKU0168,58,167,26.0,150
2025-05-19,SKU0168,108,83,26.0,150
2025-05-26,SKU0168,66,165,26.0,150
2025-06-02,SKU0168,36,165,26.0,150
2025-06-09,SKU0168,83,82,26.0,150
2025-06-16,SKU0168,51,165,26.0,150
2025-06-23,SKU0168,103,83,26.0,150
2025-06-30,SKU0168,65,166,26.0,150
2025-07-07,SKU0168,39,166,26.0,150
2025-07-14,SKU0168,92,83,26.0,150
2025-07-21,SKU0168,59,172,26.0,150
2025-07-28,SKU0168,111,89,26.0,150
2025-08-04,SKU0168,69,89,26.0,150
2025-08-11,SKU0168,7,181,26.0,150
2025-08-18,SKU0168,75,92,26.0,150
2025-08-25,SKU0168,38,176,26.0,150
2025-09-01,SKU0168,93,84,26.0,150
2025-09-08,SKU0168,59,167,26.0,150
2025-09-15,SKU0168,28,167,26.0,150
2025-09-22,SKU0168,67,83,26.0,150
2025-09-29,SKU0168,37,168,26.0,150
2025-10-06,SKU0168,85,85,26.0,150
2025-10-13,SKU0168,47,179,26.0,150
2025-10-20,SKU0168,57,94,26.0,150
2025-10-27,SKU0168,0,185,26.0,150
2025-11-03,SKU0168,0,185,26.0,150
2025-11-10,SKU0168,62,91,26.0,150
2025-11-17,SKU0168,113,82,26.0,150
2025-11-24,SKU0168,69,82,26.0,150
2025-12-01,SKU0168,0,172,26.0,150
2025-12-08,SKU0168,72,90,26.0,150
2025-12-15,SKU0168,34,173,26.0,150
2025-12-22,SKU0168,73,83,26.0,150
2025-12-29,SKU0168,31,168,26.0,150
2024-01-01,SKU0169,290,0,16.0,236
2024-01-08,SKU0169,119,259,16.0,236
2024-01-15,SKU0169,0,259,16.0,236
2024-01-22,SKU0169,235,192,16.0,236
2024-01-29,SKU0169,64,192,16.0,236
2024-02-05,SKU0169,0,387,16.0,236
2024-02-12,SKU0169,46,195,16.0,236
2024-02-19,SKU0169,73,210,16.0,236
2024-02-26,SKU0169,0,427,16.0,236
2024-03-04,SKU0169,88,217,16.0,236
2024-03-11,SKU0169,144,210,16.0,236
2024-03-18,SKU0169,0,405,16.0,236
2024-03-25,SKU0169,161,195,16.0,236
2024-04-01,SKU0169,186,241,16.0,236
2024-04-08,SKU0169,15,241,16.0,236
2024-04-15,SKU0169,0,241,16.0,236
2024-04-22,SKU0169,95,210,16.0,236
2024-04-29,SKU0169,0,405,16.0,236
2024-05-06,SKU0169,113,195,16.0,236
2024-05-13,SKU0169,137,192,16.0,236
2024-05-20,SKU0169,0,387,16.0,236
2024-05-27,SKU0169,119,195,16.0,236
2024-06-03,SKU0169,146,210,16.0,236
2024-06-10,SKU0169,0,402,16.0,236
2024-06-17,SKU0169,161,192,16.0,236
2024-06-24,SKU0169,183,195,16.0,236
2024-07-01,SKU0169,28,195,16.0,236
2024-07-08,SKU0169,191,214,16.0,236
2024-07-15,SKU0169,41,214,16.0,236
2024-07-22,SKU0169,105,192,16.0,236
2024-07-29,SKU0169,0,391,16.0,236
2024-08-05,SKU0169,27,400,16.0,236
2024-08-12,SKU0169,174,201,16.0,236
2024-08-19,SKU0169,53,201,16.0,236
2024-08-26,SKU0169,131,203,16.0,236
2024-09-02,SKU0169,32,395,16.0,236
2024-09-09,SKU0169,133,192,16.0,236
2024-09-16,SKU0169,19,408,16.0,236
2024-09-23,SKU0169,70,216,16.0,236
2024-09-30,SKU0169,0,427,16.0,236
2024-10-07,SKU0169,65,211,16.0,236
2024-10-14,SKU0169,0,424,16.0,236
2024-10-21,SKU0169,0,427,16.0,236
2024-10-28,SKU0169,125,214,16.0,236
2024-11-04,SKU0169,0,419,16.0,236
2024-11-11,SKU0169,33,205,16.0,236
2024-11-18,SKU0169,157,216,16.0,236
2024-11-25,SKU0169,0,427,16.0,236
2024-12-02,SKU0169,0,427,16.0,236
2024-12-09,SKU0169,0,427,16.0,236
2024-12-16,SKU0169,0,427,16.0,236
2024-12-23,SKU0169,0,427,16.0,236
2024-12-30,SKU0169,0,427,16.0,236
2025-01-06,SKU0169,0,427,16.0,236
2025-01-13,SKU0169,0,412,16.0,236
2025-01-20,SKU0169,0,412,16.0,236
2025-01-27,SKU0169,243,0,16.0,236
2025-02-03,SKU0169,43,233,16.0,236
2025-02-10,SKU0169,0,427,16.0,236
2025-02-17,SKU0169,126,194,16.0,236
2025-02-24,SKU0169,152,196,16.0,236
2025-03-03,SKU0169,0,427,16.0,236
2025-03-10,SKU0169,152,231,16.0,236
2025-03-17,SKU0169,0,427,16.0,236
2025-03-24,SKU0169,92,196,16.0,236
2025-03-31,SKU0169,0,402,16.0,236
2025-04-07,SKU0169,39,206,16.0,236
2025-04-14,SKU0169,141,214,16.0,236
2025-04-21,SKU0169,0,413,16.0,236
2025-04-28,SKU0169,113,199,16.0,236
2025-05-05,SKU0169,0,396,16.0,236
2025-05-12,SKU0169,62,197,16.0,236
2025-05-19,SKU0169,176,208,16.0,236
2025-05-26,SKU0169,0,208,16.0,236
2025-06-02,SKU0169,110,219,16.0,236
2025-06-09,SKU0169,0,413,16.0,236
2025-06-16,SKU0169,109,194,16.0,236
2025-06-23,SKU0169,184,197,16.0,236
2025-06-30,SKU0169,32,197,16.0,236
2025-07-07,SKU0169,156,230,16.0,236
2025-07-14,SKU0169,23,230,16.0,236
2025-07-21,SKU0169,166,197,16.0,236
2025-07-28,SKU0169,45,197,16.0,236
2025-08-04,SKU0169,55,226,16.0,236
2025-08-11,SKU0169,0,427,16.0,236
2025-08-18,SKU0169,149,201,16.0,236
2025-08-25,SKU0169,192,206,16.0,236
2025-09-01,SKU0169,49,206,16.0,236
2025-09-08,SKU0169,206,202,16.0,236
2025-09-15,SKU0169,59,202,16.0,236
2025-09-22,SKU0169,137,235,16.0,236
2025-09-29,SKU0169,0,427,16.0,236
2025-10-06,SKU0169,173,192,16.0,236
2025-10-13,SKU0169,4,401,16.0,236
2025-10-20,SKU0169,0,427,16.0,236
2025-10-27,SKU0169,0,427,16.0,236
2025-11-03,SKU0169,61,218,16.0,236
2025-11-10,SKU0169,123,205,16.0,236
2025-11-17,SKU0169,0,408,16.0,236
2025-11-24,SKU0169,116,203,16.0,236
2025-12-01,SKU0169,163,219,16.0,236
2025-12-08,SKU0169,0,427,16.0,236
2025-12-15,SKU0169,126,208,16.0,236
2025-12-22,SKU0169,0,402,16.0,236
2025-12-29,SKU0169,75,194,16.0,236
2024-01-01,SKU0170,192,0,22.0,129
2024-01-08,SKU0170,111,86,22.0,129
2024-01-15,SKU0170,30,166,22.0,129
2024-01-22,SKU0170,0,166,22.0,129
2024-01-29,SKU0170,74,80,22.0,129
2024-02-05,SKU0170,74,100,22.0,129
2024-02-12,SKU0170,0,192,22.0,129
2024-02-19,SKU0170,0,192,22.0,129
2024-02-26,SKU0170,66,92,22.0,129
2024-03-04,SKU0170,77,85,22.0,129
2024-03-11,SKU0170,0,177,22.0,129
2024-03-18,SKU0170,0,177,22.0,129
2024-03-25,SKU0170,39,92,22.0,129
2024-04-01,SKU0170,58,88,22.0,129
2024-04-08,SKU0170,0,174,22.0,129
2024-04-15,SKU0170,0,174,22.0,129
2024-04-22,SKU0170,19,166,22.0,129
2024-04-29,SKU0170,28,168,22.0,129
2024-05-06,SKU0170,0,168,22.0,129
2024-05-13,SKU0170,57,88,22.0,129
2024-05-20,SKU0170,76,86,22.0,129
2024-05-27,SKU0170,0,166,22.0,129
2024-06-03,SKU0170,0,166,22.0,129
2024-06-10,SKU0170,28,168,22.0,129
2024-06-17,SKU0170,34,88,22.0,129
2024-06-24,SKU0170,0,186,22.0,129
2024-07-01,SKU0170,76,98,22.0,129
2024-07-08,SKU0170,0,178,22.0,129
2024-07-15,SKU0170,29,168,22.0,129
2024-07-22,SKU0170,0,168,22.0,129
2024-07-29,SKU0170,46,88,22.0,129
2024-08-05,SKU0170,72,86,22.0,129
2024-08-12,SKU0170,0,172,22.0,129
2024-08-19,SKU0170,0,172,22.0,129
2024-08-26,SKU0170,19,181,22.0,129
2024-09-02,SKU0170,77,95,22.0,129
2024-09-09,SKU0170,2,180,22.0,129
2024-09-16,SKU0170,88,85,22.0,129
2024-09-23,SKU0170,25,165,22.0,129
2024-09-30,SKU0170,72,80,22.0,129
2024-10-07,SKU0170,0,175,22.0,129
2024-10-14,SKU0170,36,95,22.0,129
2024-10-21,SKU0170,0,189,22.0,129
2024-10-28,SKU0170,48,94,22.0,129
2024-11-04,SKU0170,0,191,22.0,129
2024-11-11,SKU0170,38,97,22.0,129
2024-11-18,SKU0170,0,181,22.0,129
2024-11-25,SKU0170,23,185,22.0,129
2024-12-02,SKU0170,0,185,22.0,129
2024-12-09,SKU0170,12,186,22.0,129
2024-12-16,SKU0170,0,186,22.0,129
2024-12-23,SKU0170,0,174,22.0,129
2024-12-30,SKU0170,75,89,22.0,129
2025-01-06,SKU0170,0,170,22.0,129
2025-01-13,SKU0170,46,162,22.0,129
2025-01-20,SKU0170,0,162,22.0,129
2025-01-27,SKU0170,24,173,22.0,129
2025-02-03,SKU0170,78,92,22.0,129
2025-02-10,SKU0170,0,192,22.0,129
2025-02-17,SKU0170,76,100,22.0,129
2025-02-24,SKU0170,0,189,22.0,129
2025-03-03,SKU0170,78,89,22.0,129
2025-03-10,SKU0170,34,172,22.0,129
2025-03-17,SKU0170,76,83,22.0,129
2025-03-24,SKU0170,14,194,22.0,129
2025-03-31,SKU0170,67,111,22.0,129
2025-04-07,SKU0170,18,111,22.0,129
2025-04-14,SKU0170,108,85,22.0,129
2025-04-21,SKU0170,45,85,22.0,129
2025-04-28,SKU0170,0,183,22.0,129
2025-05-05,SKU0170,33,98,22.0,129
2025-05-12,SKU0170,0,182,22.0,129
2025-05-19,SKU0170,57,84,22.0,129
2025-05-26,SKU0170,0,164,22.0,129
2025-06-02,SKU0170,27,168,22.0,129
2025-06-09,SKU0170,0,168,22.0,129
2025-06-16,SKU0170,40,168,22.0,129
2025-06-23,SKU0170,62,80,22.0,129
2025-06-30,SKU0170,0,169,22.0,129
2025-07-07,SKU0170,77,89,22.0,129
2025-07-14,SKU0170,20,174,22.0,129
2025-07-21,SKU0170,70,85,22.0,129
2025-07-28,SKU0170,7,175,22.0,129
2025-08-04,SKU0170,47,90,22.0,129
2025-08-11,SKU0170,0,204,22.0,129
2025-08-18,SKU0170,67,114,22.0,129
2025-08-25,SKU0170,3,199,22.0,129
2025-09-01,SKU0170,82,85,22.0,129
2025-09-08,SKU0170,12,167,22.0,129
2025-09-15,SKU0170,78,82,22.0,129
2025-09-22,SKU0170,0,166,22.0,129
2025-09-29,SKU0170,54,84,22.0,129
2025-10-06,SKU0170,0,172,22.0,129
2025-10-13,SKU0170,5,169,22.0,129
2025-10-20,SKU0170,0,169,22.0,129
2025-10-27,SKU0170,33,165,22.0,129
2025-11-03,SKU0170,65,84,22.0,129
2025-11-10,SKU0170,0,166,22.0,129
2025-11-17,SKU0170,56,82,22.0,129
2025-11-24,SKU0170,0,168,22.0,129
2025-12-01,SKU0170,0,172,22.0,129
2025-12-08,SKU0170,0,172,22.0,129
2025-12-15,SKU0170,17,178,22.0,129
2025-12-22,SKU0170,65,92,22.0,129
2025-12-29,SKU0170,0,191,22.0,129
2024-01-01,SKU0171,1092,0,28.0,1013
2024-01-08,SKU0171,934,526,28.0,1013
2024-01-15,SKU0171,776,526,28.0,1013
2024-01-22,SKU0171,618,526,28.0,1013
2024-01-29,SKU0171,460,1045,28.0,1013
2024-02-05,SKU0171,828,519,28.0,1013
2024-02-12,SKU0171,670,519,28.0,1013
2024-02-19,SKU0171,512,519,28.0,1013
2024-02-26,SKU0171,873,519,28.0,1013
2024-03-04,SKU0171,715,519,28.0,1013
2024-03-11,SKU0171,557,519,28.0,1013
2024-03-18,SKU0171,399,1038,28.0,1013
2024-03-25,SKU0171,760,519,28.0,1013
2024-04-01,SKU0171,602,519,28.0,1013
2024-04-08,SKU0171,444,1039,28.0,1013
2024-04-15,SKU0171,805,520,28.0,1013
2024-04-22,SKU0171,647,520,28.0,1013
2024-04-29,SKU0171,489,1039,28.0,1013
2024-05-06,SKU0171,869,519,28.0,1013
2024-05-13,SKU0171,721,519,28.0,1013
2024-05-20,SKU0171,583,519,28.0,1013
2024-05-27,SKU0171,978,519,28.0,1013
2024-06-03,SKU0171,862,519,28.0,1013
2024-06-10,SKU0171,716,519,28.0,1013
2024-06-17,SKU0171,558,519,28.0,1013
2024-06-24,SKU0171,987,522,28.0,1013
2024-07-01,SKU0171,886,522,28.0,1013
2024-07-08,SKU0171,768,522,28.0,1013
2024-07-15,SKU0171,635,522,28.0,1013
2024-07-22,SKU0171,1049,0,28.0,1013
2024-07-29,SKU0171,951,519,28.0,1013
2024-08-05,SKU0171,765,519,28.0,1013
2024-08-12,SKU0171,579,519,28.0,1013
2024-08-19,SKU0171,454,1048,28.0,1013
2024-08-26,SKU0171,858,529,28.0,1013
2024-09-02,SKU0171,730,529,28.0,1013
2024-09-09,SKU0171,603,529,28.0,1013
2024-09-16,SKU0171,968,542,28.0,1013
2024-09-23,SKU0171,821,542,28.0,1013
2024-09-30,SKU0171,699,542,28.0,1013
2024-10-07,SKU0171,527,542,28.0,1013
2024-10-14,SKU0171,847,529,28.0,1013
2024-10-21,SKU0171,583,529,28.0,1013
2024-10-28,SKU0171,358,1062,28.0,1013
2024-11-04,SKU0171,152,1062,28.0,1013
2024-11-11,SKU0171,527,533,28.0,1013
2024-11-18,SKU0171,365,1060,28.0,1013
2024-11-25,SKU0171,699,527,28.0,1013
2024-12-02,SKU0171,410,1081,28.0,1013
2024-12-09,SKU0171,197,1081,28.0,1013
2024-12-16,SKU0171,514,554,28.0,1013
2024-12-23,SKU0171,231,1104,28.0,1013
2024-12-30,SKU0171,568,550,28.0,1013
2025-01-06,SKU0171,309,1088,28.0,1013
2025-01-13,SKU0171,88,1088,28.0,1013
2025-01-20,SKU0171,432,1096,28.0,1013
2025-01-27,SKU0171,247,1096,28.0,1013
2025-02-03,SKU0171,588,558,28.0,1013
2025-02-10,SKU0171,455,558,28.0,1013
2025-02-17,SKU0171,849,586,28.0,1013
2025-02-24,SKU0171,715,586,28.0,1013
2025-03-03,SKU0171,578,586,28.0,1013
2025-03-10,SKU0171,469,586,28.0,1013
2025-03-17,SKU0171,903,550,28.0,1013
2025-03-24,SKU0171,765,550,28.0,1013
2025-03-31,SKU0171,636,550,28.0,1013
2025-04-07,SKU0171,505,550,28.0,1013
2025-04-14,SKU0171,930,528,28.0,1013
2025-04-21,SKU0171,802,528,28.0,1013
2025-04-28,SKU0171,656,528,28.0,1013
2025-05-05,SKU0171,531,528,28.0,1013
2025-05-12,SKU0171,956,546,28.0,1013
2025-05-19,SKU0171,831,546,28.0,1013
2025-05-26,SKU0171,717,546,28.0,1013
2025-06-02,SKU0171,597,546,28.0,1013
2025-06-09,SKU0171,1046,0,28.0,1013
2025-06-16,SKU0171,948,533,28.0,1013
2025-06-23,SKU0171,814,533,28.0,1013
2025-06-30,SKU0171,698,533,28.0,1013
2025-07-07,SKU0171,585,533,28.0,1013
2025-07-14,SKU0171,1014,0,28.0,1013
2025-07-21,SKU0171,863,528,28.0,1013
2025-07-28,SKU0171,747,528,28.0,1013
2025-08-04,SKU0171,532,528,28.0,1013
2025-08-11,SKU0171,297,1133,28.0,1013
2025-08-18,SKU0171,671,605,28.0,1013
2025-08-25,SKU0171,554,605,28.0,1013
2025-09-01,SKU0171,425,605,28.0,1013
2025-09-08,SKU0171,923,532,28.0,1013
2025-09-15,SKU0171,808,532,28.0,1013
2025-09-22,SKU0171,705,532,28.0,1013
2025-09-29,SKU0171,585,532,28.0,1013
2025-10-06,SKU0171,974,554,28.0,1013
2025-10-13,SKU0171,805,554,28.0,1013
2025-10-20,SKU0171,513,554,28.0,1013
2025-10-27,SKU0171,297,1087,28.0,1013
2025-11-03,SKU0171,687,533,28.0,1013
2025-11-10,SKU0171,535,533,28.0,1013
2025-11-17,SKU0171,361,1068,28.0,1013
2025-11-24,SKU0171,748,535,28.0,1013
2025-12-01,SKU0171,489,535,28.0,1013
2025-12-08,SKU0171,253,1078,28.0,1013
2025-12-15,SKU0171,631,543,28.0,1013
2025-12-22,SKU0171,466,543,28.0,1013
2025-12-29,SKU0171,295,1092,28.0,1013
2024-01-01,SKU0172,85,0,14.0,71
2024-01-08,SKU0172,5,96,14.0,71
2024-01-15,SKU0172,0,96,14.0,71
2024-01-22,SKU0172,51,0,14.0,71
2024-01-29,SKU0172,0,0,14.0,71
2024-02-05,SKU0172,0,135,14.0,71
2024-02-12,SKU0172,0,135,14.0,71
2024-02-19,SKU0172,56,79,14.0,71
2024-02-26,SKU0172,0,79,14.0,71
2024-03-04,SKU0172,68,67,14.0,71
2024-03-11,SKU0172,0,67,14.0,71
2024-03-18,SKU0172,56,68,14.0,71
2024-03-25,SKU0172,0,68,14.0,71
2024-04-01,SKU0172,45,67,14.0,71
2024-04-08,SKU0172,0,135,14.0,71
2024-04-15,SKU0172,22,68,14.0,71
2024-04-22,SKU0172,34,67,14.0,71
2024-04-29,SKU0172,0,67,14.0,71
2024-05-06,SKU0172,10,113,14.0,71
2024-05-13,SKU0172,0,113,14.0,71
2024-05-20,SKU0172,90,0,14.0,71
2024-05-27,SKU0172,11,101,14.0,71
2024-06-03,SKU0172,0,101,14.0,71
2024-06-10,SKU0172,67,0,14.0,71
2024-06-17,SKU0172,0,79,14.0,71
2024-06-24,SKU0172,0,79,14.0,71
2024-07-01,SKU0172,0,79,14.0,71
2024-07-08,SKU0172,0,79,14.0,71
2024-07-15,SKU0172,11,113,14.0,71
2024-07-22,SKU0172,0,113,14.0,71
2024-07-29,SKU0172,90,0,14.0,71
2024-08-05,SKU0172,11,113,14.0,71
2024-08-12,SKU0172,0,113,14.0,71
2024-08-19,SKU0172,90,0,14.0,71
2024-08-26,SKU0172,11,0,14.0,71
2024-09-02,SKU0172,0,135,14.0,71
2024-09-09,SKU0172,0,135,14.0,71
2024-09-16,SKU0172,101,0,14.0,71
2024-09-23,SKU0172,22,79,14.0,71
2024-09-30,SKU0172,0,79,14.0,71
2024-10-07,SKU0172,34,67,14.0,71
2024-10-14,SKU0172,0,135,14.0,71
2024-10-21,SKU0172,22,68,14.0,71
2024-10-28,SKU0172,45,90,14.0,71
2024-11-04,SKU0172,0,90,14.0,71
2024-11-11,SKU0172,79,0,14.0,71
2024-11-18,SKU0172,0,0,14.0,71
2024-11-25,SKU0172,0,0,14.0,71
2024-12-02,SKU0172,0,135,14.0,71
2024-12-09,SKU0172,0,135,14.0,71
2024-12-16,SKU0172,112,0,14.0,71
2024-12-23,SKU0172,33,0,14.0,71
2024-12-30,SKU0172,0,135,14.0,71
2025-01-06,SKU0172,0,135,14.0,71
2025-01-13,SKU0172,78,0,14.0,71
2025-01-20,SKU0172,0,91,14.0,71
2025-01-27,SKU0172,0,91,14.0,71
2025-02-03,SKU0172,34,67,14.0,71
2025-02-10,SKU0172,0,67,14.0,71
2025-02-17,SKU0172,22,79,14.0,71
2025-02-24,SKU0172,0,79,14.0,71
2025-03-03,SKU0172,34,67,14.0,71
2025-03-10,SKU0172,0,135,14.0,71
2025-03-17,SKU0172,19,68,14.0,71
2025-03-24,SKU0172,15,0,14.0,71
2025-03-31,SKU0172,0,127,14.0,71
2025-04-07,SKU0172,0,127,14.0,71
2025-04-14,SKU0172,48,0,14.0,71
2025-04-21,SKU0172,6,106,14.0,71
2025-04-28,SKU0172,0,106,14.0,71
2025-05-05,SKU0172,50,85,14.0,71
2025-05-12,SKU0172,0,85,14.0,71
2025-05-19,SKU0172,75,0,14.0,71
2025-05-26,SKU0172,5,104,14.0,71
2025-06-02,SKU0172,0,104,14.0,71
2025-06-09,SKU0172,60,0,14.0,71
2025-06-16,SKU0172,0,96,14.0,71
2025-06-23,SKU0172,0,96,14.0,71
2025-06-30,SKU0172,39,90,14.0,71
2025-07-07,SKU0172,0,90,14.0,71
2025-07-14,SKU0172,69,0,14.0,71
2025-07-21,SKU0172,0,79,14.0,71
2025-07-28,SKU0172,0,79,14.0,71
2025-08-04,SKU0172,2,72,14.0,71
2025-08-11,SKU0172,0,72,14.0,71
2025-08-18,SKU0172,26,0,14.0,71
2025-08-25,SKU0172,0,118,14.0,71
2025-09-01,SKU0172,0,118,14.0,71
2025-09-08,SKU0172,50,85,14.0,71
2025-09-15,SKU0172,0,85,14.0,71
2025-09-22,SKU0172,81,0,14.0,71
2025-09-29,SKU0172,23,65,14.0,71
2025-10-06,SKU0172,0,135,14.0,71
2025-10-13,SKU0172,0,135,14.0,71
2025-10-20,SKU0172,0,65,14.0,71
2025-10-27,SKU0172,46,70,14.0,71
2025-11-03,SKU0172,0,135,14.0,71
2025-11-10,SKU0172,0,135,14.0,71
2025-11-17,SKU0172,58,70,14.0,71
2025-11-24,SKU0172,42,0,14.0,71
2025-12-01,SKU0172,0,119,14.0,71
2025-12-08,SKU0172,0,119,14.0,71
2025-12-15,SKU0172,46,74,14.0,71
2025-12-22,SKU0172,0,74,14.0,71
2025-12-29,SKU0172,52,79,14.0,71
2024-01-01,SKU0173,133,116,23.0,156
2024-01-08,SKU0173,99,116,23.0,156
2024-01-15,SKU0173,65,116,23.0,156
2024-01-22,SKU0173,31,116,23.0,156
2024-01-29,SKU0173,113,107,23.0,156
2024-02-05,SKU0173,79,107,23.0,156
2024-02-12,SKU0173,45,204,23.0,156
2024-02-19,SKU0173,118,97,23.0,156
2024-02-26,SKU0173,84,97,23.0,156
2024-03-04,SKU0173,50,199,23.0,156
2024-03-11,SKU0173,113,102,23.0,156
2024-03-18,SKU0173,79,102,23.0,156
2024-03-25,SKU0173,45,199,23.0,156
2024-04-01,SKU0173,113,97,23.0,156
2024-04-08,SKU0173,79,97,23.0,156
2024-04-15,SKU0173,45,195,23.0,156
2024-04-22,SKU0173,108,98,23.0,156
2024-04-29,SKU0173,74,98,23.0,156
2024-05-06,SKU0173,138,107,23.0,156
2024-05-13,SKU0173,103,107,23.0,156
2024-05-20,SKU0173,69,107,23.0,156
2024-05-27,SKU0173,35,204,23.0,156
2024-06-03,SKU0173,108,97,23.0,156
2024-06-10,SKU0173,74,97,23.0,156
2024-06-17,SKU0173,137,102,23.0,156
2024-06-24,SKU0173,103,102,23.0,156
2024-07-01,SKU0173,69,102,23.0,156
2024-07-08,SKU0173,137,102,23.0,156
2024-07-15,SKU0173,103,102,23.0,156
2024-07-22,SKU0173,69,102,23.0,156
2024-07-29,SKU0173,137,97,23.0,156
2024-08-05,SKU0173,103,97,23.0,156
2024-08-12,SKU0173,69,97,23.0,156
2024-08-19,SKU0173,132,98,23.0,156
2024-08-26,SKU0173,98,98,23.0,156
2024-09-02,SKU0173,64,98,23.0,156
2024-09-09,SKU0173,128,102,23.0,156
2024-09-16,SKU0173,94,102,23.0,156
2024-09-23,SKU0173,60,102,23.0,156
2024-09-30,SKU0173,128,97,23.0,156
2024-10-07,SKU0173,94,97,23.0,156
2024-10-14,SKU0173,60,97,23.0,156
2024-10-21,SKU0173,123,107,23.0,156
2024-10-28,SKU0173,89,107,23.0,156
2024-11-04,SKU0173,55,107,23.0,156
2024-11-11,SKU0173,128,97,23.0,156
2024-11-18,SKU0173,94,97,23.0,156
2024-11-25,SKU0173,59,97,23.0,156
2024-12-02,SKU0173,122,112,23.0,156
2024-12-09,SKU0173,88,112,23.0,156
2024-12-16,SKU0173,54,112,23.0,156
2024-12-23,SKU0173,132,112,23.0,156
2024-12-30,SKU0173,100,112,23.0,156
2025-01-06,SKU0173,39,112,23.0,156
2025-01-13,SKU0173,0,221,23.0,156
2025-01-20,SKU0173,82,109,23.0,156
2025-01-27,SKU0173,47,109,23.0,156
2025-02-03,SKU0173,121,123,23.0,156
2025-02-10,SKU0173,78,123,23.0,156
2025-02-17,SKU0173,41,123,23.0,156
2025-02-24,SKU0173,5,231,23.0,156
2025-03-03,SKU0173,95,108,23.0,156
2025-03-10,SKU0173,63,108,23.0,156
2025-03-17,SKU0173,139,95,23.0,156
2025-03-24,SKU0173,110,95,23.0,156
2025-03-31,SKU0173,78,95,23.0,156
2025-04-07,SKU0173,147,98,23.0,156
2025-04-14,SKU0173,123,98,23.0,156
2025-04-21,SKU0173,91,98,23.0,156
2025-04-28,SKU0173,66,98,23.0,156
2025-05-05,SKU0173,134,99,23.0,156
2025-05-12,SKU0173,108,99,23.0,156
2025-05-19,SKU0173,82,99,23.0,156
2025-05-26,SKU0173,151,94,23.0,156
2025-06-02,SKU0173,127,94,23.0,156
2025-06-09,SKU0173,97,94,23.0,156
2025-06-16,SKU0173,65,94,23.0,156
2025-06-23,SKU0173,127,106,23.0,156
2025-06-30,SKU0173,104,106,23.0,156
2025-07-07,SKU0173,73,106,23.0,156
2025-07-14,SKU0173,158,0,23.0,156
2025-07-21,SKU0173,133,100,23.0,156
2025-07-28,SKU0173,110,100,23.0,156
2025-08-04,SKU0173,71,100,23.0,156
2025-08-11,SKU0173,121,124,23.0,156
2025-08-18,SKU0173,90,124,23.0,156
2025-08-25,SKU0173,58,124,23.0,156
2025-09-01,SKU0173,30,124,23.0,156
2025-09-08,SKU0173,135,99,23.0,156
2025-09-15,SKU0173,108,99,23.0,156
2025-09-22,SKU0173,81,99,23.0,156
2025-09-29,SKU0173,148,96,23.0,156
2025-10-06,SKU0173,109,96,23.0,156
2025-10-13,SKU0173,72,96,23.0,156
2025-10-20,SKU0173,13,192,23.0,156
2025-10-27,SKU0173,59,96,23.0,156
2025-11-03,SKU0173,26,208,23.0,156
2025-11-10,SKU0173,84,112,23.0,156
2025-11-17,SKU0173,49,112,23.0,156
2025-11-24,SKU0173,134,95,23.0,156
2025-12-01,SKU0173,71,95,23.0,156
2025-12-08,SKU0173,28,196,23.0,156
2025-12-15,SKU0173,84,101,23.0,156
2025-12-22,SKU0173,51,196,23.0,156
2025-12-29,SKU0173,115,95,23.0,156
2024-01-01,SKU0174,1963,0,19.0,1282
2024-01-08,SKU0174,1620,0,19.0,1282
2024-01-15,SKU0174,1276,898,19.0,1282
2024-01-22,SKU0174,933,898,19.0,1282
2024-01-29,SKU0174,590,898,19.0,1282
2024-02-05,SKU0174,1145,980,19.0,1282
2024-02-12,SKU0174,801,980,19.0,1282
2024-02-19,SKU0174,458,980,19.0,1282
2024-02-26,SKU0174,1095,981,19.0,1282
2024-03-04,SKU0174,751,981,19.0,1282
2024-03-11,SKU0174,408,981,19.0,1282
2024-03-18,SKU0174,1046,981,19.0,1282
2024-03-25,SKU0174,703,981,19.0,1282
2024-04-01,SKU0174,359,981,19.0,1282
2024-04-08,SKU0174,997,932,19.0,1282
2024-04-15,SKU0174,654,932,19.0,1282
2024-04-22,SKU0174,1242,0,19.0,1282
2024-04-29,SKU0174,899,981,19.0,1282
2024-05-06,SKU0174,556,981,19.0,1282
2024-05-13,SKU0174,1194,931,19.0,1282
2024-05-20,SKU0174,850,931,19.0,1282
2024-05-27,SKU0174,507,931,19.0,1282
2024-06-03,SKU0174,1095,932,19.0,1282
2024-06-10,SKU0174,752,932,19.0,1282
2024-06-17,SKU0174,408,932,19.0,1282
2024-06-24,SKU0174,997,932,19.0,1282
2024-07-01,SKU0174,654,932,19.0,1282
2024-07-08,SKU0174,1242,0,19.0,1282
2024-07-15,SKU0174,899,1030,19.0,1282
2024-07-22,SKU0174,556,1030,19.0,1282
2024-07-29,SKU0174,1243,931,19.0,1282
2024-08-05,SKU0174,899,931,19.0,1282
2024-08-12,SKU0174,556,931,19.0,1282
2024-08-19,SKU0174,1144,932,19.0,1282
2024-08-26,SKU0174,800,932,19.0,1282
2024-09-02,SKU0174,457,932,19.0,1282
2024-09-09,SKU0174,1046,932,19.0,1282
2024-09-16,SKU0174,703,932,19.0,1282
2024-09-23,SKU0174,359,932,19.0,1282
2024-09-30,SKU0174,948,932,19.0,1282
2024-10-07,SKU0174,605,932,19.0,1282
2024-10-14,SKU0174,1193,931,19.0,1282
2024-10-21,SKU0174,850,931,19.0,1282
2024-10-28,SKU0174,507,931,19.0,1282
2024-11-04,SKU0174,1095,981,19.0,1282
2024-11-11,SKU0174,751,981,19.0,1282
2024-11-18,SKU0174,408,981,19.0,1282
2024-11-25,SKU0174,1046,932,19.0,1282
2024-12-02,SKU0174,703,932,19.0,1282
2024-12-09,SKU0174,359,932,19.0,1282
2024-12-16,SKU0174,948,932,19.0,1282
2024-12-23,SKU0174,605,932,19.0,1282
2024-12-30,SKU0174,1193,0,19.0,1282
2025-01-06,SKU0174,850,1030,19.0,1282
2025-01-13,SKU0174,507,1030,19.0,1282
2025-01-20,SKU0174,1194,931,19.0,1282
2025-01-27,SKU0174,850,931,19.0,1282
2025-02-03,SKU0174,507,931,19.0,1282
2025-02-10,SKU0174,1095,1030,19.0,1282
2025-02-17,SKU0174,751,1030,19.0,1282
2025-02-24,SKU0174,408,1030,19.0,1282
2025-03-03,SKU0174,1095,981,19.0,1282
2025-03-10,SKU0174,752,981,19.0,1282
2025-03-17,SKU0174,408,981,19.0,1282
2025-03-24,SKU0174,1046,932,19.0,1282
2025-03-31,SKU0174,703,932,19.0,1282
2025-04-07,SKU0174,359,932,19.0,1282
2025-04-14,SKU0174,948,981,19.0,1282
2025-04-21,SKU0174,605,981,19.0,1282
2025-04-28,SKU0174,1243,0,19.0,1282
2025-05-05,SKU0174,899,980,19.0,1282
2025-05-12,SKU0174,556,980,19.0,1282
2025-05-19,SKU0174,1193,932,19.0,1282
2025-05-26,SKU0174,850,932,19.0,1282
2025-06-02,SKU0174,506,932,19.0,1282
2025-06-09,SKU0174,1095,1030,19.0,1282
2025-06-16,SKU0174,752,1030,19.0,1282
2025-06-23,SKU0174,408,1030,19.0,1282
2025-06-30,SKU0174,1095,1079,19.0,1282
2025-07-07,SKU0174,752,1079,19.0,1282
2025-07-14,SKU0174,409,1079,19.0,1282
2025-07-21,SKU0174,1144,932,19.0,1282
2025-07-28,SKU0174,801,932,19.0,1282
2025-08-04,SKU0174,458,932,19.0,1282
2025-08-11,SKU0174,1046,980,19.0,1282
2025-08-18,SKU0174,703,980,19.0,1282
2025-08-25,SKU0174,360,980,19.0,1282
2025-09-01,SKU0174,1081,981,19.0,1282
2025-09-08,SKU0174,800,981,19.0,1282
2025-09-15,SKU0174,527,981,19.0,1282
2025-09-22,SKU0174,1293,0,19.0,1282
2025-09-29,SKU0174,1031,916,19.0,1282
2025-10-06,SKU0174,673,916,19.0,1282
2025-10-13,SKU0174,1333,0,19.0,1282
2025-10-20,SKU0174,730,979,19.0,1282
2025-10-27,SKU0174,290,1884,19.0,1282
2025-11-03,SKU0174,939,905,19.0,1282
2025-11-10,SKU0174,612,905,19.0,1282
2025-11-17,SKU0174,1239,935,19.0,1282
2025-11-24,SKU0174,891,935,19.0,1282
2025-12-01,SKU0174,317,935,19.0,1282
2025-12-08,SKU0174,818,1003,19.0,1282
2025-12-15,SKU0174,483,1003,19.0,1282
2025-12-22,SKU0174,1212,900,19.0,1282
2025-12-29,SKU0174,868,900,19.0,1282
2024-01-01,SKU0175,1554,0,20.0,970
2024-01-08,SKU0175,1296,0,20.0,970
2024-01-15,SKU0175,1038,0,20.0,970
2024-01-22,SKU0175,780,652,20.0,970
2024-01-29,SKU0175,522,652,20.0,970
2024-02-05,SKU0175,264,1316,20.0,970
2024-02-12,SKU0175,658,664,20.0,970
2024-02-19,SKU0175,400,664,20.0,970
2024-02-26,SKU0175,806,663,20.0,970
2024-03-04,SKU0175,548,663,20.0,970
2024-03-11,SKU0175,291,663,20.0,970
2024-03-18,SKU0175,696,737,20.0,970
2024-03-25,SKU0175,438,737,20.0,970
2024-04-01,SKU0175,180,1401,20.0,970
2024-04-08,SKU0175,659,664,20.0,970
2024-04-15,SKU0175,401,664,20.0,970
2024-04-22,SKU0175,807,663,20.0,970
2024-04-29,SKU0175,549,663,20.0,970
2024-05-06,SKU0175,291,663,20.0,970
2024-05-13,SKU0175,696,700,20.0,970
2024-05-20,SKU0175,438,700,20.0,970
2024-05-27,SKU0175,880,663,20.0,970
2024-06-03,SKU0175,622,663,20.0,970
2024-06-10,SKU0175,364,663,20.0,970
2024-06-17,SKU0175,769,664,20.0,970
2024-06-24,SKU0175,511,664,20.0,970
2024-07-01,SKU0175,253,1327,20.0,970
2024-07-08,SKU0175,659,663,20.0,970
2024-07-15,SKU0175,401,663,20.0,970
2024-07-22,SKU0175,806,663,20.0,970
2024-07-29,SKU0175,548,663,20.0,970
2024-08-05,SKU0175,290,1327,20.0,970
2024-08-12,SKU0175,695,664,20.0,970
2024-08-19,SKU0175,437,664,20.0,970
2024-08-26,SKU0175,843,663,20.0,970
2024-09-02,SKU0175,585,663,20.0,970
2024-09-09,SKU0175,327,663,20.0,970
2024-09-16,SKU0175,732,663,20.0,970
2024-09-23,SKU0175,475,663,20.0,970
2024-09-30,SKU0175,880,664,20.0,970
2024-10-07,SKU0175,622,664,20.0,970
2024-10-14,SKU0175,364,664,20.0,970
2024-10-21,SKU0175,770,663,20.0,970
2024-10-28,SKU0175,512,663,20.0,970
2024-11-04,SKU0175,254,1326,20.0,970
2024-11-11,SKU0175,659,663,20.0,970
2024-11-18,SKU0175,401,663,20.0,970
2024-11-25,SKU0175,806,664,20.0,970
2024-12-02,SKU0175,548,664,20.0,970
2024-12-09,SKU0175,290,1327,20.0,970
2024-12-16,SKU0175,696,663,20.0,970
2024-12-23,SKU0175,438,663,20.0,970
2024-12-30,SKU0175,843,663,20.0,970
2025-01-06,SKU0175,585,663,20.0,970
2025-01-13,SKU0175,327,663,20.0,970
2025-01-20,SKU0175,732,664,20.0,970
2025-01-27,SKU0175,474,664,20.0,970
2025-02-03,SKU0175,880,663,20.0,970
2025-02-10,SKU0175,622,663,20.0,970
2025-02-17,SKU0175,364,663,20.0,970
2025-02-24,SKU0175,769,700,20.0,970
2025-03-03,SKU0175,511,700,20.0,970
2025-03-10,SKU0175,253,1364,20.0,970
2025-03-17,SKU0175,695,664,20.0,970
2025-03-24,SKU0175,437,664,20.0,970
2025-03-31,SKU0175,855,663,20.0,970
2025-04-07,SKU0175,663,663,20.0,970
2025-04-14,SKU0175,482,663,20.0,970
2025-04-21,SKU0175,904,677,20.0,970
2025-04-28,SKU0175,691,677,20.0,970
2025-05-05,SKU0175,413,677,20.0,970
2025-05-12,SKU0175,875,666,20.0,970
2025-05-19,SKU0175,646,666,20.0,970
2025-05-26,SKU0175,371,666,20.0,970
2025-06-02,SKU0175,792,689,20.0,970
2025-06-09,SKU0175,574,689,20.0,970
2025-06-16,SKU0175,369,689,20.0,970
2025-06-23,SKU0175,878,678,20.0,970
2025-06-30,SKU0175,737,678,20.0,970
2025-07-07,SKU0175,584,678,20.0,970
2025-07-14,SKU0175,1049,0,20.0,970
2025-07-21,SKU0175,821,764,20.0,970
2025-07-28,SKU0175,622,764,20.0,970
2025-08-04,SKU0175,347,764,20.0,970
2025-08-11,SKU0175,776,655,20.0,970
2025-08-18,SKU0175,561,655,20.0,970
2025-08-25,SKU0175,397,655,20.0,970
2025-09-01,SKU0175,826,658,20.0,970
2025-09-08,SKU0175,635,658,20.0,970
2025-09-15,SKU0175,465,658,20.0,970
2025-09-22,SKU0175,866,684,20.0,970
2025-09-29,SKU0175,651,684,20.0,970
2025-10-06,SKU0175,365,684,20.0,970
2025-10-13,SKU0175,814,716,20.0,970
2025-10-20,SKU0175,275,716,20.0,970
2025-10-27,SKU0175,0,1402,20.0,970
2025-11-03,SKU0175,586,686,20.0,970
2025-11-10,SKU0175,979,0,20.0,970
2025-11-17,SKU0175,688,699,20.0,970
2025-11-24,SKU0175,362,699,20.0,970
2025-12-01,SKU0175,611,651,20.0,970
2025-12-08,SKU0175,189,1327,20.0,970
2025-12-15,SKU0175,0,1327,20.0,970
2025-12-22,SKU0175,378,676,20.0,970
2025-12-29,SKU0175,750,710,20.0,970
2024-01-01,SKU0176,511,0,16.0,372
2024-01-08,SKU0176,346,302,16.0,372
2024-01-15,SKU0176,182,302,16.0,372
2024-01-22,SKU0176,18,631,16.0,372
2024-01-29,SKU0176,155,329,16.0,372
2024-02-05,SKU0176,0,634,16.0,372
2024-02-12,SKU0176,165,305,16.0,372
2024-02-19,SKU0176,305,320,16.0,372
2024-02-26,SKU0176,141,320,16.0,372
2024-03-04,SKU0176,297,305,16.0,372
2024-03-11,SKU0176,132,305,16.0,372
2024-03-18,SKU0176,273,305,16.0,372
2024-03-25,SKU0176,109,305,16.0,372
2024-04-01,SKU0176,249,329,16.0,372
2024-04-08,SKU0176,85,329,16.0,372
2024-04-15,SKU0176,259,305,16.0,372
2024-04-22,SKU0176,94,305,16.0,372
2024-04-29,SKU0176,235,390,16.0,372
2024-05-06,SKU0176,71,390,16.0,372
2024-05-13,SKU0176,367,305,16.0,372
2024-05-20,SKU0176,202,305,16.0,372
2024-05-27,SKU0176,38,611,16.0,372
2024-06-03,SKU0176,179,306,16.0,372
2024-06-10,SKU0176,14,611,16.0,372
2024-06-17,SKU0176,156,305,16.0,372
2024-06-24,SKU0176,297,305,16.0,372
2024-07-01,SKU0176,132,305,16.0,372
2024-07-08,SKU0176,273,305,16.0,372
2024-07-15,SKU0176,109,305,16.0,372
2024-07-22,SKU0176,249,352,16.0,372
2024-07-29,SKU0176,85,352,16.0,372
2024-08-05,SKU0176,305,306,16.0,372
2024-08-12,SKU0176,141,306,16.0,372
2024-08-19,SKU0176,282,319,16.0,372
2024-08-26,SKU0176,118,319,16.0,372
2024-09-02,SKU0176,273,305,16.0,372
2024-09-09,SKU0176,108,305,16.0,372
2024-09-16,SKU0176,249,329,16.0,372
2024-09-23,SKU0176,85,329,16.0,372
2024-09-30,SKU0176,259,305,16.0,372
2024-10-07,SKU0176,94,305,16.0,372
2024-10-14,SKU0176,235,320,16.0,372
2024-10-21,SKU0176,71,320,16.0,372
2024-10-28,SKU0176,226,328,16.0,372
2024-11-04,SKU0176,62,328,16.0,372
2024-11-11,SKU0176,234,306,16.0,372
2024-11-18,SKU0176,70,306,16.0,372
2024-11-25,SKU0176,211,367,16.0,372
2024-12-02,SKU0176,47,367,16.0,372
2024-12-09,SKU0176,297,305,16.0,372
2024-12-16,SKU0176,132,305,16.0,372
2024-12-23,SKU0176,273,305,16.0,372
2024-12-30,SKU0176,109,305,16.0,372
2025-01-06,SKU0176,249,305,16.0,372
2025-01-13,SKU0176,85,305,16.0,372
2025-01-20,SKU0176,226,306,16.0,372
2025-01-27,SKU0176,61,611,16.0,372
2025-02-03,SKU0176,203,305,16.0,372
2025-02-10,SKU0176,39,610,16.0,372
2025-02-17,SKU0176,179,305,16.0,372
2025-02-24,SKU0176,15,610,16.0,372
2025-03-03,SKU0176,156,305,16.0,372
2025-03-10,SKU0176,296,329,16.0,372
2025-03-17,SKU0176,132,329,16.0,372
2025-03-24,SKU0176,306,343,16.0,372
2025-03-31,SKU0176,141,343,16.0,372
2025-04-07,SKU0176,0,672,16.0,372
2025-04-14,SKU0176,179,329,16.0,372
2025-04-21,SKU0176,14,634,16.0,372
2025-04-28,SKU0176,179,305,16.0,372
2025-05-05,SKU0176,15,610,16.0,372
2025-05-12,SKU0176,155,305,16.0,372
2025-05-19,SKU0176,296,306,16.0,372
2025-05-26,SKU0176,132,306,16.0,372
2025-06-02,SKU0176,273,328,16.0,372
2025-06-09,SKU0176,109,328,16.0,372
2025-06-16,SKU0176,281,305,16.0,372
2025-06-23,SKU0176,117,305,16.0,372
2025-06-30,SKU0176,257,321,16.0,372
2025-07-07,SKU0176,93,321,16.0,372
2025-07-14,SKU0176,251,328,16.0,372
2025-07-21,SKU0176,86,328,16.0,372
2025-07-28,SKU0176,258,305,16.0,372
2025-08-04,SKU0176,93,305,16.0,372
2025-08-11,SKU0176,234,321,16.0,372
2025-08-18,SKU0176,70,321,16.0,372
2025-08-25,SKU0176,227,328,16.0,372
2025-09-01,SKU0176,63,328,16.0,372
2025-09-08,SKU0176,234,305,16.0,372
2025-09-15,SKU0176,70,305,16.0,372
2025-09-22,SKU0176,210,344,16.0,372
2025-09-29,SKU0176,46,344,16.0,372
2025-10-06,SKU0176,250,305,16.0,372
2025-10-13,SKU0176,86,305,16.0,372
2025-10-20,SKU0176,226,305,16.0,372
2025-10-27,SKU0176,62,610,16.0,372
2025-11-03,SKU0176,203,305,16.0,372
2025-11-10,SKU0176,38,610,16.0,372
2025-11-17,SKU0176,179,305,16.0,372
2025-11-24,SKU0176,41,622,16.0,372
2025-12-01,SKU0176,68,317,16.0,372
2025-12-08,SKU0176,0,635,16.0,372
2025-12-15,SKU0176,172,318,16.0,372
2025-12-22,SKU0176,352,320,16.0,372
2025-12-29,SKU0176,223,320,16.0,372
2024-01-01,SKU0177,231,0,10.0,125
2024-01-08,SKU0177,0,153,10.0,125
2024-01-15,SKU0177,82,161,10.0,125
2024-01-22,SKU0177,0,161,10.0,125
2024-01-29,SKU0177,0,188,10.0,125
2024-02-05,SKU0177,117,161,10.0,125
2024-02-12,SKU0177,0,161,10.0,125
2024-02-19,SKU0177,0,188,10.0,125
2024-02-26,SKU0177,152,0,10.0,125
2024-03-04,SKU0177,0,161,10.0,125
2024-03-11,SKU0177,19,188,10.0,125
2024-03-18,SKU0177,0,188,10.0,125
2024-03-25,SKU0177,0,161,10.0,125
2024-04-01,SKU0177,54,0,10.0,125
2024-04-08,SKU0177,0,259,10.0,125
2024-04-15,SKU0177,117,161,10.0,125
2024-04-22,SKU0177,0,161,10.0,125
2024-04-29,SKU0177,0,188,10.0,125
2024-05-06,SKU0177,152,0,10.0,125
2024-05-13,SKU0177,0,197,10.0,125
2024-05-20,SKU0177,90,188,10.0,125
2024-05-27,SKU0177,0,188,10.0,125
2024-06-03,SKU0177,10,161,10.0,125
2024-06-10,SKU0177,125,0,10.0,125
2024-06-17,SKU0177,0,188,10.0,125
2024-06-24,SKU0177,46,161,10.0,125
2024-07-01,SKU0177,0,161,10.0,125
2024-07-08,SKU0177,0,188,10.0,125
2024-07-15,SKU0177,81,161,10.0,125
2024-07-22,SKU0177,0,161,10.0,125
2024-07-29,SKU0177,0,188,10.0,125
2024-08-05,SKU0177,117,0,10.0,125
2024-08-12,SKU0177,0,197,10.0,125
2024-08-19,SKU0177,55,188,10.0,125
2024-08-26,SKU0177,0,188,10.0,125
2024-09-02,SKU0177,0,161,10.0,125
2024-09-09,SKU0177,90,188,10.0,125
2024-09-16,SKU0177,0,188,10.0,125
2024-09-23,SKU0177,10,197,10.0,125
2024-09-30,SKU0177,0,197,10.0,125
2024-10-07,SKU0177,0,188,10.0,125
2024-10-14,SKU0177,117,161,10.0,125
2024-10-21,SKU0177,0,161,10.0,125
2024-10-28,SKU0177,0,188,10.0,125
2024-11-04,SKU0177,152,0,10.0,125
2024-11-11,SKU0177,0,197,10.0,125
2024-11-18,SKU0177,90,188,10.0,125
2024-11-25,SKU0177,0,188,10.0,125
2024-12-02,SKU0177,10,161,10.0,125
2024-12-09,SKU0177,125,0,10.0,125
2024-12-16,SKU0177,0,188,10.0,125
2024-12-23,SKU0177,46,161,10.0,125
2024-12-30,SKU0177,0,161,10.0,125
2025-01-06,SKU0177,0,188,10.0,125
2025-01-13,SKU0177,81,0,10.0,125
2025-01-20,SKU0177,0,232,10.0,125
2025-01-27,SKU0177,90,188,10.0,125
2025-02-03,SKU0177,0,188,10.0,125
2025-02-10,SKU0177,10,161,10.0,125
2025-02-17,SKU0177,125,0,10.0,125
2025-02-24,SKU0177,0,188,10.0,125
2025-03-03,SKU0177,46,161,10.0,125
2025-03-10,SKU0177,0,161,10.0,125
2025-03-17,SKU0177,0,188,10.0,125
2025-03-24,SKU0177,132,0,10.0,125
2025-03-31,SKU0177,0,207,10.0,125
2025-04-07,SKU0177,111,167,10.0,125
2025-04-14,SKU0177,0,167,10.0,125
2025-04-21,SKU0177,41,162,10.0,125
2025-04-28,SKU0177,138,0,10.0,125
2025-05-05,SKU0177,0,196,10.0,125
2025-05-12,SKU0177,60,158,10.0,125
2025-05-19,SKU0177,0,158,10.0,125
2025-05-26,SKU0177,6,163,10.0,125
2025-06-02,SKU0177,60,218,10.0,125
2025-06-09,SKU0177,0,218,10.0,125
2025-06-16,SKU0177,81,156,10.0,125
2025-06-23,SKU0177,148,0,10.0,125
2025-06-30,SKU0177,50,168,10.0,125
2025-07-07,SKU0177,0,168,10.0,125
2025-07-14,SKU0177,63,158,10.0,125
2025-07-21,SKU0177,140,0,10.0,125
2025-07-28,SKU0177,0,214,10.0,125
2025-08-04,SKU0177,22,161,10.0,125
2025-08-11,SKU0177,0,161,10.0,125
2025-08-18,SKU0177,0,155,10.0,125
2025-08-25,SKU0177,68,178,10.0,125
2025-09-01,SKU0177,0,178,10.0,125
2025-09-08,SKU0177,34,158,10.0,125
2025-09-15,SKU0177,139,0,10.0,125
2025-09-22,SKU0177,0,192,10.0,125
2025-09-29,SKU0177,72,188,10.0,125
2025-10-06,SKU0177,0,188,10.0,125
2025-10-13,SKU0177,40,160,10.0,125
2025-10-20,SKU0177,88,0,10.0,125
2025-10-27,SKU0177,0,225,10.0,125
2025-11-03,SKU0177,26,252,10.0,125
2025-11-10,SKU0177,0,252,10.0,125
2025-11-17,SKU0177,22,193,10.0,125
2025-11-24,SKU0177,0,193,10.0,125
2025-12-01,SKU0177,0,188,10.0,125
2025-12-08,SKU0177,41,181,10.0,125
2025-12-15,SKU0177,0,181,10.0,125
2025-12-22,SKU0177,0,262,10.0,125
2025-12-29,SKU0177,0,262,10.0,125
2024-01-01,SKU0178,98,0,18.0,72
2024-01-08,SKU0178,74,0,18.0,72
2024-01-15,SKU0178,51,54,18.0,72
2024-01-22,SKU0178,27,54,18.0,72
2024-01-29,SKU0178,58,54,18.0,72
2024-02-05,SKU0178,34,54,18.0,72
2024-02-12,SKU0178,64,0,18.0,72
2024-02-19,SKU0178,41,74,18.0,72
2024-02-26,SKU0178,17,74,18.0,72
2024-03-04,SKU0178,0,74,18.0,72
2024-03-11,SKU0178,50,58,18.0,72
2024-03-18,SKU0178,27,58,18.0,72
2024-03-25,SKU0178,61,64,18.0,72
2024-04-01,SKU0178,38,64,18.0,72
2024-04-08,SKU0178,14,64,18.0,72
2024-04-15,SKU0178,55,60,18.0,72
2024-04-22,SKU0178,31,60,18.0,72
2024-04-29,SKU0178,8,117,18.0,72
2024-05-06,SKU0178,44,57,18.0,72
2024-05-13,SKU0178,21,57,18.0,72
2024-05-20,SKU0178,54,0,18.0,72
2024-05-27,SKU0178,31,74,18.0,72
2024-06-03,SKU0178,7,74,18.0,72
2024-06-10,SKU0178,64,0,18.0,72
2024-06-17,SKU0178,40,64,18.0,72
2024-06-24,SKU0178,17,64,18.0,72
2024-07-01,SKU0178,57,61,18.0,72
2024-07-08,SKU0178,34,61,18.0,72
2024-07-15,SKU0178,10,115,18.0,72
2024-07-22,SKU0178,48,54,18.0,72
2024-07-29,SKU0178,24,54,18.0,72
2024-08-05,SKU0178,55,54,18.0,72
2024-08-12,SKU0178,31,54,18.0,72
2024-08-19,SKU0178,62,60,18.0,72
2024-08-26,SKU0178,38,60,18.0,72
2024-09-02,SKU0178,15,60,18.0,72
2024-09-09,SKU0178,51,54,18.0,72
2024-09-16,SKU0178,27,54,18.0,72
2024-09-23,SKU0178,58,60,18.0,72
2024-09-30,SKU0178,34,60,18.0,72
2024-10-07,SKU0178,11,60,18.0,72
2024-10-14,SKU0178,47,64,18.0,72
2024-10-21,SKU0178,24,64,18.0,72
2024-10-28,SKU0178,64,54,18.0,72
2024-11-04,SKU0178,41,54,18.0,72
2024-11-11,SKU0178,17,54,18.0,72
2024-11-18,SKU0178,48,57,18.0,72
2024-11-25,SKU0178,24,57,18.0,72
2024-12-02,SKU0178,58,67,18.0,72
2024-12-09,SKU0178,34,67,18.0,72
2024-12-16,SKU0178,11,67,18.0,72
2024-12-23,SKU0178,54,61,18.0,72
2024-12-30,SKU0178,30,61,18.0,72
2025-01-06,SKU0178,7,118,18.0,72
2025-01-13,SKU0178,44,57,18.0,72
2025-01-20,SKU0178,21,57,18.0,72
2025-01-27,SKU0178,54,54,18.0,72
2025-02-03,SKU0178,31,54,18.0,72
2025-02-10,SKU0178,61,54,18.0,72
2025-02-17,SKU0178,38,54,18.0,72
2025-02-24,SKU0178,14,54,18.0,72
2025-03-03,SKU0178,45,63,18.0,72
2025-03-10,SKU0178,21,63,18.0,72
2025-03-17,SKU0178,61,54,18.0,72
2025-03-24,SKU0178,37,54,18.0,72
2025-03-31,SKU0178,14,108,18.0,72
2025-04-07,SKU0178,44,54,18.0,72
2025-04-14,SKU0178,21,54,18.0,72
2025-04-21,SKU0178,51,54,18.0,72
2025-04-28,SKU0178,27,54,18.0,72
2025-05-05,SKU0178,58,57,18.0,72
2025-05-12,SKU0178,34,57,18.0,72
2025-05-19,SKU0178,11,111,18.0,72
2025-05-26,SKU0178,44,54,18.0,72
2025-06-02,SKU0178,21,54,18.0,72
2025-06-09,SKU0178,51,54,18.0,72
2025-06-16,SKU0178,28,54,18.0,72
2025-06-23,SKU0178,58,57,18.0,72
2025-06-30,SKU0178,35,57,18.0,72
2025-07-07,SKU0178,16,57,18.0,72
2025-07-14,SKU0178,52,55,18.0,72
2025-07-21,SKU0178,38,55,18.0,72
2025-07-28,SKU0178,80,0,18.0,72
2025-08-04,SKU0178,54,67,18.0,72
2025-08-11,SKU0178,21,67,18.0,72
2025-08-18,SKU0178,1,67,18.0,72
2025-08-25,SKU0178,52,58,18.0,72
2025-09-01,SKU0178,31,58,18.0,72
2025-09-08,SKU0178,71,54,18.0,72
2025-09-15,SKU0178,54,54,18.0,72
2025-09-22,SKU0178,36,54,18.0,72
2025-09-29,SKU0178,73,0,18.0,72
2025-10-06,SKU0178,49,59,18.0,72
2025-10-13,SKU0178,23,59,18.0,72
2025-10-20,SKU0178,45,66,18.0,72
2025-10-27,SKU0178,10,66,18.0,72
2025-11-03,SKU0178,0,123,18.0,72
2025-11-10,SKU0178,48,57,18.0,72
2025-11-17,SKU0178,84,0,18.0,72
2025-11-24,SKU0178,59,59,18.0,72
2025-12-01,SKU0178,18,59,18.0,72
2025-12-08,SKU0178,0,117,18.0,72
2025-12-15,SKU0178,39,58,18.0,72
2025-12-22,SKU0178,74,0,18.0,72
2025-12-29,SKU0178,47,62,18.0,72
2024-01-01,SKU0179,866,0,9.0,528
2024-01-08,SKU0179,584,0,9.0,528
2024-01-15,SKU0179,302,815,9.0,528
2024-01-22,SKU0179,835,0,9.0,528
2024-01-29,SKU0179,553,0,9.0,528
2024-02-05,SKU0179,271,886,9.0,528
2024-02-12,SKU0179,876,0,9.0,528
2024-02-19,SKU0179,594,0,9.0,528
2024-02-26,SKU0179,312,0,9.0,528
2024-03-04,SKU0179,30,1007,9.0,528
2024-03-11,SKU0179,846,0,9.0,528
2024-03-18,SKU0179,564,0,9.0,528
2024-03-25,SKU0179,282,835,9.0,528
2024-04-01,SKU0179,835,0,9.0,528
2024-04-08,SKU0179,554,0,9.0,528
2024-04-15,SKU0179,272,805,9.0,528
2024-04-22,SKU0179,795,0,9.0,528
2024-04-29,SKU0179,513,725,9.0,528
2024-05-06,SKU0179,231,725,9.0,528
2024-05-13,SKU0179,674,0,9.0,528
2024-05-20,SKU0179,392,0,9.0,528
2024-05-27,SKU0179,111,966,9.0,528
2024-06-03,SKU0179,845,0,9.0,528
2024-06-10,SKU0179,563,0,9.0,528
2024-06-17,SKU0179,281,715,9.0,528
2024-06-24,SKU0179,715,0,9.0,528
2024-07-01,SKU0179,433,725,9.0,528
2024-07-08,SKU0179,876,0,9.0,528
2024-07-15,SKU0179,594,0,9.0,528
2024-07-22,SKU0179,312,724,9.0,528
2024-07-29,SKU0179,754,0,9.0,528
2024-08-05,SKU0179,473,765,9.0,528
2024-08-12,SKU0179,191,765,9.0,528
2024-08-19,SKU0179,710,0,9.0,528
2024-08-26,SKU0179,494,744,9.0,528
2024-09-02,SKU0179,283,744,9.0,528
2024-09-09,SKU0179,797,0,9.0,528
2024-09-16,SKU0179,607,0,9.0,528
2024-09-23,SKU0179,396,766,9.0,528
2024-09-30,SKU0179,913,0,9.0,528
2024-10-07,SKU0179,590,0,9.0,528
2024-10-14,SKU0179,274,735,9.0,528
2024-10-21,SKU0179,509,0,9.0,528
2024-10-28,SKU0179,130,797,9.0,528
2024-11-04,SKU0179,538,0,9.0,528
2024-11-11,SKU0179,286,764,9.0,528
2024-11-18,SKU0179,857,0,9.0,528
2024-11-25,SKU0179,531,0,9.0,528
2024-12-02,SKU0179,34,846,9.0,528
2024-12-09,SKU0179,658,0,9.0,528
2024-12-16,SKU0179,268,715,9.0,528
2024-12-23,SKU0179,564,0,9.0,528
2024-12-30,SKU0179,306,793,9.0,528
2025-01-06,SKU0179,615,0,9.0,528
2025-01-13,SKU0179,212,783,9.0,528
2025-01-20,SKU0179,694,0,9.0,528
2025-01-27,SKU0179,399,0,9.0,528
2025-02-03,SKU0179,111,1074,9.0,528
2025-02-10,SKU0179,0,1074,9.0,528
2025-02-17,SKU0179,787,0,9.0,528
2025-02-24,SKU0179,459,737,9.0,528
2025-03-03,SKU0179,161,737,9.0,528
2025-03-10,SKU0179,649,0,9.0,528
2025-03-17,SKU0179,416,755,9.0,528
2025-03-24,SKU0179,946,0,9.0,528
2025-03-31,SKU0179,757,0,9.0,528
2025-04-07,SKU0179,532,0,9.0,528
2025-04-14,SKU0179,248,784,9.0,528
2025-04-21,SKU0179,791,0,9.0,528
2025-04-28,SKU0179,554,0,9.0,528
2025-05-05,SKU0179,311,717,9.0,528
2025-05-12,SKU0179,788,0,9.0,528
2025-05-19,SKU0179,592,0,9.0,528
2025-05-26,SKU0179,375,718,9.0,528
2025-06-02,SKU0179,871,0,9.0,528
2025-06-09,SKU0179,627,0,9.0,528
2025-06-16,SKU0179,406,712,9.0,528
2025-06-23,SKU0179,901,0,9.0,528
2025-06-30,SKU0179,652,0,9.0,528
2025-07-07,SKU0179,430,808,9.0,528
2025-07-14,SKU0179,199,808,9.0,528
2025-07-21,SKU0179,786,0,9.0,528
2025-07-28,SKU0179,630,0,9.0,528
2025-08-04,SKU0179,339,777,9.0,528
2025-08-11,SKU0179,746,0,9.0,528
2025-08-18,SKU0179,515,723,9.0,528
2025-08-25,SKU0179,272,723,9.0,528
2025-09-01,SKU0179,762,0,9.0,528
2025-09-08,SKU0179,555,0,9.0,528
2025-09-15,SKU0179,334,753,9.0,528
2025-09-22,SKU0179,875,0,9.0,528
2025-09-29,SKU0179,690,0,9.0,528
2025-10-06,SKU0179,381,736,9.0,528
2025-10-13,SKU0179,855,0,9.0,528
2025-10-20,SKU0179,369,0,9.0,528
2025-10-27,SKU0179,0,931,9.0,528
2025-11-03,SKU0179,687,0,9.0,528
2025-11-10,SKU0179,376,717,9.0,528
2025-11-17,SKU0179,812,0,9.0,528
2025-11-24,SKU0179,559,0,9.0,528
2025-12-01,SKU0179,50,756,9.0,528
2025-12-08,SKU0179,523,0,9.0,528
2025-12-15,SKU0179,308,759,9.0,528
2025-12-22,SKU0179,757,0,9.0,528
2025-12-29,SKU0179,520,718,9.0,528
2024-01-01,SKU0180,1329,844,23.0,1363
2024-01-08,SKU0180,1003,844,23.0,1363
2024-01-15,SKU0180,678,844,23.0,1363
2024-01-22,SKU0180,353,1680,23.0,1363
2024-01-29,SKU0180,872,836,23.0,1363
2024-02-05,SKU0180,547,836,23.0,1363
2024-02-12,SKU0180,1058,837,23.0,1363
2024-02-19,SKU0180,733,837,23.0,1363
2024-02-26,SKU0180,408,1673,23.0,1363
2024-03-04,SKU0180,1003,836,23.0,1363
2024-03-11,SKU0180,721,836,23.0,1363
2024-03-18,SKU0180,1263,813,23.0,1363
2024-03-25,SKU0180,965,813,23.0,1363
2024-04-01,SKU0180,683,813,23.0,1363
2024-04-08,SKU0180,1246,821,23.0,1363
2024-04-15,SKU0180,1021,821,23.0,1363
2024-04-22,SKU0180,722,821,23.0,1363
2024-04-29,SKU0180,1296,851,23.0,1363
2024-05-06,SKU0180,1063,851,23.0,1363
2024-05-13,SKU0180,892,851,23.0,1363
2024-05-20,SKU0180,527,851,23.0,1363
2024-05-27,SKU0180,1067,815,23.0,1363
2024-06-03,SKU0180,794,815,23.0,1363
2024-06-10,SKU0180,542,1631,23.0,1363
2024-06-17,SKU0180,1108,816,23.0,1363
2024-06-24,SKU0180,747,816,23.0,1363
2024-07-01,SKU0180,434,1653,23.0,1363
2024-07-08,SKU0180,1018,837,23.0,1363
2024-07-15,SKU0180,760,837,23.0,1363
2024-07-22,SKU0180,1333,839,23.0,1363
2024-07-29,SKU0180,1032,839,23.0,1363
2024-08-05,SKU0180,624,839,23.0,1363
2024-08-12,SKU0180,199,1693,23.0,1363
2024-08-19,SKU0180,791,854,23.0,1363
2024-08-26,SKU0180,561,854,23.0,1363
2024-09-02,SKU0180,1107,822,23.0,1363
2024-09-09,SKU0180,827,822,23.0,1363
2024-09-16,SKU0180,618,822,23.0,1363
2024-09-23,SKU0180,1175,821,23.0,1363
2024-09-30,SKU0180,952,821,23.0,1363
2024-10-07,SKU0180,508,1665,23.0,1363
2024-10-14,SKU0180,1015,844,23.0,1363
2024-10-21,SKU0180,491,1682,23.0,1363
2024-10-28,SKU0180,51,1682,23.0,1363
2024-11-04,SKU0180,501,1672,23.0,1363
2024-11-11,SKU0180,161,1672,23.0,1363
2024-11-18,SKU0180,664,834,23.0,1363
2024-11-25,SKU0180,303,1651,23.0,1363
2024-12-02,SKU0180,602,817,23.0,1363
2024-12-09,SKU0180,205,1644,23.0,1363
2024-12-16,SKU0180,653,827,23.0,1363
2024-12-23,SKU0180,11,1674,23.0,1363
2024-12-30,SKU0180,546,847,23.0,1363
2025-01-06,SKU0180,0,1683,23.0,1363
2025-01-13,SKU0180,584,836,23.0,1363
2025-01-20,SKU0180,268,1696,23.0,1363
2025-01-27,SKU0180,719,860,23.0,1363
2025-02-03,SKU0180,353,1705,23.0,1363
2025-02-10,SKU0180,876,845,23.0,1363
2025-02-17,SKU0180,447,1677,23.0,1363
2025-02-24,SKU0180,959,832,23.0,1363
2025-03-03,SKU0180,645,832,23.0,1363
2025-03-10,SKU0180,359,1656,,1363
2025-03-17,SKU0180,972,824,23.0,1363
2025-03-24,SKU0180,712,824,23.0,1363
2025-03-31,SKU0180,1250,846,23.0,1363
2025-04-07,SKU0180,971,846,23.0,1363
2025-04-14,SKU0180,648,846,23.0,1363
2025-04-21,SKU0180,1224,816,23.0,1363
2025-04-28,SKU0180,935,816,23.0,1363
2025-05-05,SKU0180,700,816,23.0,1363
2025-05-12,SKU0180,1228,840,23.0,1363
2025-05-19,SKU0180,984,840,23.0,1363
2025-05-26,SKU0180,718,840,23.0,1363
2025-06-02,SKU0180,1311,826,23.0,1363
2025-06-09,SKU0180,1043,826,23.0,1363
2025-06-16,SKU0180,798,826,23.0,1363
2025-06-23,SKU0180,565,826,23.0,1363
2025-06-30,SKU0180,1090,826,23.0,1363
2025-07-07,SKU0180,832,826,23.0,1363
2025-07-14,SKU0180,539,826,23.0,1363
2025-07-21,SKU0180,1077,836,23.0,1363
2025-07-28,SKU0180,801,836,23.0,1363
2025-08-04,SKU0180,424,1696,23.0,1363
2025-08-11,SKU0180,767,860,23.0,1363
2025-08-18,SKU0180,462,1711,23.0,1363
2025-08-25,SKU0180,221,1711,23.0,1363
2025-09-01,SKU0180,861,851,23.0,1363
2025-09-08,SKU0180,634,851,23.0,1363
2025-09-15,SKU0180,1211,836,23.0,1363
2025-09-22,SKU0180,992,836,23.0,1363
2025-09-29,SKU0180,691,836,23.0,1363
2025-10-06,SKU0180,1182,852,23.0,1363
2025-10-13,SKU0180,818,852,23.0,1363
2025-10-20,SKU0180,203,1729,23.0,1363
2025-10-27,SKU0180,796,877,23.0,1363
2025-11-03,SKU0180,398,1700,23.0,1363
2025-11-10,SKU0180,992,823,23.0,1363
2025-11-17,SKU0180,704,823,23.0,1363
2025-11-24,SKU0180,421,1663,23.0,1363
2025-12-01,SKU0180,608,840,23.0,1363
2025-12-08,SKU0180,135,1744,23.0,1363
2025-12-15,SKU0180,815,904,23.0,1363
2025-12-22,SKU0180,470,904,23.0,1363
2025-12-29,SKU0180,943,912,23.0,1363
2024-01-01,SKU0181,100,0,13.0,70
2024-01-08,SKU0181,63,75,13.0,70
2024-01-15,SKU0181,27,75,13.0,70
2024-01-22,SKU0181,65,0,13.0,70
2024-01-29,SKU0181,28,78,13.0,70
2024-02-05,SKU0181,73,0,13.0,70
2024-02-12,SKU0181,36,97,13.0,70
2024-02-19,SKU0181,0,97,13.0,70
2024-02-26,SKU0181,81,0,13.0,70
2024-03-04,SKU0181,45,72,13.0,70
2024-03-11,SKU0181,8,72,13.0,70
2024-03-18,SKU0181,44,74,13.0,70
2024-03-25,SKU0181,7,74,13.0,70
2024-04-01,SKU0181,44,73,13.0,70
2024-04-08,SKU0181,8,73,13.0,70
2024-04-15,SKU0181,44,0,13.0,70
2024-04-22,SKU0181,8,99,13.0,70
2024-04-29,SKU0181,94,0,13.0,70
2024-05-06,SKU0181,57,0,13.0,70
2024-05-13,SKU0181,21,96,13.0,70
2024-05-20,SKU0181,0,96,13.0,70
2024-05-27,SKU0181,65,68,13.0,70
2024-06-03,SKU0181,28,68,13.0,70
2024-06-10,SKU0181,59,68,13.0,70
2024-06-17,SKU0181,23,68,13.0,70
2024-06-24,SKU0181,54,68,13.0,70
2024-07-01,SKU0181,18,68,13.0,70
2024-07-08,SKU0181,49,73,13.0,70
2024-07-15,SKU0181,13,73,13.0,70
2024-07-22,SKU0181,49,73,13.0,70
2024-07-29,SKU0181,12,73,13.0,70
2024-08-05,SKU0181,49,68,13.0,70
2024-08-12,SKU0181,12,68,13.0,70
2024-08-19,SKU0181,44,68,13.0,70
2024-08-26,SKU0181,7,68,13.0,70
2024-09-02,SKU0181,38,79,13.0,70
2024-09-09,SKU0181,2,79,13.0,70
2024-09-16,SKU0181,48,69,13.0,70
2024-09-23,SKU0181,11,69,13.0,70
2024-09-30,SKU0181,43,68,13.0,70
2024-10-07,SKU0181,7,68,13.0,70
2024-10-14,SKU0181,38,74,13.0,70
2024-10-21,SKU0181,2,74,13.0,70
2024-10-28,SKU0181,39,78,13.0,70
2024-11-04,SKU0181,3,78,13.0,70
2024-11-11,SKU0181,47,69,13.0,70
2024-11-18,SKU0181,8,69,13.0,70
2024-11-25,SKU0181,37,77,13.0,70
2024-12-02,SKU0181,0,77,13.0,70
2024-12-09,SKU0181,37,88,13.0,70
2024-12-16,SKU0181,0,88,13.0,70
2024-12-23,SKU0181,52,79,13.0,70
2024-12-30,SKU0181,4,79,13.0,70
2025-01-06,SKU0181,47,71,13.0,70
2025-01-13,SKU0181,0,71,13.0,70
2025-01-20,SKU0181,49,76,13.0,70
2025-01-27,SKU0181,10,76,13.0,70
2025-02-03,SKU0181,55,83,13.0,70
2025-02-10,SKU0181,23,83,13.0,70
2025-02-17,SKU0181,72,0,13.0,70
2025-02-24,SKU0181,32,72,13.0,70
2025-03-03,SKU0181,75,0,13.0,70
2025-03-10,SKU0181,46,71,13.0,70
2025-03-17,SKU0181,16,71,13.0,70
2025-03-24,SKU0181,62,73,13.0,70
2025-03-31,SKU0181,30,73,13.0,70
2025-04-07,SKU0181,72,0,13.0,70
2025-04-14,SKU0181,35,73,13.0,70
2025-04-21,SKU0181,8,73,13.0,70
2025-04-28,SKU0181,52,70,13.0,70
2025-05-05,SKU0181,23,70,13.0,70
2025-05-12,SKU0181,63,70,13.0,70
2025-05-19,SKU0181,33,70,13.0,70
2025-05-26,SKU0181,77,0,13.0,70
2025-06-02,SKU0181,46,69,13.0,70
2025-06-09,SKU0181,6,69,13.0,70
2025-06-16,SKU0181,45,77,13.0,70
2025-06-23,SKU0181,18,77,13.0,70
2025-06-30,SKU0181,70,0,13.0,70
2025-07-07,SKU0181,45,72,13.0,70
2025-07-14,SKU0181,21,72,13.0,70
2025-07-21,SKU0181,66,69,13.0,70
2025-07-28,SKU0181,31,69,13.0,70
2025-08-04,SKU0181,60,72,13.0,70
2025-08-11,SKU0181,14,72,13.0,70
2025-08-18,SKU0181,57,70,13.0,70
2025-08-25,SKU0181,26,70,13.0,70
2025-09-01,SKU0181,66,0,13.0,70
2025-09-08,SKU0181,39,76,13.0,70
2025-09-15,SKU0181,84,0,13.0,70
2025-09-22,SKU0181,54,70,13.0,70
2025-09-29,SKU0181,29,70,13.0,70
2025-10-06,SKU0181,64,0,13.0,70
2025-10-13,SKU0181,31,81,13.0,70
2025-10-20,SKU0181,0,81,13.0,70
2025-10-27,SKU0181,24,106,13.0,70
2025-11-03,SKU0181,0,106,13.0,70
2025-11-10,SKU0181,91,0,13.0,70
2025-11-17,SKU0181,54,70,13.0,70
2025-11-24,SKU0181,25,70,13.0,70
2025-12-01,SKU0181,27,74,13.0,70
2025-12-08,SKU0181,0,74,13.0,70
2025-12-15,SKU0181,53,70,13.0,70
2025-12-22,SKU0181,21,70,13.0,70
2025-12-29,SKU0181,51,74,13.0,70
2024-01-01,SKU0182,707,431,23.0,714
2024-01-08,SKU0182,529,431,23.0,714
2024-01-15,SKU0182,351,431,23.0,714
2024-01-22,SKU0182,173,914,23.0,714
2024-01-29,SKU0182,426,483,23.0,714
2024-02-05,SKU0182,253,483,23.0,714
2024-02-12,SKU0182,559,518,23.0,714
2024-02-19,SKU0182,394,518,23.0,714
2024-02-26,SKU0182,175,518,23.0,714
2024-03-04,SKU0182,547,522,23.0,714
2024-03-11,SKU0182,402,522,23.0,714
2024-03-18,SKU0182,254,522,23.0,714
2024-03-25,SKU0182,593,460,23.0,714
2024-04-01,SKU0182,489,460,23.0,714
2024-04-08,SKU0182,358,460,23.0,714
2024-04-15,SKU0182,678,460,23.0,714
2024-04-22,SKU0182,500,460,23.0,714
2024-04-29,SKU0182,331,460,23.0,714
2024-05-06,SKU0182,204,460,23.0,714
2024-05-13,SKU0182,530,493,23.0,714
2024-05-20,SKU0182,378,493,23.0,714
2024-05-27,SKU0182,213,925,23.0,714
2024-06-03,SKU0182,586,432,23.0,714
2024-06-10,SKU0182,450,432,23.0,714
2024-06-17,SKU0182,294,432,23.0,714
2024-06-24,SKU0182,584,432,23.0,714
2024-07-01,SKU0182,444,432,23.0,714
2024-07-08,SKU0182,277,432,23.0,714
2024-07-15,SKU0182,552,540,23.0,714
2024-07-22,SKU0182,421,540,23.0,714
2024-07-29,SKU0182,325,540,23.0,714
2024-08-05,SKU0182,637,0,23.0,714
2024-08-12,SKU0182,397,543,23.0,714
2024-08-19,SKU0182,288,543,23.0,714
2024-08-26,SKU0182,161,543,23.0,714
2024-09-02,SKU0182,564,565,23.0,714
2024-09-09,SKU0182,420,565,23.0,714
2024-09-16,SKU0182,285,565,23.0,714
2024-09-23,SKU0182,133,565,23.0,714
2024-09-30,SKU0182,576,465,23.0,714
2024-10-07,SKU0182,362,465,23.0,714
2024-10-14,SKU0182,111,906,23.0,714
2024-10-21,SKU0182,272,441,23.0,714
2024-10-28,SKU0182,45,943,23.0,714
2024-11-04,SKU0182,392,502,23.0,714
2024-11-11,SKU0182,211,502,23.0,714
2024-11-18,SKU0182,502,561,23.0,714
2024-11-25,SKU0182,291,561,23.0,714
2024-12-02,SKU0182,0,990,23.0,714
2024-12-09,SKU0182,546,429,23.0,714
2024-12-16,SKU0182,326,429,23.0,714
2024-12-23,SKU0182,415,565,23.0,714
2024-12-30,SKU0182,164,565,23.0,714
2025-01-06,SKU0182,0,1030,23.0,714
2025-01-13,SKU0182,502,465,23.0,714
2025-01-20,SKU0182,277,465,23.0,714
2025-01-27,SKU0182,499,525,23.0,714
2025-02-03,SKU0182,323,525,23.0,714
2025-02-10,SKU0182,160,961,23.0,714
2025-02-17,SKU0182,498,436,23.0,714
2025-02-24,SKU0182,294,436,23.0,714
2025-03-03,SKU0182,128,959,23.0,714
2025-03-10,SKU0182,422,523,23.0,714
2025-03-17,SKU0182,256,523,23.0,714
2025-03-24,SKU0182,646,492,23.0,714
2025-03-31,SKU0182,544,492,23.0,714
2025-04-07,SKU0182,404,492,23.0,714
2025-04-14,SKU0182,218,492,23.0,714
2025-04-21,SKU0182,552,536,23.0,714
2025-04-28,SKU0182,420,536,23.0,714
2025-05-05,SKU0182,266,536,23.0,714
2025-05-12,SKU0182,639,479,23.0,714
2025-05-19,SKU0182,511,479,23.0,714
2025-05-26,SKU0182,362,479,23.0,714
2025-06-02,SKU0182,211,479,23.0,714
2025-06-09,SKU0182,537,490,23.0,714
2025-06-16,SKU0182,390,490,23.0,714
2025-06-23,SKU0182,235,490,23.0,714
2025-06-30,SKU0182,574,0,23.0,714
2025-07-07,SKU0182,435,588,23.0,714
2025-07-14,SKU0182,282,588,23.0,714
2025-07-21,SKU0182,139,588,23.0,714
2025-07-28,SKU0182,573,427,23.0,714
2025-08-04,SKU0182,344,427,23.0,714
2025-08-11,SKU0182,54,961,23.0,714
2025-08-18,SKU0182,327,534,23.0,714
2025-08-25,SKU0182,172,966,23.0,714
2025-09-01,SKU0182,588,432,23.0,714
2025-09-08,SKU0182,421,432,23.0,714
2025-09-15,SKU0182,301,432,23.0,714
2025-09-22,SKU0182,582,443,23.0,714
2025-09-29,SKU0182,479,443,23.0,714
2025-10-06,SKU0182,278,443,23.0,714
2025-10-13,SKU0182,537,519,23.0,714
2025-10-20,SKU0182,221,519,23.0,714
2025-10-27,SKU0182,0,1000,23.0,714
2025-11-03,SKU0182,459,481,23.0,714
2025-11-10,SKU0182,302,481,23.0,714
2025-11-17,SKU0182,625,484,23.0,714
2025-11-24,SKU0182,458,484,23.0,714
2025-12-01,SKU0182,146,957,23.0,714
2025-12-08,SKU0182,0,957,23.0,714
2025-12-15,SKU0182,307,473,23.0,714
2025-12-22,SKU0182,116,912,23.0,714
2025-12-29,SKU0182,397,439,23.0,714
2024-01-01,SKU0183,528,0,9.0,279
2024-01-08,SKU0183,320,0,9.0,279
2024-01-15,SKU0183,112,393,9.0,279
2024-01-22,SKU0183,297,0,9.0,279
2024-01-29,SKU0183,89,416,9.0,279
2024-02-05,SKU0183,297,0,9.0,279
2024-02-12,SKU0183,89,387,9.0,279
2024-02-19,SKU0183,268,386,9.0,279
2024-02-26,SKU0183,60,386,9.0,279
2024-03-04,SKU0183,238,387,9.0,279
2024-03-11,SKU0183,30,387,9.0,279
2024-03-18,SKU0183,208,416,9.0,279
2024-03-25,SKU0183,0,416,9.0,279
2024-04-01,SKU0183,208,386,9.0,279
2024-04-08,SKU0183,386,0,9.0,279
2024-04-15,SKU0183,178,387,9.0,279
2024-04-22,SKU0183,357,0,9.0,279
2024-04-29,SKU0183,149,416,9.0,279
2024-05-06,SKU0183,357,0,9.0,279
2024-05-13,SKU0183,149,386,9.0,279
2024-05-20,SKU0183,327,0,9.0,279
2024-05-27,SKU0183,118,387,9.0,279
2024-06-03,SKU0183,297,0,9.0,279
2024-06-10,SKU0183,89,446,9.0,279
2024-06-17,SKU0183,357,0,9.0,279
2024-06-24,SKU0183,149,386,9.0,279
2024-07-01,SKU0183,327,0,9.0,279
2024-07-08,SKU0183,119,387,9.0,279
2024-07-15,SKU0183,297,0,9.0,279
2024-07-22,SKU0183,89,386,9.0,279
2024-07-29,SKU0183,267,387,9.0,279
2024-08-05,SKU0183,59,387,9.0,279
2024-08-12,SKU0183,238,386,9.0,279
2024-08-19,SKU0183,30,386,9.0,279
2024-08-26,SKU0183,208,387,9.0,279
2024-09-02,SKU0183,387,0,9.0,279
2024-09-09,SKU0183,179,386,9.0,279
2024-09-16,SKU0183,357,0,9.0,279
2024-09-23,SKU0183,148,387,9.0,279
2024-09-30,SKU0183,327,0,9.0,279
2024-10-07,SKU0183,119,386,9.0,279
2024-10-14,SKU0183,297,0,9.0,279
2024-10-21,SKU0183,89,416,9.0,279
2024-10-28,SKU0183,297,0,9.0,279
2024-11-04,SKU0183,89,416,9.0,279
2024-11-11,SKU0183,297,0,9.0,279
2024-11-18,SKU0183,89,387,9.0,279
2024-11-25,SKU0183,268,386,9.0,279
2024-12-02,SKU0183,60,386,9.0,279
2024-12-09,SKU0183,238,387,9.0,279
2024-12-16,SKU0183,30,387,9.0,279
2024-12-23,SKU0183,208,386,9.0,279
2024-12-30,SKU0183,386,0,9.0,279
2025-01-06,SKU0183,178,387,9.0,279
2025-01-13,SKU0183,357,0,9.0,279
2025-01-20,SKU0183,149,416,9.0,279
2025-01-27,SKU0183,357,0,9.0,279
2025-02-03,SKU0183,149,386,9.0,279
2025-02-10,SKU0183,327,0,9.0,279
2025-02-17,SKU0183,119,416,9.0,279
2025-02-24,SKU0183,327,0,9.0,279
2025-03-03,SKU0183,119,387,9.0,279
2025-03-10,SKU0183,298,0,9.0,279
2025-03-17,SKU0183,90,416,9.0,279
2025-03-24,SKU0183,297,0,9.0,279
2025-03-31,SKU0183,89,386,9.0,279
2025-04-07,SKU0183,324,0,9.0,279
2025-04-14,SKU0183,157,379,9.0,279
2025-04-21,SKU0183,331,0,9.0,279
2025-04-28,SKU0183,172,379,9.0,279
2025-05-05,SKU0183,377,0,9.0,279
2025-05-12,SKU0183,160,394,9.0,279
2025-05-19,SKU0183,360,0,9.0,279
2025-05-26,SKU0183,238,400,9.0,279
2025-06-02,SKU0183,78,400,9.0,279
2025-06-09,SKU0183,283,0,9.0,279
2025-06-16,SKU0183,84,447,9.0,279
2025-06-23,SKU0183,386,0,9.0,279
2025-06-30,SKU0183,189,413,9.0,279
2025-07-07,SKU0183,411,0,9.0,279
2025-07-14,SKU0183,239,393,9.0,279
2025-07-21,SKU0183,70,393,9.0,279
2025-07-28,SKU0183,294,0,9.0,279
2025-08-04,SKU0183,63,381,9.0,279
2025-08-11,SKU0183,169,480,9.0,279
2025-08-18,SKU0183,8,480,9.0,279
2025-08-25,SKU0183,332,0,9.0,279
2025-09-01,SKU0183,124,387,9.0,279
2025-09-08,SKU0183,292,0,9.0,279
2025-09-15,SKU0183,112,380,9.0,279
2025-09-22,SKU0183,319,0,9.0,279
2025-09-29,SKU0183,107,397,9.0,279
2025-10-06,SKU0183,312,0,9.0,279
2025-10-13,SKU0183,86,434,9.0,279
2025-10-20,SKU0183,213,0,9.0,279
2025-10-27,SKU0183,0,489,9.0,279
2025-11-03,SKU0183,327,0,9.0,279
2025-11-10,SKU0183,96,387,9.0,279
2025-11-17,SKU0183,299,0,9.0,279
2025-11-24,SKU0183,67,404,9.0,279
2025-12-01,SKU0183,170,432,9.0,279
2025-12-08,SKU0183,0,432,9.0,279
2025-12-15,SKU0183,212,389,9.0,279
2025-12-22,SKU0183,32,389,9.0,279
2025-12-29,SKU0183,193,390,9.0,279
2024-01-01,SKU0184,773,0,15.0,539
2024-01-08,SKU0184,612,0,15.0,539
2024-01-15,SKU0184,452,476,15.0,539
2024-01-22,SKU0184,291,476,15.0,539
2024-01-29,SKU0184,607,0,15.0,539
2024-02-05,SKU0184,446,482,15.0,539
2024-02-12,SKU0184,286,482,15.0,539
2024-02-19,SKU0184,607,0,15.0,539
2024-02-26,SKU0184,446,459,15.0,539
2024-03-04,SKU0184,286,459,15.0,539
2024-03-11,SKU0184,584,0,15.0,539
2024-03-18,SKU0184,424,550,15.0,539
2024-03-25,SKU0184,263,550,15.0,539
2024-04-01,SKU0184,652,0,15.0,539
2024-04-08,SKU0184,492,0,15.0,539
2024-04-15,SKU0184,331,551,15.0,539
2024-04-22,SKU0184,171,551,15.0,539
2024-04-29,SKU0184,561,0,15.0,539
2024-05-06,SKU0184,400,459,15.0,539
2024-05-13,SKU0184,240,459,15.0,539
2024-05-20,SKU0184,538,0,15.0,539
2024-05-27,SKU0184,378,550,15.0,539
2024-06-03,SKU0184,217,550,15.0,539
2024-06-10,SKU0184,607,0,15.0,539
2024-06-17,SKU0184,446,0,15.0,539
2024-06-24,SKU0184,285,574,15.0,539
2024-07-01,SKU0184,125,574,15.0,539
2024-07-08,SKU0184,538,0,15.0,539
2024-07-15,SKU0184,378,505,15.0,539
2024-07-22,SKU0184,217,505,15.0,539
2024-07-29,SKU0184,561,0,15.0,539
2024-08-05,SKU0184,401,596,15.0,539
2024-08-12,SKU0184,240,596,15.0,539
2024-08-19,SKU0184,80,596,15.0,539
2024-08-26,SKU0184,515,0,15.0,539
2024-09-02,SKU0184,354,505,15.0,539
2024-09-09,SKU0184,194,505,15.0,539
2024-09-16,SKU0184,538,0,15.0,539
2024-09-23,SKU0184,378,482,15.0,539
2024-09-30,SKU0184,217,482,15.0,539
2024-10-07,SKU0184,539,0,15.0,539
2024-10-14,SKU0184,378,550,15.0,539
2024-10-21,SKU0184,217,550,15.0,539
2024-10-28,SKU0184,607,0,15.0,539
2024-11-04,SKU0184,446,528,15.0,539
2024-11-11,SKU0184,286,528,15.0,539
2024-11-18,SKU0184,653,0,15.0,539
2024-11-25,SKU0184,492,0,15.0,539
2024-12-02,SKU0184,332,528,15.0,539
2024-12-09,SKU0184,171,528,15.0,539
2024-12-16,SKU0184,539,0,15.0,539
2024-12-23,SKU0184,378,504,15.0,539
2024-12-30,SKU0184,217,504,15.0,539
2025-01-06,SKU0184,561,0,15.0,539
2025-01-13,SKU0184,400,528,15.0,539
2025-01-20,SKU0184,240,528,15.0,539
2025-01-27,SKU0184,607,0,15.0,539
2025-02-03,SKU0184,447,528,15.0,539
2025-02-10,SKU0184,286,528,15.0,539
2025-02-17,SKU0184,653,0,15.0,539
2025-02-24,SKU0184,493,481,15.0,539
2025-03-03,SKU0184,332,481,15.0,539
2025-03-10,SKU0184,653,0,15.0,539
2025-03-17,SKU0184,492,505,15.0,539
2025-03-24,SKU0184,331,505,15.0,539
2025-03-31,SKU0184,171,505,15.0,539
2025-04-07,SKU0184,515,459,15.0,539
2025-04-14,SKU0184,355,459,15.0,539
2025-04-21,SKU0184,653,0,15.0,539
2025-04-28,SKU0184,492,0,15.0,539
2025-05-05,SKU0184,332,0,15.0,539
2025-05-12,SKU0184,171,757,15.0,539
2025-05-19,SKU0184,11,757,15.0,539
2025-05-26,SKU0184,688,0,15.0,539
2025-06-02,SKU0184,528,0,15.0,539
2025-06-09,SKU0184,367,492,15.0,539
2025-06-16,SKU0184,206,492,15.0,539
2025-06-23,SKU0184,538,459,15.0,539
2025-06-30,SKU0184,377,459,15.0,539
2025-07-07,SKU0184,217,459,15.0,539
2025-07-14,SKU0184,526,471,15.0,539
2025-07-21,SKU0184,396,471,15.0,539
2025-07-28,SKU0184,291,471,15.0,539
2025-08-04,SKU0184,586,0,15.0,539
2025-08-11,SKU0184,397,0,15.0,539
2025-08-18,SKU0184,284,658,15.0,539
2025-08-25,SKU0184,205,658,15.0,539
2025-09-01,SKU0184,728,0,15.0,539
2025-09-08,SKU0184,633,0,15.0,539
2025-09-15,SKU0184,511,0,15.0,539
2025-09-22,SKU0184,369,628,15.0,539
2025-09-29,SKU0184,243,628,15.0,539
2025-10-06,SKU0184,63,628,15.0,539
2025-10-13,SKU0184,544,0,15.0,539
2025-10-20,SKU0184,266,558,15.0,539
2025-10-27,SKU0184,108,558,15.0,539
2025-11-03,SKU0184,494,489,15.0,539
2025-11-10,SKU0184,326,489,15.0,539
2025-11-17,SKU0184,631,0,15.0,539
2025-11-24,SKU0184,461,474,15.0,539
2025-12-01,SKU0184,202,474,15.0,539
2025-12-08,SKU0184,473,524,15.0,539
2025-12-15,SKU0184,301,524,15.0,539
2025-12-22,SKU0184,116,524,15.0,539
2025-12-29,SKU0184,490,488,15.0,539
2024-01-01,SKU0185,294,0,23.0,205
2024-01-08,SKU0185,157,131,23.0,205
2024-01-15,SKU0185,19,268,23.0,205
2024-01-22,SKU0185,0,268,23.0,205
2024-01-29,SKU0185,111,137,23.0,205
2024-02-05,SKU0185,117,138,23.0,205
2024-02-12,SKU0185,0,269,23.0,205
2024-02-19,SKU0185,0,269,23.0,205
2024-02-26,SKU0185,79,131,23.0,205
2024-03-04,SKU0185,73,137,23.0,205
2024-03-11,SKU0185,0,274,23.0,205
2024-03-18,SKU0185,0,274,23.0,205
2024-03-25,SKU0185,39,269,23.0,205
2024-04-01,SKU0185,39,269,23.0,205
2024-04-08,SKU0185,0,269,23.0,205
2024-04-15,SKU0185,0,269,23.0,205
2024-04-22,SKU0185,0,274,23.0,205
2024-04-29,SKU0185,0,288,23.0,205
2024-05-06,SKU0185,0,288,23.0,205
2024-05-13,SKU0185,98,151,23.0,205
2024-05-20,SKU0185,131,137,23.0,205
2024-05-27,SKU0185,0,274,23.0,205
2024-06-03,SKU0185,0,274,23.0,205
2024-06-10,SKU0185,78,137,23.0,205
2024-06-17,SKU0185,107,155,23.0,205
2024-06-24,SKU0185,12,278,23.0,205
2024-07-01,SKU0185,0,278,23.0,205
2024-07-08,SKU0185,110,123,23.0,205
2024-07-15,SKU0185,91,130,23.0,205
2024-07-22,SKU0185,0,253,23.0,205
2024-07-29,SKU0185,0,253,23.0,205
2024-08-05,SKU0185,3,267,23.0,205
2024-08-12,SKU0185,3,283,23.0,205
2024-08-19,SKU0185,0,283,23.0,205
2024-08-26,SKU0185,124,139,23.0,205
2024-09-02,SKU0185,144,126,23.0,205
2024-09-09,SKU0185,60,257,23.0,205
2024-09-16,SKU0185,0,257,23.0,205
2024-09-23,SKU0185,82,131,23.0,205
2024-09-30,SKU0185,0,259,23.0,205
2024-10-07,SKU0185,0,252,23.0,205
2024-10-14,SKU0185,0,252,23.0,205
2024-10-21,SKU0185,0,289,23.0,205
2024-10-28,SKU0185,67,165,23.0,205
2024-11-04,SKU0185,0,300,23.0,205
2024-11-11,SKU0185,150,135,23.0,205
2024-11-18,SKU0185,6,284,23.0,205
2024-11-25,SKU0185,66,149,23.0,205
2024-12-02,SKU0185,0,293,23.0,205
2024-12-09,SKU0185,128,144,23.0,205
2024-12-16,SKU0185,0,270,23.0,205
2024-12-23,SKU0185,0,269,23.0,205
2024-12-30,SKU0185,0,269,23.0,205
2025-01-06,SKU0185,40,287,23.0,205
2025-01-13,SKU0185,103,144,23.0,205
2025-01-20,SKU0185,0,268,23.0,205
2025-01-27,SKU0185,0,268,23.0,205
2025-02-03,SKU0185,33,252,23.0,205
2025-02-10,SKU0185,48,264,23.0,205
2025-02-17,SKU0185,0,264,23.0,205
2025-02-24,SKU0185,110,136,23.0,205
2025-03-03,SKU0185,0,268,23.0,205
2025-03-10,SKU0185,24,272,23.0,205
2025-03-17,SKU0185,0,272,23.0,205
2025-03-24,SKU0185,77,140,23.0,205
2025-03-31,SKU0185,119,151,23.0,205
2025-04-07,SKU0185,0,300,23.0,205
2025-04-14,SKU0185,0,300,23.0,205
2025-04-21,SKU0185,104,149,23.0,205
2025-04-28,SKU0185,167,127,23.0,205
2025-05-05,SKU0185,62,256,23.0,205
2025-05-12,SKU0185,0,256,23.0,205
2025-05-19,SKU0185,88,129,23.0,205
2025-05-26,SKU0185,0,268,23.0,205
2025-06-02,SKU0185,1,284,23.0,205
2025-06-09,SKU0185,0,284,23.0,205
2025-06-16,SKU0185,74,145,23.0,205
2025-06-23,SKU0185,129,128,23.0,205
2025-06-30,SKU0185,16,298,23.0,205
2025-07-07,SKU0185,0,298,23.0,205
2025-07-14,SKU0185,52,170,23.0,205
2025-07-21,SKU0185,0,297,23.0,205
2025-07-28,SKU0185,57,256,23.0,205
2025-08-04,SKU0185,0,256,23.0,205
2025-08-11,SKU0185,9,274,23.0,205
2025-08-18,SKU0185,0,274,23.0,205
2025-08-25,SKU0185,23,271,23.0,205
2025-09-01,SKU0185,129,126,23.0,205
2025-09-08,SKU0185,38,258,23.0,205
2025-09-15,SKU0185,116,132,23.0,205
2025-09-22,SKU0185,21,256,23.0,205
2025-09-29,SKU0185,109,124,23.0,205
2025-10-06,SKU0185,0,273,23.0,205
2025-10-13,SKU0185,72,149,23.0,205
2025-10-20,SKU0185,0,308,23.0,205
2025-10-27,SKU0185,89,159,23.0,205
2025-11-03,SKU0185,0,306,23.0,205
2025-11-10,SKU0185,65,147,23.0,205
2025-11-17,SKU0185,0,278,23.0,205
2025-11-24,SKU0185,114,131,23.0,205
2025-12-01,SKU0185,0,283,23.0,205
2025-12-08,SKU0185,0,276,23.0,205
2025-12-15,SKU0185,0,276,23.0,205
2025-12-22,SKU0185,69,250,23.0,205
2025-12-29,SKU0185,99,126,23.0,205
2024-01-01,SKU0186,466,0,22.0,364
2024-01-08,SKU0186,302,239,22.0,364
2024-01-15,SKU0186,138,239,22.0,364
2024-01-22,SKU0186,0,497,22.0,364
2024-01-29,SKU0186,192,258,22.0,364
2024-02-05,SKU0186,28,489,22.0,364
2024-02-12,SKU0186,141,231,22.0,364
2024-02-19,SKU0186,0,470,22.0,364
2024-02-26,SKU0186,161,239,22.0,364
2024-03-04,SKU0186,0,521,22.0,364
2024-03-11,SKU0186,99,282,22.0,364
2024-03-18,SKU0186,0,513,22.0,364
2024-03-25,SKU0186,212,231,22.0,364
2024-04-01,SKU0186,48,470,22.0,364
2024-04-08,SKU0186,115,473,22.0,364
2024-04-15,SKU0186,0,473,22.0,364
2024-04-22,SKU0186,169,234,22.0,364
2024-04-29,SKU0186,5,466,22.0,364
2024-05-06,SKU0186,75,466,22.0,364
2024-05-13,SKU0186,0,466,22.0,364
2024-05-20,SKU0186,115,473,22.0,364
2024-05-27,SKU0186,187,239,22.0,364
2024-06-03,SKU0186,23,471,22.0,364
2024-06-10,SKU0186,0,471,22.0,364
2024-06-17,SKU0186,75,466,22.0,364
2024-06-24,SKU0186,144,234,22.0,364
2024-07-01,SKU0186,0,468,22.0,364
2024-07-08,SKU0186,187,234,22.0,364
2024-07-15,SKU0186,23,471,22.0,364
2024-07-22,SKU0186,94,494,22.0,364
2024-07-29,SKU0186,0,494,22.0,364
2024-08-05,SKU0186,143,257,22.0,364
2024-08-12,SKU0186,0,491,22.0,364
2024-08-19,SKU0186,93,471,22.0,364
2024-08-26,SKU0186,0,471,22.0,364
2024-09-02,SKU0186,117,471,22.0,364
2024-09-09,SKU0186,214,234,22.0,364
2024-09-16,SKU0186,50,234,22.0,364
2024-09-23,SKU0186,0,585,22.0,364
2024-09-30,SKU0186,70,351,22.0,364
2024-10-07,SKU0186,0,588,22.0,364
2024-10-14,SKU0186,234,237,22.0,364
2024-10-21,SKU0186,70,518,22.0,364
2024-10-28,SKU0186,144,281,22.0,364
2024-11-04,SKU0186,0,515,22.0,364
2024-11-11,SKU0186,0,515,22.0,364
2024-11-18,SKU0186,117,471,22.0,364
2024-11-25,SKU0186,188,237,22.0,364
2024-12-02,SKU0186,24,471,22.0,364
2024-12-09,SKU0186,0,471,22.0,364
2024-12-16,SKU0186,73,468,22.0,364
2024-12-23,SKU0186,144,234,22.0,364
2024-12-30,SKU0186,0,491,22.0,364
2025-01-06,SKU0186,187,257,22.0,364
2025-01-13,SKU0186,23,518,22.0,364
2025-01-20,SKU0186,140,261,22.0,364
2025-01-27,SKU0186,0,495,22.0,364
2025-02-03,SKU0186,214,234,22.0,364
2025-02-10,SKU0186,50,467,22.0,364
2025-02-17,SKU0186,121,467,22.0,364
2025-02-24,SKU0186,0,467,22.0,364
2025-03-03,SKU0186,163,234,22.0,364
2025-03-10,SKU0186,0,472,22.0,364
2025-03-17,SKU0186,70,494,22.0,364
2025-03-24,SKU0186,0,494,22.0,364
2025-03-31,SKU0186,121,256,22.0,364
2025-04-07,SKU0186,233,234,22.0,364
2025-04-14,SKU0186,69,496,22.0,364
2025-04-21,SKU0186,0,496,22.0,364
2025-04-28,SKU0186,105,262,22.0,364
2025-05-05,SKU0186,249,250,22.0,364
2025-05-12,SKU0186,115,250,22.0,364
2025-05-19,SKU0186,0,514,22.0,364
2025-05-26,SKU0186,131,264,22.0,364
2025-06-02,SKU0186,0,507,22.0,364
2025-06-09,SKU0186,181,243,22.0,364
2025-06-16,SKU0186,49,497,22.0,364
2025-06-23,SKU0186,174,254,22.0,364
2025-06-30,SKU0186,45,483,22.0,364
2025-07-07,SKU0186,208,229,22.0,364
2025-07-14,SKU0186,96,484,22.0,364
2025-07-21,SKU0186,229,255,22.0,364
2025-07-28,SKU0186,92,255,22.0,364
2025-08-04,SKU0186,224,250,22.0,364
2025-08-11,SKU0186,0,524,22.0,364
2025-08-18,SKU0186,0,524,22.0,364
2025-08-25,SKU0186,168,274,22.0,364
2025-09-01,SKU0186,296,260,22.0,364
2025-09-08,SKU0186,143,260,22.0,364
2025-09-15,SKU0186,12,576,22.0,364
2025-09-22,SKU0186,228,316,22.0,364
2025-09-29,SKU0186,93,316,22.0,364
2025-10-06,SKU0186,0,569,22.0,364
2025-10-13,SKU0186,153,253,22.0,364
2025-10-20,SKU0186,0,503,22.0,364
2025-10-27,SKU0186,121,250,22.0,364
2025-11-03,SKU0186,0,489,22.0,364
2025-11-10,SKU0186,130,239,22.0,364
2025-11-17,SKU0186,0,483,22.0,364
2025-11-24,SKU0186,66,486,22.0,364
2025-12-01,SKU0186,0,486,22.0,364
2025-12-08,SKU0186,64,485,22.0,364
2025-12-15,SKU0186,214,243,22.0,364
2025-12-22,SKU0186,43,478,22.0,364
2025-12-29,SKU0186,186,235,22.0,364
2024-01-01,SKU0187,126,0,12.0,122
2024-01-08,SKU0187,55,133,12.0,122
2024-01-15,SKU0187,117,132,12.0,122
2024-01-22,SKU0187,47,132,12.0,122
2024-01-29,SKU0187,108,131,12.0,122
2024-02-05,SKU0187,37,131,12.0,122
2024-02-12,SKU0187,98,131,12.0,122
2024-02-19,SKU0187,27,131,12.0,122
2024-02-26,SKU0187,87,132,12.0,122
2024-03-04,SKU0187,16,132,12.0,122
2024-03-11,SKU0187,78,131,12.0,122
2024-03-18,SKU0187,7,131,12.0,122
2024-03-25,SKU0187,67,141,12.0,122
2024-04-01,SKU0187,0,141,12.0,122
2024-04-08,SKU0187,70,138,12.0,122
2024-04-15,SKU0187,0,138,12.0,122
2024-04-22,SKU0187,67,131,12.0,122
2024-04-29,SKU0187,128,0,12.0,122
2024-05-06,SKU0187,57,132,12.0,122
2024-05-13,SKU0187,118,131,12.0,122
2024-05-20,SKU0187,47,131,12.0,122
2024-05-27,SKU0187,108,0,12.0,122
2024-06-03,SKU0187,37,172,12.0,122
2024-06-10,SKU0187,0,172,12.0,122
2024-06-17,SKU0187,101,128,12.0,122
2024-06-24,SKU0187,31,128,12.0,122
2024-07-01,SKU0187,88,131,12.0,122
2024-07-08,SKU0187,17,131,12.0,122
2024-07-15,SKU0187,77,131,12.0,122
2024-07-22,SKU0187,7,131,12.0,122
2024-07-29,SKU0187,67,132,12.0,122
2024-08-05,SKU0187,128,0,12.0,122
2024-08-12,SKU0187,58,131,12.0,122
2024-08-19,SKU0187,118,131,12.0,122
2024-08-26,SKU0187,47,131,12.0,122
2024-09-02,SKU0187,107,131,12.0,122
2024-09-09,SKU0187,37,131,12.0,122
2024-09-16,SKU0187,97,132,12.0,122
2024-09-23,SKU0187,26,132,12.0,122
2024-09-30,SKU0187,88,131,12.0,122
2024-10-07,SKU0187,17,131,12.0,122
2024-10-14,SKU0187,77,142,12.0,122
2024-10-21,SKU0187,6,142,12.0,122
2024-10-28,SKU0187,81,127,12.0,122
2024-11-04,SKU0187,11,127,12.0,122
2024-11-11,SKU0187,67,132,12.0,122
2024-11-18,SKU0187,128,0,12.0,122
2024-11-25,SKU0187,58,141,12.0,122
2024-12-02,SKU0187,131,0,12.0,122
2024-12-09,SKU0187,60,138,12.0,122
2024-12-16,SKU0187,128,0,12.0,122
2024-12-23,SKU0187,57,131,12.0,122
2024-12-30,SKU0187,117,132,12.0,122
2025-01-06,SKU0187,47,132,12.0,122
2025-01-13,SKU0187,108,131,12.0,122
2025-01-20,SKU0187,37,131,12.0,122
2025-01-27,SKU0187,98,131,12.0,122
2025-02-03,SKU0187,27,131,12.0,122
2025-02-10,SKU0187,87,132,12.0,122
2025-02-17,SKU0187,16,132,12.0,122
2025-02-24,SKU0187,78,131,12.0,122
2025-03-03,SKU0187,12,131,12.0,122
2025-03-10,SKU0187,77,135,12.0,122
2025-03-17,SKU0187,20,135,12.0,122
2025-03-24,SKU0187,95,146,12.0,122
2025-03-31,SKU0187,37,146,12.0,122
2025-04-07,SKU0187,110,139,12.0,122
2025-04-14,SKU0187,38,139,12.0,122
2025-04-21,SKU0187,112,137,12.0,122
2025-04-28,SKU0187,56,137,12.0,122
2025-05-05,SKU0187,133,0,12.0,122
2025-05-12,SKU0187,78,129,12.0,122
2025-05-19,SKU0187,9,129,12.0,122
2025-05-26,SKU0187,84,135,12.0,122
2025-06-02,SKU0187,12,135,12.0,122
2025-06-09,SKU0187,86,145,12.0,122
2025-06-16,SKU0187,18,145,12.0,122
2025-06-23,SKU0187,118,131,12.0,122
2025-06-30,SKU0187,49,131,12.0,122
2025-07-07,SKU0187,134,0,12.0,122
2025-07-14,SKU0187,81,138,12.0,122
2025-07-21,SKU0187,23,138,12.0,122
2025-07-28,SKU0187,94,0,12.0,122
2025-08-04,SKU0187,16,165,12.0,122
2025-08-11,SKU0187,150,0,12.0,122
2025-08-18,SKU0187,85,138,12.0,122
2025-08-25,SKU0187,18,138,12.0,122
2025-09-01,SKU0187,98,143,12.0,122
2025-09-08,SKU0187,62,143,12.0,122
2025-09-15,SKU0187,148,0,12.0,122
2025-09-22,SKU0187,103,137,12.0,122
2025-09-29,SKU0187,46,137,12.0,122
2025-10-06,SKU0187,106,132,12.0,122
2025-10-13,SKU0187,29,132,12.0,122
2025-10-20,SKU0187,63,139,12.0,122
2025-10-27,SKU0187,0,139,12.0,122
2025-11-03,SKU0187,91,129,12.0,122
2025-11-10,SKU0187,7,129,12.0,122
2025-11-17,SKU0187,69,140,12.0,122
2025-11-24,SKU0187,0,140,12.0,122
2025-12-01,SKU0187,26,143,12.0,122
2025-12-08,SKU0187,0,143,12.0,122
2025-12-15,SKU0187,67,131,12.0,122
2025-12-22,SKU0187,119,130,12.0,122
2025-12-29,SKU0187,34,130,12.0,122
2024-01-01,SKU0188,462,0,8.0,320
2024-01-08,SKU0188,140,523,8.0,320
2024-01-15,SKU0188,385,0,8.0,320
2024-01-22,SKU0188,63,554,8.0,320
2024-01-29,SKU0188,370,0,8.0,320
2024-02-05,SKU0188,48,523,8.0,320
2024-02-12,SKU0188,293,508,8.0,320
2024-02-19,SKU0188,0,508,8.0,320
2024-02-26,SKU0188,186,523,8.0,320
2024-03-04,SKU0188,431,0,8.0,320
2024-03-11,SKU0188,109,508,8.0,320
2024-03-18,SKU0188,324,0,8.0,320
2024-03-25,SKU0188,2,523,8.0,320
2024-04-01,SKU0188,247,508,8.0,320
2024-04-08,SKU0188,462,0,8.0,320
2024-04-15,SKU0188,140,569,8.0,320
2024-04-22,SKU0188,477,0,8.0,320
2024-04-29,SKU0188,155,508,8.0,320
2024-05-06,SKU0188,370,0,8.0,320
2024-05-13,SKU0188,48,523,8.0,320
2024-05-20,SKU0188,293,0,8.0,320
2024-05-27,SKU0188,0,600,8.0,320
2024-06-03,SKU0188,370,0,8.0,320
2024-06-10,SKU0188,48,523,8.0,320
2024-06-17,SKU0188,293,508,8.0,320
2024-06-24,SKU0188,0,508,8.0,320
2024-07-01,SKU0188,186,523,8.0,320
2024-07-08,SKU0188,431,0,8.0,320
2024-07-15,SKU0188,109,508,8.0,320
2024-07-22,SKU0188,324,0,8.0,320
2024-07-29,SKU0188,2,523,8.0,320
2024-08-05,SKU0188,247,508,8.0,320
2024-08-12,SKU0188,462,0,8.0,320
2024-08-19,SKU0188,140,569,8.0,320
2024-08-26,SKU0188,477,0,8.0,320
2024-09-02,SKU0188,171,508,8.0,320
2024-09-09,SKU0188,414,0,8.0,320
2024-09-16,SKU0188,244,526,8.0,320
2024-09-23,SKU0188,481,0,8.0,320
2024-09-30,SKU0188,204,509,8.0,320
2024-10-07,SKU0188,426,0,8.0,320
2024-10-14,SKU0188,165,484,8.0,320
2024-10-21,SKU0188,252,485,8.0,320
2024-10-28,SKU0188,443,0,8.0,320
2024-11-04,SKU0188,148,605,8.0,320
2024-11-11,SKU0188,551,0,8.0,320
2024-11-18,SKU0188,264,509,8.0,320
2024-11-25,SKU0188,432,0,8.0,320
2024-12-02,SKU0188,3,647,8.0,320
2024-12-09,SKU0188,545,0,8.0,320
2024-12-16,SKU0188,176,484,8.0,320
2024-12-23,SKU0188,288,513,8.0,320
2024-12-30,SKU0188,0,513,8.0,320
2025-01-06,SKU0188,0,536,8.0,320
2025-01-13,SKU0188,413,0,8.0,320
2025-01-20,SKU0188,74,604,8.0,320
2025-01-27,SKU0188,470,0,8.0,320
2025-02-03,SKU0188,140,524,8.0,320
2025-02-10,SKU0188,376,0,8.0,320
2025-02-17,SKU0188,105,591,8.0,320
2025-02-24,SKU0188,410,0,8.0,320
2025-03-03,SKU0188,158,503,8.0,320
2025-03-10,SKU0188,381,0,8.0,320
2025-03-17,SKU0188,93,533,8.0,320
2025-03-24,SKU0188,388,0,8.0,320
2025-03-31,SKU0188,114,555,8.0,320
2025-04-07,SKU0188,379,0,8.0,320
2025-04-14,SKU0188,92,491,8.0,320
2025-04-21,SKU0188,305,0,8.0,320
2025-04-28,SKU0188,96,510,8.0,320
2025-05-05,SKU0188,356,0,8.0,320
2025-05-12,SKU0188,128,607,8.0,320
2025-05-19,SKU0188,508,0,8.0,320
2025-05-26,SKU0188,187,0,8.0,320
2025-06-02,SKU0188,0,681,8.0,320
2025-06-09,SKU0188,484,0,8.0,320
2025-06-16,SKU0188,246,522,8.0,320
2025-06-23,SKU0188,507,0,8.0,320
2025-06-30,SKU0188,265,512,8.0,320
2025-07-07,SKU0188,495,0,8.0,320
2025-07-14,SKU0188,270,0,8.0,320
2025-07-21,SKU0188,15,604,8.0,320
2025-07-28,SKU0188,461,0,8.0,320
2025-08-04,SKU0188,99,489,8.0,320
2025-08-11,SKU0188,340,0,8.0,320
2025-08-18,SKU0188,42,507,8.0,320
2025-08-25,SKU0188,274,527,8.0,320
2025-09-01,SKU0188,0,527,8.0,320
2025-09-08,SKU0188,338,0,8.0,320
2025-09-15,SKU0188,45,488,8.0,320
2025-09-22,SKU0188,258,513,8.0,320
2025-09-29,SKU0188,526,0,8.0,320
2025-10-06,SKU0188,182,505,8.0,320
2025-10-13,SKU0188,431,0,8.0,320
2025-10-20,SKU0188,0,496,8.0,320
2025-10-27,SKU0188,233,538,8.0,320
2025-11-03,SKU0188,497,0,8.0,320
2025-11-10,SKU0188,171,484,8.0,320
2025-11-17,SKU0188,344,0,8.0,320
2025-11-24,SKU0188,17,490,8.0,320
2025-12-01,SKU0188,18,520,8.0,320
2025-12-08,SKU0188,401,0,8.0,320
2025-12-15,SKU0188,67,509,8.0,320
2025-12-22,SKU0188,275,498,8.0,320
2025-12-29,SKU0188,483,0,8.0,320
2024-01-01,SKU0189,168,0,14.0,187
2024-01-08,SKU0189,59,203,14.0,187
2024-01-15,SKU0189,0,203,14.0,187
2024-01-22,SKU0189,94,184,14.0,187
2024-01-29,SKU0189,0,184,14.0,187
2024-02-05,SKU0189,91,172,14.0,187
2024-02-12,SKU0189,0,343,14.0,187
2024-02-19,SKU0189,63,171,14.0,187
2024-02-26,SKU0189,125,216,14.0,187
2024-03-04,SKU0189,16,216,14.0,187
2024-03-11,SKU0189,185,0,14.0,187
2024-03-18,SKU0189,76,218,14.0,187
2024-03-25,SKU0189,0,218,14.0,187
2024-04-01,SKU0189,140,169,14.0,187
2024-04-08,SKU0189,31,169,14.0,187
2024-04-15,SKU0189,107,187,14.0,187
2024-04-22,SKU0189,0,187,14.0,187
2024-04-29,SKU0189,94,185,14.0,187
2024-05-06,SKU0189,0,356,14.0,187
2024-05-13,SKU0189,92,171,14.0,187
2024-05-20,SKU0189,153,171,14.0,187
2024-05-27,SKU0189,44,171,14.0,187
2024-06-03,SKU0189,124,172,14.0,187
2024-06-10,SKU0189,15,172,14.0,187
2024-06-17,SKU0189,79,200,14.0,187
2024-06-24,SKU0189,0,200,14.0,187
2024-07-01,SKU0189,107,172,14.0,187
2024-07-08,SKU0189,0,343,14.0,187
2024-07-15,SKU0189,79,171,14.0,187
2024-07-22,SKU0189,140,184,14.0,187
2024-07-29,SKU0189,31,184,14.0,187
2024-08-05,SKU0189,137,172,14.0,187
2024-08-12,SKU0189,28,172,14.0,187
2024-08-19,SKU0189,91,171,14.0,187
2024-08-26,SKU0189,0,343,14.0,187
2024-09-02,SKU0189,62,172,14.0,187
2024-09-09,SKU0189,125,184,14.0,187
2024-09-16,SKU0189,16,184,14.0,187
2024-09-23,SKU0189,122,171,14.0,187
2024-09-30,SKU0189,13,171,14.0,187
2024-10-07,SKU0189,75,188,14.0,187
2024-10-14,SKU0189,0,188,14.0,187
2024-10-21,SKU0189,79,230,14.0,187
2024-10-28,SKU0189,0,230,14.0,187
2024-11-04,SKU0189,168,188,14.0,187
2024-11-11,SKU0189,53,188,14.0,187
2024-11-18,SKU0189,174,182,14.0,187
2024-11-25,SKU0189,56,182,14.0,187
2024-12-02,SKU0189,150,174,14.0,187
2024-12-09,SKU0189,13,174,14.0,187
2024-12-16,SKU0189,88,182,14.0,187
2024-12-23,SKU0189,0,356,14.0,187
2024-12-30,SKU0189,106,174,14.0,187
2025-01-06,SKU0189,97,259,14.0,187
2025-01-13,SKU0189,0,259,14.0,187
2025-01-20,SKU0189,232,0,14.0,187
2025-01-27,SKU0189,115,174,14.0,187
2025-02-03,SKU0189,0,356,14.0,187
2025-02-10,SKU0189,104,182,14.0,187
2025-02-17,SKU0189,175,174,14.0,187
2025-02-24,SKU0189,65,174,14.0,187
2025-03-03,SKU0189,148,180,14.0,187
2025-03-10,SKU0189,68,180,14.0,187
2025-03-17,SKU0189,140,0,14.0,187
2025-03-24,SKU0189,41,230,14.0,187
2025-03-31,SKU0189,0,230,14.0,187
2025-04-07,SKU0189,129,191,14.0,187
2025-04-14,SKU0189,19,191,14.0,187
2025-04-21,SKU0189,156,181,14.0,187
2025-04-28,SKU0189,72,181,14.0,187
2025-05-05,SKU0189,160,182,14.0,187
2025-05-12,SKU0189,67,182,14.0,187
2025-05-19,SKU0189,160,196,14.0,187
2025-05-26,SKU0189,83,196,14.0,187
2025-06-02,SKU0189,203,0,14.0,187
2025-06-09,SKU0189,112,186,14.0,187
2025-06-16,SKU0189,31,186,14.0,187
2025-06-23,SKU0189,152,183,14.0,187
2025-06-30,SKU0189,79,183,14.0,187
2025-07-07,SKU0189,196,0,14.0,187
2025-07-14,SKU0189,126,179,14.0,187
2025-07-21,SKU0189,39,179,14.0,187
2025-07-28,SKU0189,124,204,14.0,187
2025-08-04,SKU0189,8,204,14.0,187
2025-08-11,SKU0189,144,187,14.0,187
2025-08-18,SKU0189,42,187,14.0,187
2025-08-25,SKU0189,149,177,14.0,187
2025-09-01,SKU0189,78,177,14.0,187
2025-09-08,SKU0189,177,179,14.0,187
2025-09-15,SKU0189,99,179,14.0,187
2025-09-22,SKU0189,198,0,14.0,187
2025-09-29,SKU0189,112,199,14.0,187
2025-10-06,SKU0189,12,199,14.0,187
2025-10-13,SKU0189,146,202,14.0,187
2025-10-20,SKU0189,0,202,14.0,187
2025-10-27,SKU0189,163,193,14.0,187
2025-11-03,SKU0189,66,193,14.0,187
2025-11-10,SKU0189,179,0,14.0,187
2025-11-17,SKU0189,53,196,14.0,187
2025-11-24,SKU0189,0,196,14.0,187
2025-12-01,SKU0189,0,356,14.0,187
2025-12-08,SKU0189,0,356,14.0,187
2025-12-15,SKU0189,240,0,14.0,187
2025-12-22,SKU0189,109,0,14.0,187
2025-12-29,SKU0189,4,290,14.0,187
2024-01-01,SKU0190,1302,0,13.0,814
2024-01-08,SKU0190,992,0,13.0,814
2024-01-15,SKU0190,683,829,13.0,814
2024-01-22,SKU0190,373,829,13.0,814
2024-01-29,SKU0190,892,0,13.0,814
2024-02-05,SKU0190,583,840,13.0,814
2024-02-12,SKU0190,273,840,13.0,814
2024-02-19,SKU0190,804,796,13.0,814
2024-02-26,SKU0190,494,796,13.0,814
2024-03-04,SKU0190,980,0,13.0,814
2024-03-11,SKU0190,671,797,13.0,814
2024-03-18,SKU0190,361,797,13.0,814
2024-03-25,SKU0190,849,0,13.0,814
2024-04-01,SKU0190,539,796,13.0,814
2024-04-08,SKU0190,1025,0,13.0,814
2024-04-15,SKU0190,716,796,13.0,814
2024-04-22,SKU0190,406,796,13.0,814
2024-04-29,SKU0190,893,0,13.0,814
2024-05-06,SKU0190,583,796,13.0,814
2024-05-13,SKU0190,262,796,13.0,814
2024-05-20,SKU0190,808,792,13.0,814
2024-05-27,SKU0190,597,792,13.0,814
2024-06-03,SKU0190,1172,0,13.0,814
2024-06-10,SKU0190,892,0,13.0,814
2024-06-17,SKU0190,581,831,13.0,814
2024-06-24,SKU0190,347,831,13.0,814
2024-07-01,SKU0190,943,0,13.0,814
2024-07-08,SKU0190,699,824,13.0,814
2024-07-15,SKU0190,452,824,13.0,814
2024-07-22,SKU0190,1042,0,13.0,814
2024-07-29,SKU0190,806,794,13.0,814
2024-08-05,SKU0190,400,794,13.0,814
2024-08-12,SKU0190,742,792,13.0,814
2024-08-19,SKU0190,564,792,13.0,814
2024-08-26,SKU0190,1135,0,13.0,814
2024-09-02,SKU0190,973,0,13.0,814
2024-09-09,SKU0190,769,790,13.0,814
2024-09-16,SKU0190,563,790,13.0,814
2024-09-23,SKU0190,1098,0,13.0,814
2024-09-30,SKU0190,847,0,13.0,814
2024-10-07,SKU0190,539,930,13.0,814
2024-10-14,SKU0190,267,930,13.0,814
2024-10-21,SKU0190,605,806,13.0,814
2024-10-28,SKU0190,181,806,13.0,814
2024-11-04,SKU0190,680,794,13.0,814
2024-11-11,SKU0190,340,794,13.0,814
2024-11-18,SKU0190,836,0,13.0,814
2024-11-25,SKU0190,498,800,13.0,814
2024-12-02,SKU0190,755,0,13.0,814
2024-12-09,SKU0190,422,984,13.0,814
2024-12-16,SKU0190,27,984,13.0,814
2024-12-23,SKU0190,395,902,13.0,814
2024-12-30,SKU0190,0,902,13.0,814
2025-01-06,SKU0190,508,926,13.0,814
2025-01-13,SKU0190,47,926,13.0,814
2025-01-20,SKU0190,738,835,13.0,814
2025-01-27,SKU0190,411,835,13.0,814
2025-02-03,SKU0190,939,0,13.0,814
2025-02-10,SKU0190,584,821,13.0,814
2025-02-17,SKU0190,223,821,13.0,814
2025-02-24,SKU0190,716,795,13.0,814
2025-03-03,SKU0190,413,795,13.0,814
2025-03-10,SKU0190,954,0,13.0,814
2025-03-17,SKU0190,739,802,13.0,814
2025-03-24,SKU0190,513,802,13.0,814
2025-03-31,SKU0190,1031,0,13.0,814
2025-04-07,SKU0190,783,817,13.0,814
2025-04-14,SKU0190,538,817,13.0,814
2025-04-21,SKU0190,1109,0,13.0,814
2025-04-28,SKU0190,886,0,13.0,814
2025-05-05,SKU0190,629,794,13.0,814
2025-05-12,SKU0190,387,794,13.0,814
2025-05-19,SKU0190,962,0,13.0,814
2025-05-26,SKU0190,709,820,13.0,814
2025-06-02,SKU0190,468,820,13.0,814
2025-06-09,SKU0190,986,0,13.0,814
2025-06-16,SKU0190,650,790,13.0,814
2025-06-23,SKU0190,357,790,13.0,814
2025-06-30,SKU0190,891,0,13.0,814
2025-07-07,SKU0190,608,840,13.0,814
2025-07-14,SKU0190,363,840,13.0,814
2025-07-21,SKU0190,953,0,13.0,814
2025-07-28,SKU0190,721,801,13.0,814
2025-08-04,SKU0190,378,801,13.0,814
2025-08-11,SKU0190,751,813,13.0,814
2025-08-18,SKU0190,502,813,13.0,814
2025-08-25,SKU0190,1066,0,13.0,814
2025-09-01,SKU0190,861,0,13.0,814
2025-09-08,SKU0190,617,800,13.0,814
2025-09-15,SKU0190,325,800,13.0,814
2025-09-22,SKU0190,887,0,13.0,814
2025-09-29,SKU0190,635,809,13.0,814
2025-10-06,SKU0190,295,809,13.0,814
2025-10-13,SKU0190,829,0,13.0,814
2025-10-20,SKU0190,304,805,13.0,814
2025-10-27,SKU0190,766,795,13.0,814
2025-11-03,SKU0190,418,795,13.0,814
2025-11-10,SKU0190,877,0,13.0,814
2025-11-17,SKU0190,485,810,13.0,814
2025-11-24,SKU0190,143,810,13.0,814
2025-12-01,SKU0190,385,797,13.0,814
2025-12-08,SKU0190,0,797,13.0,814
2025-12-15,SKU0190,471,838,13.0,814
2025-12-22,SKU0190,1013,0,13.0,814
2025-12-29,SKU0190,689,854,13.0,814
2024-01-01,SKU0191,733,0,25.0,753
2024-01-08,SKU0191,425,703,25.0,753
2024-01-15,SKU0191,118,703,25.0,753
2024-01-22,SKU0191,0,703,25.0,753
2024-01-29,SKU0191,0,1172,25.0,753
2024-02-05,SKU0191,483,469,25.0,753
2024-02-12,SKU0191,176,996,25.0,753
2024-02-19,SKU0191,0,996,25.0,753
2024-02-26,SKU0191,249,527,25.0,753
2024-03-04,SKU0191,0,1011,25.0,753
2024-03-11,SKU0191,351,484,25.0,753
2024-03-18,SKU0191,44,1084,25.0,753
2024-03-25,SKU0191,396,600,25.0,753
2024-04-01,SKU0191,89,600,25.0,753
2024-04-08,SKU0191,0,1171,25.0,753
2024-04-15,SKU0191,380,571,25.0,753
2024-04-22,SKU0191,73,1011,25.0,753
2024-04-29,SKU0191,483,440,25.0,753
2024-05-06,SKU0191,176,953,25.0,753
2024-05-13,SKU0191,0,953,25.0,753
2024-05-20,SKU0191,176,996,25.0,753
2024-05-27,SKU0191,0,996,25.0,753
2024-06-03,SKU0191,293,483,25.0,753
2024-06-10,SKU0191,0,1054,25.0,753
2024-06-17,SKU0191,307,571,25.0,753
2024-06-24,SKU0191,0,1084,25.0,753
2024-07-01,SKU0191,0,1084,25.0,753
2024-07-08,SKU0191,263,513,25.0,753
2024-07-15,SKU0191,0,953,25.0,753
2024-07-22,SKU0191,249,879,25.0,753
2024-07-29,SKU0191,0,879,25.0,753
2024-08-05,SKU0191,308,439,25.0,753
2024-08-12,SKU0191,1,1040,25.0,753
2024-08-19,SKU0191,219,601,25.0,753
2024-08-26,SKU0191,0,1085,25.0,753
2024-09-02,SKU0191,0,1085,25.0,753
2024-09-09,SKU0191,293,484,25.0,753
2024-09-16,SKU0191,470,614,25.0,753
2024-09-23,SKU0191,162,614,25.0,753
2024-09-30,SKU0191,0,1098,25.0,753
2024-10-07,SKU0191,0,1098,25.0,753
2024-10-14,SKU0191,350,484,25.0,753
2024-10-21,SKU0191,527,645,25.0,753
2024-10-28,SKU0191,189,645,25.0,753
2024-11-04,SKU0191,0,1076,25.0,753
2024-11-11,SKU0191,0,1076,25.0,753
2024-11-18,SKU0191,474,431,25.0,753
2024-11-25,SKU0191,593,480,25.0,753
2024-12-02,SKU0191,14,1071,25.0,753
2024-12-09,SKU0191,0,1071,25.0,753
2024-12-16,SKU0191,0,1071,25.0,753
2024-12-23,SKU0191,0,591,25.0,753
2024-12-30,SKU0191,378,742,25.0,753
2025-01-06,SKU0191,0,742,25.0,753
2025-01-13,SKU0191,0,1172,25.0,753
2025-01-20,SKU0191,0,1172,25.0,753
2025-01-27,SKU0191,464,430,25.0,753
2025-02-03,SKU0191,187,430,25.0,753
2025-02-10,SKU0191,307,694,25.0,753
2025-02-17,SKU0191,19,1153,25.0,753
2025-02-24,SKU0191,0,1153,25.0,753
2025-03-03,SKU0191,670,459,25.0,753
2025-03-10,SKU0191,428,459,25.0,753
2025-03-17,SKU0191,583,0,25.0,753
2025-03-24,SKU0191,303,628,25.0,753
2025-03-31,SKU0191,106,628,25.0,753
2025-04-07,SKU0191,0,1141,25.0,753
2025-04-14,SKU0191,551,513,25.0,753
2025-04-21,SKU0191,310,513,25.0,753
2025-04-28,SKU0191,568,479,25.0,753
2025-05-05,SKU0191,336,479,25.0,753
2025-05-12,SKU0191,61,908,25.0,753
2025-05-19,SKU0191,0,908,25.0,753
2025-05-26,SKU0191,293,429,25.0,753
2025-06-02,SKU0191,477,575,25.0,753
2025-06-09,SKU0191,194,575,25.0,753
2025-06-16,SKU0191,0,1124,25.0,753
2025-06-23,SKU0191,0,1124,25.0,753
2025-06-30,SKU0191,346,549,25.0,753
2025-07-07,SKU0191,80,1000,25.0,753
2025-07-14,SKU0191,302,451,25.0,753
2025-07-21,SKU0191,34,954,25.0,753
2025-07-28,SKU0191,0,954,25.0,753
2025-08-04,SKU0191,168,964,25.0,753
2025-08-11,SKU0191,403,461,25.0,753
2025-08-18,SKU0191,142,999,25.0,753
2025-08-25,SKU0191,0,999,25.0,753
2025-09-01,SKU0191,262,538,25.0,753
2025-09-08,SKU0191,16,538,25.0,753
2025-09-15,SKU0191,393,0,25.0,753
2025-09-22,SKU0191,191,864,25.0,753
2025-09-29,SKU0191,0,864,25.0,753
2025-10-06,SKU0191,0,864,25.0,753
2025-10-13,SKU0191,749,0,25.0,753
2025-10-20,SKU0191,212,548,25.0,753
2025-10-27,SKU0191,0,1133,25.0,753
2025-11-03,SKU0191,0,1133,25.0,753
2025-11-10,SKU0191,453,585,25.0,753
2025-11-17,SKU0191,715,0,25.0,753
2025-11-24,SKU0191,439,536,25.0,753
2025-12-01,SKU0191,0,536,25.0,753
2025-12-08,SKU0191,0,1172,25.0,753
2025-12-15,SKU0191,457,636,25.0,753
2025-12-22,SKU0191,86,636,25.0,753
2025-12-29,SKU0191,493,512,25.0,753
2024-01-01,SKU0192,389,0,10.0,188
2024-01-08,SKU0192,289,0,10.0,188
2024-01-15,SKU0192,188,0,10.0,188
2024-01-22,SKU0192,88,245,10.0,188
2024-01-29,SKU0192,233,0,10.0,188
2024-02-05,SKU0192,133,272,10.0,188
2024-02-12,SKU0192,33,272,10.0,188
2024-02-19,SKU0192,205,0,10.0,188
2024-02-26,SKU0192,104,272,10.0,188
2024-03-04,SKU0192,276,0,10.0,188
2024-03-11,SKU0192,176,243,10.0,188
2024-03-18,SKU0192,76,243,10.0,188
2024-03-25,SKU0192,219,0,10.0,188
2024-04-01,SKU0192,119,243,10.0,188
2024-04-08,SKU0192,262,0,10.0,188
2024-04-15,SKU0192,161,258,10.0,188
2024-04-22,SKU0192,61,258,10.0,188
2024-04-29,SKU0192,219,0,10.0,188
2024-05-06,SKU0192,119,243,10.0,188
2024-05-13,SKU0192,262,0,10.0,188
2024-05-20,SKU0192,162,243,10.0,188
2024-05-27,SKU0192,62,243,10.0,188
2024-06-03,SKU0192,204,0,10.0,188
2024-06-10,SKU0192,104,243,10.0,188
2024-06-17,SKU0192,247,0,10.0,188
2024-06-24,SKU0192,147,258,10.0,188
2024-07-01,SKU0192,47,258,10.0,188
2024-07-08,SKU0192,205,0,10.0,188
2024-07-15,SKU0192,104,243,10.0,188
2024-07-22,SKU0192,247,0,10.0,188
2024-07-29,SKU0192,147,243,10.0,188
2024-08-05,SKU0192,47,243,10.0,188
2024-08-12,SKU0192,190,0,10.0,188
2024-08-19,SKU0192,90,243,10.0,188
2024-08-26,SKU0192,233,0,10.0,188
2024-09-02,SKU0192,132,244,10.0,188
2024-09-09,SKU0192,276,0,10.0,188
2024-09-16,SKU0192,176,243,10.0,188
2024-09-23,SKU0192,76,243,10.0,188
2024-09-30,SKU0192,219,0,10.0,188
2024-10-07,SKU0192,119,243,10.0,188
2024-10-14,SKU0192,266,0,10.0,188
2024-10-21,SKU0192,13,287,10.0,188
2024-10-28,SKU0192,280,0,10.0,188
2024-11-04,SKU0192,188,0,10.0,188
2024-11-11,SKU0192,96,254,10.0,188
2024-11-18,SKU0192,275,0,10.0,188
2024-11-25,SKU0192,180,239,10.0,188
2024-12-02,SKU0192,0,239,10.0,188
2024-12-09,SKU0192,149,256,10.0,188
2024-12-16,SKU0192,11,256,10.0,188
2024-12-23,SKU0192,102,317,10.0,188
2024-12-30,SKU0192,0,317,10.0,188
2025-01-06,SKU0192,185,234,10.0,188
2025-01-13,SKU0192,52,234,10.0,188
2025-01-20,SKU0192,171,242,10.0,188
2025-01-27,SKU0192,44,242,10.0,188
2025-02-03,SKU0192,180,0,10.0,188
2025-02-10,SKU0192,81,263,10.0,188
2025-02-17,SKU0192,269,0,10.0,188
2025-02-24,SKU0192,181,0,10.0,188
2025-03-03,SKU0192,75,254,10.0,188
2025-03-10,SKU0192,264,0,10.0,188
2025-03-17,SKU0192,163,0,10.0,188
2025-03-24,SKU0192,94,266,10.0,188
2025-03-31,SKU0192,263,0,10.0,188
2025-04-07,SKU0192,180,232,10.0,188
2025-04-14,SKU0192,66,232,10.0,188
2025-04-21,SKU0192,235,0,10.0,188
2025-04-28,SKU0192,168,0,10.0,188
2025-05-05,SKU0192,63,267,10.0,188
2025-05-12,SKU0192,236,0,10.0,188
2025-05-19,SKU0192,148,245,10.0,188
2025-05-26,SKU0192,309,0,10.0,188
2025-06-02,SKU0192,276,0,10.0,188
2025-06-09,SKU0192,202,0,10.0,188
2025-06-16,SKU0192,76,243,10.0,188
2025-06-23,SKU0192,273,0,10.0,188
2025-06-30,SKU0192,201,0,10.0,188
2025-07-07,SKU0192,148,239,10.0,188
2025-07-14,SKU0192,288,0,10.0,188
2025-07-21,SKU0192,225,0,10.0,188
2025-07-28,SKU0192,131,234,10.0,188
2025-08-04,SKU0192,244,0,10.0,188
2025-08-11,SKU0192,119,235,10.0,188
2025-08-18,SKU0192,257,0,10.0,188
2025-08-25,SKU0192,221,0,10.0,188
2025-09-01,SKU0192,168,239,10.0,188
2025-09-08,SKU0192,113,239,10.0,188
2025-09-15,SKU0192,284,0,10.0,188
2025-09-22,SKU0192,225,0,10.0,188
2025-09-29,SKU0192,186,233,10.0,188
2025-10-06,SKU0192,86,233,10.0,188
2025-10-13,SKU0192,241,0,10.0,188
2025-10-20,SKU0192,103,263,10.0,188
2025-10-27,SKU0192,0,263,10.0,188
2025-11-03,SKU0192,172,238,10.0,188
2025-11-10,SKU0192,53,238,10.0,188
2025-11-17,SKU0192,192,0,10.0,188
2025-11-24,SKU0192,113,263,10.0,188
2025-12-01,SKU0192,247,0,10.0,188
2025-12-08,SKU0192,103,240,10.0,188
2025-12-15,SKU0192,242,0,10.0,188
2025-12-22,SKU0192,156,242,10.0,188
2025-12-29,SKU0192,257,0,10.0,188
2024-01-01,SKU0193,1289,0,10.0,637
2024-01-08,SKU0193,984,0,10.0,637
2024-01-15,SKU0193,678,0,10.0,637
2024-01-22,SKU0193,372,782,10.0,637
2024-01-29,SKU0193,849,0,10.0,637
2024-02-05,SKU0193,543,829,10.0,637
2024-02-12,SKU0193,238,829,10.0,637
2024-02-19,SKU0193,761,0,10.0,637
2024-02-26,SKU0193,455,873,10.0,637
2024-03-04,SKU0193,150,873,10.0,637
2024-03-11,SKU0193,717,0,10.0,637
2024-03-18,SKU0193,412,786,10.0,637
2024-03-25,SKU0193,892,0,10.0,637
2024-04-01,SKU0193,586,786,10.0,637
2024-04-08,SKU0193,281,786,10.0,637
2024-04-15,SKU0193,761,0,10.0,637
2024-04-22,SKU0193,456,786,10.0,637
2024-04-29,SKU0193,936,0,10.0,637
2024-05-06,SKU0193,630,786,10.0,637
2024-05-13,SKU0193,325,786,10.0,637
2024-05-20,SKU0193,805,0,10.0,637
2024-05-27,SKU0193,499,829,10.0,637
2024-06-03,SKU0193,194,829,10.0,637
2024-06-10,SKU0193,717,0,10.0,637
2024-06-17,SKU0193,412,830,10.0,637
2024-06-24,SKU0193,936,0,10.0,637
2024-07-01,SKU0193,630,786,10.0,637
2024-07-08,SKU0193,325,786,10.0,637
2024-07-15,SKU0193,805,0,10.0,637
2024-07-22,SKU0193,500,829,10.0,637
2024-07-29,SKU0193,194,829,10.0,637
2024-08-05,SKU0193,717,0,10.0,637
2024-08-12,SKU0193,412,786,10.0,637
2024-08-19,SKU0193,892,0,10.0,637
2024-08-26,SKU0193,586,786,10.0,637
2024-09-02,SKU0193,281,786,10.0,637
2024-09-09,SKU0193,761,0,10.0,637
2024-09-16,SKU0193,456,786,10.0,637
2024-09-23,SKU0193,936,0,10.0,637
2024-09-30,SKU0193,630,0,10.0,637
2024-10-07,SKU0193,325,829,10.0,637
2024-10-14,SKU0193,848,0,10.0,637
2024-10-21,SKU0193,543,786,10.0,637
2024-10-28,SKU0193,237,786,10.0,637
2024-11-04,SKU0193,717,0,10.0,637
2024-11-11,SKU0193,412,786,10.0,637
2024-11-18,SKU0193,892,0,10.0,637
2024-11-25,SKU0193,587,786,10.0,637
2024-12-02,SKU0193,281,786,10.0,637
2024-12-09,SKU0193,761,0,10.0,637
2024-12-16,SKU0193,456,873,10.0,637
2024-12-23,SKU0193,150,873,10.0,637
2024-12-30,SKU0193,717,0,10.0,637
2025-01-06,SKU0193,412,873,10.0,637
2025-01-13,SKU0193,979,0,10.0,637
2025-01-20,SKU0193,674,0,10.0,637
2025-01-27,SKU0193,368,786,10.0,637
2025-02-03,SKU0193,848,0,10.0,637
2025-02-10,SKU0193,543,786,10.0,637
2025-02-17,SKU0193,237,786,10.0,637
2025-02-24,SKU0193,718,0,10.0,637
2025-03-03,SKU0193,412,829,10.0,637
2025-03-10,SKU0193,935,0,10.0,637
2025-03-17,SKU0193,630,0,10.0,637
2025-03-24,SKU0193,324,830,10.0,637
2025-03-31,SKU0193,848,0,10.0,637
2025-04-07,SKU0193,543,786,10.0,637
2025-04-14,SKU0193,237,786,10.0,637
2025-04-21,SKU0193,718,0,10.0,637
2025-04-28,SKU0193,412,786,10.0,637
2025-05-05,SKU0193,892,0,10.0,637
2025-05-12,SKU0193,587,786,10.0,637
2025-05-19,SKU0193,281,786,10.0,637
2025-05-26,SKU0193,762,0,10.0,637
2025-06-02,SKU0193,456,873,10.0,637
2025-06-09,SKU0193,150,873,10.0,637
2025-06-16,SKU0193,718,0,10.0,637
2025-06-23,SKU0193,412,786,10.0,637
2025-06-30,SKU0193,892,0,10.0,637
2025-07-07,SKU0193,587,785,10.0,637
2025-07-14,SKU0193,281,785,10.0,637
2025-07-21,SKU0193,761,0,10.0,637
2025-07-28,SKU0193,455,786,10.0,637
2025-08-04,SKU0193,935,0,10.0,637
2025-08-11,SKU0193,630,786,10.0,637
2025-08-18,SKU0193,324,786,10.0,637
2025-08-25,SKU0193,817,0,10.0,637
2025-09-01,SKU0193,603,790,10.0,637
2025-09-08,SKU0193,373,790,10.0,637
2025-09-15,SKU0193,963,0,10.0,637
2025-09-22,SKU0193,755,0,10.0,637
2025-09-29,SKU0193,592,785,10.0,637
2025-10-06,SKU0193,324,785,10.0,637
2025-10-13,SKU0193,840,0,10.0,637
2025-10-20,SKU0193,359,810,10.0,637
2025-10-27,SKU0193,776,0,10.0,637
2025-11-03,SKU0193,481,810,10.0,637
2025-11-10,SKU0193,950,0,10.0,637
2025-11-17,SKU0193,718,0,10.0,637
2025-11-24,SKU0193,416,939,10.0,637
2025-12-01,SKU0193,0,939,10.0,637
2025-12-08,SKU0193,690,0,10.0,637
2025-12-15,SKU0193,409,781,10.0,637
2025-12-22,SKU0193,826,0,10.0,637
2025-12-29,SKU0193,513,799,10.0,637
2024-01-01,SKU0194,204,186,19.0,230
2024-01-08,SKU0194,0,378,19.0,230
2024-01-15,SKU0194,0,378,19.0,230
2024-01-22,SKU0194,90,192,19.0,230
2024-01-29,SKU0194,64,0,19.0,230
2024-02-05,SKU0194,0,390,19.0,230
2024-02-12,SKU0194,0,390,19.0,230
2024-02-19,SKU0194,358,0,19.0,230
2024-02-26,SKU0194,134,0,19.0,230
2024-03-04,SKU0194,0,352,19.0,230
2024-03-11,SKU0194,0,352,19.0,230
2024-03-18,SKU0194,0,352,19.0,230
2024-03-25,SKU0194,128,230,19.0,230
2024-04-01,SKU0194,0,230,19.0,230
2024-04-08,SKU0194,0,230,19.0,230
2024-04-15,SKU0194,102,192,19.0,230
2024-04-22,SKU0194,0,352,19.0,230
2024-04-29,SKU0194,0,352,19.0,230
2024-05-06,SKU0194,160,198,19.0,230
2024-05-13,SKU0194,0,390,19.0,230
2024-05-20,SKU0194,0,390,19.0,230
2024-05-27,SKU0194,70,192,19.0,230
2024-06-03,SKU0194,96,192,19.0,230
2024-06-10,SKU0194,0,390,19.0,230
2024-06-17,SKU0194,160,198,19.0,230
2024-06-24,SKU0194,0,390,19.0,230
2024-07-01,SKU0194,0,192,19.0,230
2024-07-08,SKU0194,0,390,19.0,230
2024-07-15,SKU0194,32,358,19.0,230
2024-07-22,SKU0194,0,358,19.0,230
2024-07-29,SKU0194,0,390,19.0,230
2024-08-05,SKU0194,64,230,19.0,230
2024-08-12,SKU0194,0,230,19.0,230
2024-08-19,SKU0194,134,224,19.0,230
2024-08-26,SKU0194,0,390,19.0,230
2024-09-02,SKU0194,0,390,19.0,230
2024-09-09,SKU0194,96,166,19.0,230
2024-09-16,SKU0194,38,320,19.0,230
2024-09-23,SKU0194,0,320,19.0,230
2024-09-30,SKU0194,96,160,19.0,230
2024-10-07,SKU0194,32,326,19.0,230
2024-10-14,SKU0194,0,326,19.0,230
2024-10-21,SKU0194,102,160,19.0,230
2024-10-28,SKU0194,38,320,19.0,230
2024-11-04,SKU0194,0,320,19.0,230
2024-11-11,SKU0194,96,160,19.0,230
2024-11-18,SKU0194,32,358,19.0,230
2024-11-25,SKU0194,0,358,19.0,230
2024-12-02,SKU0194,166,160,19.0,230
2024-12-09,SKU0194,102,160,19.0,230
2024-12-16,SKU0194,0,384,19.0,230
2024-12-23,SKU0194,0,384,19.0,230
2024-12-30,SKU0194,0,224,19.0,230
2025-01-06,SKU0194,0,262,19.0,230
2025-01-13,SKU0194,0,262,19.0,230
2025-01-20,SKU0194,0,262,19.0,230
2025-01-27,SKU0194,38,352,19.0,230
2025-02-03,SKU0194,0,352,19.0,230
2025-02-10,SKU0194,160,160,19.0,230
2025-02-17,SKU0194,96,198,19.0,230
2025-02-24,SKU0194,0,390,19.0,230
2025-03-03,SKU0194,0,390,19.0,230
2025-03-10,SKU0194,6,352,19.0,230
2025-03-17,SKU0194,96,160,19.0,230
2025-03-24,SKU0194,0,390,19.0,230
2025-03-31,SKU0194,32,230,19.0,230
2025-04-07,SKU0194,0,230,19.0,230
2025-04-14,SKU0194,6,320,19.0,230
2025-04-21,SKU0194,0,320,19.0,230
2025-04-28,SKU0194,0,320,19.0,230
2025-05-05,SKU0194,160,166,19.0,230
2025-05-12,SKU0194,0,390,19.0,230
2025-05-19,SKU0194,0,390,19.0,230
2025-05-26,SKU0194,6,224,19.0,230
2025-06-02,SKU0194,96,166,19.0,230
2025-06-09,SKU0194,0,390,19.0,230
2025-06-16,SKU0194,0,390,19.0,230
2025-06-23,SKU0194,0,390,19.0,230
2025-06-30,SKU0194,64,166,19.0,230
2025-07-07,SKU0194,0,390,19.0,230
2025-07-14,SKU0194,38,224,19.0,230
2025-07-21,SKU0194,0,384,19.0,230
2025-07-28,SKU0194,32,160,19.0,230
2025-08-04,SKU0194,96,230,19.0,230
2025-08-11,SKU0194,0,230,19.0,230
2025-08-18,SKU0194,0,230,19.0,230
2025-08-25,SKU0194,6,224,19.0,230
2025-09-01,SKU0194,0,390,19.0,230
2025-09-08,SKU0194,192,166,19.0,230
2025-09-15,SKU0194,134,0,19.0,230
2025-09-22,SKU0194,0,320,19.0,230
2025-09-29,SKU0194,0,320,19.0,230
2025-10-06,SKU0194,294,0,19.0,230
2025-10-13,SKU0194,104,243,19.0,230
2025-10-20,SKU0194,0,243,19.0,230
2025-10-27,SKU0194,0,243,19.0,230
2025-11-03,SKU0194,94,168,19.0,230
2025-11-10,SKU0194,0,340,19.0,230
2025-11-17,SKU0194,0,340,19.0,230
2025-11-24,SKU0194,155,0,19.0,230
2025-12-01,SKU0194,0,278,19.0,230
2025-12-08,SKU0194,0,278,19.0,230
2025-12-15,SKU0194,221,169,19.0,230
2025-12-22,SKU0194,36,354,19.0,230
2025-12-29,SKU0194,0,354,19.0,230
2024-01-01,SKU0195,700,0,22.0,548
2024-01-08,SKU0195,540,346,22.0,548
2024-01-15,SKU0195,380,346,22.0,548
2024-01-22,SKU0195,220,346,22.0,548
2024-01-29,SKU0195,61,688,22.0,548
2024-02-05,SKU0195,247,342,22.0,548
2024-02-12,SKU0195,87,685,22.0,548
2024-02-19,SKU0195,269,343,22.0,548
2024-02-26,SKU0195,109,777,22.0,548
2024-03-04,SKU0195,294,434,22.0,548
2024-03-11,SKU0195,162,434,22.0,548
2024-03-18,SKU0195,31,787,22.0,548
2024-03-25,SKU0195,340,353,22.0,548
2024-04-01,SKU0195,227,353,22.0,548
2024-04-08,SKU0195,416,365,22.0,548
2024-04-15,SKU0195,291,365,22.0,548
2024-04-22,SKU0195,165,721,22.0,548
2024-04-29,SKU0195,419,356,22.0,548
2024-05-06,SKU0195,261,356,22.0,548
2024-05-13,SKU0195,118,708,22.0,548
2024-05-20,SKU0195,313,352,22.0,548
2024-05-27,SKU0195,164,352,22.0,548
2024-06-03,SKU0195,403,387,22.0,548
2024-06-10,SKU0195,288,387,22.0,548
2024-06-17,SKU0195,164,387,22.0,548
2024-06-24,SKU0195,422,359,22.0,548
2024-07-01,SKU0195,308,359,22.0,548
2024-07-08,SKU0195,169,717,22.0,548
2024-07-15,SKU0195,406,358,22.0,548
2024-07-22,SKU0195,286,358,22.0,548
2024-07-29,SKU0195,155,358,22.0,548
2024-08-05,SKU0195,286,383,22.0,548
2024-08-12,SKU0195,101,766,22.0,548
2024-08-19,SKU0195,0,766,22.0,548
2024-08-26,SKU0195,262,383,22.0,548
2024-09-02,SKU0195,517,342,22.0,548
2024-09-09,SKU0195,389,342,22.0,548
2024-09-16,SKU0195,225,342,22.0,548
2024-09-23,SKU0195,436,344,22.0,548
2024-09-30,SKU0195,336,344,22.0,548
2024-10-07,SKU0195,187,699,22.0,548
2024-10-14,SKU0195,347,355,22.0,548
2024-10-21,SKU0195,55,696,22.0,548
2024-10-28,SKU0195,331,341,22.0,548
2024-11-04,SKU0195,166,697,22.0,548
2024-11-11,SKU0195,316,356,22.0,548
2024-11-18,SKU0195,148,701,22.0,548
2024-11-25,SKU0195,314,345,22.0,548
2024-12-02,SKU0195,6,880,22.0,548
2024-12-09,SKU0195,305,535,22.0,548
2024-12-16,SKU0195,73,535,22.0,548
2024-12-23,SKU0195,0,886,22.0,548
2024-12-30,SKU0195,329,351,22.0,548
2025-01-06,SKU0195,42,746,22.0,548
2025-01-13,SKU0195,236,395,22.0,548
2025-01-20,SKU0195,92,743,22.0,548
2025-01-27,SKU0195,327,348,22.0,548
2025-02-03,SKU0195,134,348,22.0,548
2025-02-10,SKU0195,308,424,22.0,548
2025-02-17,SKU0195,157,424,22.0,548
2025-02-24,SKU0195,0,798,22.0,548
2025-03-03,SKU0195,271,374,22.0,548
2025-03-10,SKU0195,161,374,22.0,548
2025-03-17,SKU0195,409,367,22.0,548
2025-03-24,SKU0195,295,367,22.0,548
2025-03-31,SKU0195,183,367,22.0,548
2025-04-07,SKU0195,403,394,22.0,548
2025-04-14,SKU0195,295,394,22.0,548
2025-04-21,SKU0195,162,394,22.0,548
2025-04-28,SKU0195,420,363,22.0,548
2025-05-05,SKU0195,320,363,22.0,548
2025-05-12,SKU0195,161,363,22.0,548
2025-05-19,SKU0195,367,387,22.0,548
2025-05-26,SKU0195,258,387,22.0,548
2025-06-02,SKU0195,127,743,22.0,548
2025-06-09,SKU0195,360,356,22.0,548
2025-06-16,SKU0195,217,356,22.0,548
2025-06-23,SKU0195,426,382,22.0,548
2025-06-30,SKU0195,278,382,22.0,548
2025-07-07,SKU0195,169,382,22.0,548
2025-07-14,SKU0195,426,385,22.0,548
2025-07-21,SKU0195,272,385,22.0,548
2025-07-28,SKU0195,168,385,22.0,548
2025-08-04,SKU0195,368,369,22.0,548
2025-08-11,SKU0195,175,711,22.0,548
2025-08-18,SKU0195,52,711,22.0,548
2025-08-25,SKU0195,290,342,22.0,548
2025-09-01,SKU0195,137,721,22.0,548
2025-09-08,SKU0195,359,379,22.0,548
2025-09-15,SKU0195,216,379,22.0,548
2025-09-22,SKU0195,470,339,22.0,548
2025-09-29,SKU0195,368,339,22.0,548
2025-10-06,SKU0195,219,339,22.0,548
2025-10-13,SKU0195,414,369,22.0,548
2025-10-20,SKU0195,133,369,22.0,548
2025-10-27,SKU0195,0,840,22.0,548
2025-11-03,SKU0195,242,471,22.0,548
2025-11-10,SKU0195,74,471,22.0,548
2025-11-17,SKU0195,392,401,22.0,548
2025-11-24,SKU0195,238,401,22.0,548
2025-12-01,SKU0195,0,842,22.0,548
2025-12-08,SKU0195,251,441,22.0,548
2025-12-15,SKU0195,90,787,22.0,548
2025-12-22,SKU0195,404,346,22.0,548
2025-12-29,SKU0195,225,346,22.0,548
2024-01-01,SKU0196,375,0,11.0,235
2024-01-08,SKU0196,240,0,11.0,235
2024-01-15,SKU0196,105,335,11.0,235
2024-01-22,SKU0196,0,335,11.0,235
2024-01-29,SKU0196,200,0,11.0,235
2024-02-05,SKU0196,65,0,11.0,235
2024-02-12,SKU0196,0,471,11.0,235
2024-02-19,SKU0196,432,0,11.0,235
2024-02-26,SKU0196,298,0,11.0,235
2024-03-04,SKU0196,163,277,11.0,235
2024-03-11,SKU0196,28,277,11.0,235
2024-03-18,SKU0196,170,270,11.0,235
2024-03-25,SKU0196,35,270,11.0,235
2024-04-01,SKU0196,171,327,11.0,235
2024-04-08,SKU0196,36,327,11.0,235
2024-04-15,SKU0196,250,0,11.0,235
2024-04-22,SKU0196,115,287,11.0,235
2024-04-29,SKU0196,267,0,11.0,235
2024-05-06,SKU0196,133,365,11.0,235
2024-05-13,SKU0196,0,365,11.0,235
2024-05-20,SKU0196,288,0,11.0,235
2024-05-27,SKU0196,153,268,11.0,235
2024-06-03,SKU0196,286,0,11.0,235
2024-06-10,SKU0196,152,0,11.0,235
2024-06-17,SKU0196,17,404,11.0,235
2024-06-24,SKU0196,385,0,11.0,235
2024-07-01,SKU0196,250,0,11.0,235
2024-07-08,SKU0196,115,267,11.0,235
2024-07-15,SKU0196,247,0,11.0,235
2024-07-22,SKU0196,113,328,11.0,235
2024-07-29,SKU0196,0,328,11.0,235
2024-08-05,SKU0196,193,0,11.0,235
2024-08-12,SKU0196,58,363,11.0,235
2024-08-19,SKU0196,344,0,11.0,235
2024-08-26,SKU0196,209,270,11.0,235
2024-09-02,SKU0196,74,270,11.0,235
2024-09-09,SKU0196,209,269,11.0,235
2024-09-16,SKU0196,75,269,11.0,235
2024-09-23,SKU0196,209,289,11.0,235
2024-09-30,SKU0196,74,289,11.0,235
2024-10-07,SKU0196,228,270,11.0,235
2024-10-14,SKU0196,93,270,11.0,235
2024-10-21,SKU0196,228,0,11.0,235
2024-10-28,SKU0196,94,308,11.0,235
2024-11-04,SKU0196,269,0,11.0,235
2024-11-11,SKU0196,135,267,11.0,235
2024-11-18,SKU0196,237,0,11.0,235
2024-11-25,SKU0196,101,277,11.0,235
2024-12-02,SKU0196,173,0,11.0,235
2024-12-09,SKU0196,0,352,11.0,235
2024-12-16,SKU0196,335,0,11.0,235
2024-12-23,SKU0196,71,266,11.0,235
2024-12-30,SKU0196,254,0,11.0,235
2025-01-06,SKU0196,11,0,11.0,235
2025-01-13,SKU0196,0,498,11.0,235
2025-01-20,SKU0196,0,498,11.0,235
2025-01-27,SKU0196,395,0,11.0,235
2025-02-03,SKU0196,254,0,11.0,235
2025-02-10,SKU0196,126,271,11.0,235
2025-02-17,SKU0196,239,0,11.0,235
2025-02-24,SKU0196,124,273,11.0,235
2025-03-03,SKU0196,328,0,11.0,235
2025-03-10,SKU0196,193,0,11.0,235
2025-03-17,SKU0196,56,333,11.0,235
2025-03-24,SKU0196,287,0,11.0,235
2025-03-31,SKU0196,171,266,11.0,235
2025-04-07,SKU0196,99,266,11.0,235
2025-04-14,SKU0196,257,0,11.0,235
2025-04-21,SKU0196,145,276,11.0,235
2025-04-28,SKU0196,313,0,11.0,235
2025-05-05,SKU0196,185,275,11.0,235
2025-05-12,SKU0196,90,275,11.0,235
2025-05-19,SKU0196,253,0,11.0,235
2025-05-26,SKU0196,134,0,11.0,235
2025-06-02,SKU0196,45,392,11.0,235
2025-06-09,SKU0196,388,0,11.0,235
2025-06-16,SKU0196,302,0,11.0,235
2025-06-23,SKU0196,166,271,11.0,235
2025-06-30,SKU0196,42,271,11.0,235
2025-07-07,SKU0196,238,0,11.0,235
2025-07-14,SKU0196,121,269,11.0,235
2025-07-21,SKU0196,267,0,11.0,235
2025-07-28,SKU0196,178,315,11.0,235
2025-08-04,SKU0196,33,315,11.0,235
2025-08-11,SKU0196,231,0,11.0,235
2025-08-18,SKU0196,82,288,11.0,235
2025-08-25,SKU0196,275,0,11.0,235
2025-09-01,SKU0196,175,269,11.0,235
2025-09-08,SKU0196,348,0,11.0,235
2025-09-15,SKU0196,267,0,11.0,235
2025-09-22,SKU0196,211,287,11.0,235
2025-09-29,SKU0196,125,287,11.0,235
2025-10-06,SKU0196,291,0,11.0,235
2025-10-13,SKU0196,148,286,11.0,235
2025-10-20,SKU0196,0,286,11.0,235
2025-10-27,SKU0196,64,290,11.0,235
2025-11-03,SKU0196,271,0,11.0,235
2025-11-10,SKU0196,132,282,11.0,235
2025-11-17,SKU0196,0,282,11.0,235
2025-11-24,SKU0196,158,268,11.0,235
2025-12-01,SKU0196,227,0,11.0,235
2025-12-08,SKU0196,38,349,11.0,235
2025-12-15,SKU0196,270,0,11.0,235
2025-12-22,SKU0196,108,283,11.0,235
2025-12-29,SKU0196,249,0,11.0,235
2024-01-01,SKU0197,121,125,16.0,136
2024-01-08,SKU0197,0,246,16.0,136
2024-01-15,SKU0197,0,246,16.0,136
2024-01-22,SKU0197,0,246,16.0,136
2024-01-29,SKU0197,0,246,16.0,136
2024-02-05,SKU0197,0,246,16.0,136
2024-02-12,SKU0197,0,121,16.0,136
2024-02-19,SKU0197,0,168,16.0,136
2024-02-26,SKU0197,0,168,16.0,136
2024-03-04,SKU0197,83,121,16.0,136
2024-03-11,SKU0197,0,246,16.0,136
2024-03-18,SKU0197,100,125,16.0,136
2024-03-25,SKU0197,82,121,16.0,136
2024-04-01,SKU0197,0,246,16.0,136
2024-04-08,SKU0197,100,125,16.0,136
2024-04-15,SKU0197,104,121,16.0,136
2024-04-22,SKU0197,0,246,16.0,136
2024-04-29,SKU0197,0,246,16.0,136
2024-05-06,SKU0197,104,121,16.0,136
2024-05-13,SKU0197,0,246,16.0,136
2024-05-20,SKU0197,0,246,16.0,136
2024-05-27,SKU0197,104,121,16.0,136
2024-06-03,SKU0197,0,246,16.0,136
2024-06-10,SKU0197,0,246,16.0,136
2024-06-17,SKU0197,0,246,16.0,136
2024-06-24,SKU0197,0,246,16.0,136
2024-07-01,SKU0197,0,246,16.0,136
2024-07-08,SKU0197,0,246,16.0,136
2024-07-15,SKU0197,0,121,16.0,136
2024-07-22,SKU0197,0,246,16.0,136
2024-07-29,SKU0197,0,125,16.0,136
2024-08-05,SKU0197,19,121,16.0,136
2024-08-12,SKU0197,0,246,16.0,136
2024-08-19,SKU0197,15,125,16.0,136
2024-08-26,SKU0197,19,121,16.0,136
2024-09-02,SKU0197,0,246,16.0,136
2024-09-09,SKU0197,15,125,16.0,136
2024-09-16,SKU0197,40,164,16.0,136
2024-09-23,SKU0197,0,164,16.0,136
2024-09-30,SKU0197,143,0,16.0,136
2024-10-07,SKU0197,0,146,16.0,136
2024-10-14,SKU0197,0,146,16.0,136
2024-10-21,SKU0197,61,121,16.0,136
2024-10-28,SKU0197,0,246,16.0,136
2024-11-04,SKU0197,78,125,16.0,136
2024-11-11,SKU0197,82,121,16.0,136
2024-11-18,SKU0197,0,246,16.0,136
2024-11-25,SKU0197,78,125,16.0,136
2024-12-02,SKU0197,0,246,16.0,136
2024-12-09,SKU0197,0,246,16.0,136
2024-12-16,SKU0197,78,125,16.0,136
2024-12-23,SKU0197,0,125,16.0,136
2024-12-30,SKU0197,0,142,16.0,136
2025-01-06,SKU0197,0,142,16.0,136
2025-01-13,SKU0197,57,168,16.0,136
2025-01-20,SKU0197,0,168,16.0,136
2025-01-27,SKU0197,0,168,16.0,136
2025-02-03,SKU0197,19,121,16.0,136
2025-02-10,SKU0197,0,246,16.0,136
2025-02-17,SKU0197,36,125,16.0,136
2025-02-24,SKU0197,19,142,16.0,136
2025-03-03,SKU0197,0,142,16.0,136
2025-03-10,SKU0197,78,147,16.0,136
2025-03-17,SKU0197,0,147,16.0,136
2025-03-24,SKU0197,0,147,16.0,136
2025-03-31,SKU0197,0,120,16.0,136
2025-04-07,SKU0197,0,246,16.0,136
2025-04-14,SKU0197,14,126,16.0,136
2025-04-21,SKU0197,41,120,16.0,136
2025-04-28,SKU0197,0,246,16.0,136
2025-05-05,SKU0197,35,126,16.0,136
2025-05-12,SKU0197,41,120,16.0,136
2025-05-19,SKU0197,0,246,16.0,136
2025-05-26,SKU0197,35,126,16.0,136
2025-06-02,SKU0197,41,120,16.0,136
2025-06-09,SKU0197,0,246,16.0,136
2025-06-16,SKU0197,35,126,16.0,136
2025-06-23,SKU0197,83,120,16.0,136
2025-06-30,SKU0197,0,246,16.0,136
2025-07-07,SKU0197,35,126,16.0,136
2025-07-14,SKU0197,83,120,16.0,136
2025-07-21,SKU0197,0,246,16.0,136
2025-07-28,SKU0197,56,126,16.0,136
2025-08-04,SKU0197,105,0,16.0,136
2025-08-11,SKU0197,0,184,16.0,136
2025-08-18,SKU0197,0,184,16.0,136
2025-08-25,SKU0197,99,147,16.0,136
2025-09-01,SKU0197,0,147,16.0,136
2025-09-08,SKU0197,0,147,16.0,136
2025-09-15,SKU0197,23,223,16.0,136
2025-09-22,SKU0197,0,223,16.0,136
2025-09-29,SKU0197,0,223,16.0,136
2025-10-06,SKU0197,113,0,16.0,136
2025-10-13,SKU0197,0,168,16.0,136
2025-10-20,SKU0197,0,168,16.0,136
2025-10-27,SKU0197,63,115,16.0,136
2025-11-03,SKU0197,0,243,16.0,136
2025-11-10,SKU0197,79,128,16.0,136
2025-11-17,SKU0197,58,137,16.0,136
2025-11-24,SKU0197,0,137,16.0,136
2025-12-01,SKU0197,106,0,16.0,136
2025-12-08,SKU0197,0,246,16.0,136
2025-12-15,SKU0197,0,246,16.0,136
2025-12-22,SKU0197,195,0,16.0,136
2025-12-29,SKU0197,55,128,16.0,136
2024-01-01,SKU0198,488,0,18.0,311
2024-01-08,SKU0198,189,349,18.0,311
2024-01-15,SKU0198,0,349,18.0,311
2024-01-22,SKU0198,0,349,18.0,311
2024-01-29,SKU0198,178,232,18.0,311
2024-02-05,SKU0198,0,488,18.0,311
2024-02-12,SKU0198,0,488,18.0,311
2024-02-19,SKU0198,213,0,18.0,311
2024-02-26,SKU0198,0,367,18.0,311
2024-03-04,SKU0198,0,367,18.0,311
2024-03-11,SKU0198,239,256,18.0,311
2024-03-18,SKU0198,0,513,18.0,311
2024-03-25,SKU0198,0,513,18.0,311
2024-04-01,SKU0198,43,495,18.0,311
2024-04-08,SKU0198,1,238,18.0,311
2024-04-15,SKU0198,0,538,18.0,311
2024-04-22,SKU0198,67,300,18.0,311
2024-04-29,SKU0198,0,538,18.0,311
2024-05-06,SKU0198,44,494,18.0,311
2024-05-13,SKU0198,195,256,18.0,311
2024-05-20,SKU0198,0,513,18.0,311
2024-05-27,SKU0198,85,257,18.0,311
2024-06-03,SKU0198,0,495,18.0,311
2024-06-10,SKU0198,0,494,18.0,311
2024-06-17,SKU0198,110,256,18.0,311
2024-06-24,SKU0198,0,513,18.0,311
2024-07-01,SKU0198,0,538,18.0,311
2024-07-08,SKU0198,172,281,18.0,311
2024-07-15,SKU0198,0,538,18.0,311
2024-07-22,SKU0198,139,257,18.0,311
2024-07-29,SKU0198,0,538,18.0,311
2024-08-05,SKU0198,0,538,18.0,311
2024-08-12,SKU0198,0,538,18.0,311
2024-08-19,SKU0198,63,257,18.0,311
2024-08-26,SKU0198,97,264,18.0,311
2024-09-02,SKU0198,0,538,18.0,311
2024-09-09,SKU0198,193,274,18.0,311
2024-09-16,SKU0198,299,239,18.0,311
2024-09-23,SKU0198,74,239,18.0,311
2024-09-30,SKU0198,0,538,18.0,311
2024-10-07,SKU0198,64,299,18.0,311
2024-10-14,SKU0198,209,239,18.0,311
2024-10-21,SKU0198,0,470,18.0,311
2024-10-28,SKU0198,0,470,18.0,311
2024-11-04,SKU0198,111,256,18.0,311
2024-11-11,SKU0198,0,538,18.0,311
2024-11-18,SKU0198,0,538,18.0,311
2024-11-25,SKU0198,0,533,18.0,311
2024-12-02,SKU0198,0,505,18.0,311
2024-12-09,SKU0198,0,505,18.0,311
2024-12-16,SKU0198,0,505,18.0,311
2024-12-23,SKU0198,0,504,18.0,311
2024-12-30,SKU0198,0,504,18.0,311
2025-01-06,SKU0198,188,233,18.0,311
2025-01-13,SKU0198,0,538,18.0,311
2025-01-20,SKU0198,0,538,18.0,311
2025-01-27,SKU0198,0,538,18.0,311
2025-02-03,SKU0198,22,233,18.0,311
2025-02-10,SKU0198,0,538,18.0,311
2025-02-17,SKU0198,47,305,18.0,311
2025-02-24,SKU0198,157,233,18.0,311
2025-03-03,SKU0198,0,538,18.0,311
2025-03-10,SKU0198,142,305,18.0,311
2025-03-17,SKU0198,0,305,18.0,311
2025-03-24,SKU0198,103,313,18.0,311
2025-03-31,SKU0198,0,313,18.0,311
2025-04-07,SKU0198,266,272,18.0,311
2025-04-14,SKU0198,42,272,18.0,311
2025-04-21,SKU0198,0,527,18.0,311
2025-04-28,SKU0198,129,255,18.0,311
2025-05-05,SKU0198,139,231,18.0,311
2025-05-12,SKU0198,0,488,18.0,311
2025-05-19,SKU0198,183,257,18.0,311
2025-05-26,SKU0198,248,290,18.0,311
2025-06-02,SKU0198,27,290,18.0,311
2025-06-09,SKU0198,0,538,18.0,311
2025-06-16,SKU0198,127,248,18.0,311
2025-06-23,SKU0198,139,239,18.0,311
2025-06-30,SKU0198,0,475,18.0,311
2025-07-07,SKU0198,188,236,18.0,311
2025-07-14,SKU0198,223,229,18.0,311
2025-07-21,SKU0198,0,468,18.0,311
2025-07-28,SKU0198,0,468,18.0,311
2025-08-04,SKU0198,0,538,18.0,311
2025-08-11,SKU0198,0,527,18.0,311
2025-08-18,SKU0198,0,527,18.0,311
2025-08-25,SKU0198,77,461,18.0,311
2025-09-01,SKU0198,17,233,18.0,311
2025-09-08,SKU0198,0,537,18.0,311
2025-09-15,SKU0198,116,304,18.0,311
2025-09-22,SKU0198,190,231,18.0,311
2025-09-29,SKU0198,0,487,18.0,311
2025-10-06,SKU0198,0,487,18.0,311
2025-10-13,SKU0198,239,282,18.0,311
2025-10-20,SKU0198,0,530,18.0,311
2025-10-27,SKU0198,0,530,18.0,311
2025-11-03,SKU0198,35,248,18.0,311
2025-11-10,SKU0198,0,314,18.0,311
2025-11-17,SKU0198,0,314,18.0,311
2025-11-24,SKU0198,212,267,18.0,311
2025-12-01,SKU0198,0,538,18.0,311
2025-12-08,SKU0198,0,538,18.0,311
2025-12-15,SKU0198,0,538,18.0,311
2025-12-22,SKU0198,36,502,18.0,311
2025-12-29,SKU0198,0,502,18.0,311
2024-01-01,SKU0199,176,0,16.0,154
2024-01-08,SKU0199,68,134,16.0,154
2024-01-15,SKU0199,0,272,16.0,154
2024-01-22,SKU0199,73,138,16.0,154
2024-01-29,SKU0199,107,130,16.0,154
2024-02-05,SKU0199,0,130,16.0,154
2024-02-12,SKU0199,99,149,16.0,154
2024-02-19,SKU0199,0,279,16.0,154
2024-02-26,SKU0199,72,130,16.0,154
2024-03-04,SKU0199,0,268,16.0,154
2024-03-11,SKU0199,38,138,16.0,154
2024-03-18,SKU0199,107,134,16.0,154
2024-03-25,SKU0199,0,279,16.0,154
2024-04-01,SKU0199,73,145,16.0,154
2024-04-08,SKU0199,0,279,16.0,154
2024-04-15,SKU0199,53,134,16.0,154
2024-04-22,SKU0199,119,138,16.0,154
2024-04-29,SKU0199,11,268,16.0,154
2024-05-06,SKU0199,92,130,16.0,154
2024-05-13,SKU0199,0,264,16.0,154
2024-05-20,SKU0199,38,134,16.0,154
2024-05-27,SKU0199,119,138,16.0,154
2024-06-03,SKU0199,11,268,16.0,154
2024-06-10,SKU0199,77,130,16.0,154
2024-06-17,SKU0199,0,264,16.0,154
2024-06-24,SKU0199,38,134,16.0,154
2024-07-01,SKU0199,103,138,16.0,154
2024-07-08,SKU0199,0,279,16.0,154
2024-07-15,SKU0199,77,141,16.0,154
2024-07-22,SKU0199,0,279,16.0,154
2024-07-29,SKU0199,49,138,16.0,154
2024-08-05,SKU0199,123,138,16.0,154
2024-08-12,SKU0199,15,264,16.0,154
2024-08-19,SKU0199,92,126,16.0,154
2024-08-26,SKU0199,0,264,16.0,154
2024-09-02,SKU0199,34,138,16.0,154
2024-09-09,SKU0199,123,138,16.0,154
2024-09-16,SKU0199,15,138,16.0,154
2024-09-23,SKU0199,77,141,16.0,154
2024-09-30,SKU0199,0,279,16.0,154
2024-10-07,SKU0199,64,138,16.0,154
2024-10-14,SKU0199,123,138,16.0,154
2024-10-21,SKU0199,15,138,16.0,154
2024-10-28,SKU0199,107,141,16.0,154
2024-11-04,SKU0199,0,279,16.0,154
2024-11-11,SKU0199,64,138,16.0,154
2024-11-18,SKU0199,0,276,16.0,154
2024-11-25,SKU0199,46,138,16.0,154
2024-12-02,SKU0199,107,126,16.0,154
2024-12-09,SKU0199,0,264,16.0,154
2024-12-16,SKU0199,65,138,16.0,154
2024-12-23,SKU0199,0,276,16.0,154
2024-12-30,SKU0199,31,138,16.0,154
2025-01-06,SKU0199,107,126,16.0,154
2025-01-13,SKU0199,0,126,16.0,154
2025-01-20,SKU0199,49,153,16.0,154
2025-01-27,SKU0199,0,279,16.0,154
2025-02-03,SKU0199,76,126,16.0,154
2025-02-10,SKU0199,95,138,16.0,154
2025-02-17,SKU0199,0,138,16.0,154
2025-02-24,SKU0199,107,141,16.0,154
2025-03-03,SKU0199,0,279,16.0,154
2025-03-10,SKU0199,64,138,16.0,154
2025-03-17,SKU0199,0,276,16.0,154
2025-03-24,SKU0199,46,138,16.0,154
2025-03-31,SKU0199,107,141,16.0,154
2025-04-07,SKU0199,0,279,16.0,154
2025-04-14,SKU0199,110,138,16.0,154
2025-04-21,SKU0199,3,276,16.0,154
2025-04-28,SKU0199,46,138,16.0,154
2025-05-05,SKU0199,0,279,16.0,154
2025-05-12,SKU0199,46,141,16.0,154
2025-05-19,SKU0199,95,138,16.0,154
2025-05-26,SKU0199,0,276,16.0,154
2025-06-02,SKU0199,107,138,16.0,154
2025-06-09,SKU0199,0,279,16.0,154
2025-06-16,SKU0199,31,141,16.0,154
2025-06-23,SKU0199,0,279,16.0,154
2025-06-30,SKU0199,49,138,16.0,154
2025-07-07,SKU0199,80,138,16.0,154
2025-07-14,SKU0199,0,279,16.0,154
2025-07-21,SKU0199,92,141,16.0,154
2025-07-28,SKU0199,0,279,16.0,154
2025-08-04,SKU0199,34,138,16.0,154
2025-08-11,SKU0199,0,276,16.0,154
2025-08-18,SKU0199,31,138,16.0,154
2025-08-25,SKU0199,77,172,16.0,154
2025-09-01,SKU0199,0,172,16.0,154
2025-09-08,SKU0199,157,0,16.0,154
2025-09-15,SKU0199,55,138,16.0,154
2025-09-22,SKU0199,0,264,16.0,154
2025-09-29,SKU0199,93,126,16.0,154
2025-10-06,SKU0199,109,148,16.0,154
2025-10-13,SKU0199,2,277,16.0,154
2025-10-20,SKU0199,0,277,16.0,154
2025-10-27,SKU0199,11,268,16.0,154
2025-11-03,SKU0199,53,139,16.0,154
2025-11-10,SKU0199,0,279,16.0,154
2025-11-17,SKU0199,47,140,16.0,154
2025-11-24,SKU0199,130,132,16.0,154
2025-12-01,SKU0199,0,273,16.0,154
2025-12-08,SKU0199,96,141,16.0,154
2025-12-15,SKU0199,138,129,16.0,154
2025-12-22,SKU0199,32,129,16.0,154
2025-12-29,SKU0199,0,260,16.0,154
2024-01-01,SKU0200,676,0,21.0,809
2024-01-08,SKU0200,502,676,21.0,809
2024-01-15,SKU0200,329,676,21.0,809
2024-01-22,SKU0200,155,676,21.0,809
2024-01-29,SKU0200,657,521,21.0,809
2024-02-05,SKU0200,483,521,21.0,809
2024-02-12,SKU0200,309,521,21.0,809
2024-02-19,SKU0200,657,521,21.0,809
2024-02-26,SKU0200,483,521,21.0,809
2024-03-04,SKU0200,309,521,21.0,809
2024-03-11,SKU0200,656,547,21.0,809
2024-03-18,SKU0200,482,547,21.0,809
2024-03-25,SKU0200,309,547,21.0,809
2024-04-01,SKU0200,682,546,21.0,809
2024-04-08,SKU0200,508,546,21.0,809
2024-04-15,SKU0200,334,546,21.0,809
2024-04-22,SKU0200,706,571,21.0,809
2024-04-29,SKU0200,533,571,21.0,809
2024-05-06,SKU0200,359,571,21.0,809
2024-05-13,SKU0200,756,546,21.0,809
2024-05-20,SKU0200,582,546,21.0,809
2024-05-27,SKU0200,408,546,21.0,809
2024-06-03,SKU0200,780,0,21.0,809
2024-06-10,SKU0200,607,596,21.0,809
2024-06-17,SKU0200,433,596,21.0,809
2024-06-24,SKU0200,259,596,21.0,809
2024-07-01,SKU0200,681,522,21.0,809
2024-07-08,SKU0200,507,522,21.0,809
2024-07-15,SKU0200,334,522,21.0,809
2024-07-22,SKU0200,682,546,21.0,809
2024-07-29,SKU0200,508,546,21.0,809
2024-08-05,SKU0200,334,546,21.0,809
2024-08-12,SKU0200,706,521,21.0,809
2024-08-19,SKU0200,533,521,21.0,809
2024-08-26,SKU0200,359,521,21.0,809
2024-09-02,SKU0200,706,571,21.0,809
2024-09-09,SKU0200,532,571,21.0,809
2024-09-16,SKU0200,358,571,21.0,809
2024-09-23,SKU0200,756,0,21.0,809
2024-09-30,SKU0200,582,596,21.0,809
2024-10-07,SKU0200,408,596,21.0,809
2024-10-14,SKU0200,234,596,21.0,809
2024-10-21,SKU0200,656,571,21.0,809
2024-10-28,SKU0200,483,571,21.0,809
2024-11-04,SKU0200,309,571,21.0,809
2024-11-11,SKU0200,706,547,21.0,809
2024-11-18,SKU0200,532,547,21.0,809
2024-11-25,SKU0200,358,547,21.0,809
2024-12-02,SKU0200,732,521,21.0,809
2024-12-09,SKU0200,558,521,21.0,809
2024-12-16,SKU0200,384,521,21.0,809
2024-12-23,SKU0200,731,546,21.0,809
2024-12-30,SKU0200,557,546,21.0,809
2025-01-06,SKU0200,384,546,21.0,809
2025-01-13,SKU0200,756,546,21.0,809
2025-01-20,SKU0200,582,546,21.0,809
2025-01-27,SKU0200,408,546,21.0,809
2025-02-03,SKU0200,780,547,21.0,809
2025-02-10,SKU0200,607,547,21.0,809
2025-02-17,SKU0200,437,547,21.0,809
2025-02-24,SKU0200,840,0,21.0,809
2025-03-03,SKU0200,629,520,21.0,809
2025-03-10,SKU0200,491,520,21.0,809
2025-03-17,SKU0200,313,520,21.0,809
2025-03-24,SKU0200,702,521,21.0,809
2025-03-31,SKU0200,518,521,21.0,809
2025-04-07,SKU0200,323,521,21.0,809
2025-04-14,SKU0200,722,552,21.0,809
2025-04-21,SKU0200,605,552,21.0,809
2025-04-28,SKU0200,432,552,21.0,809
2025-05-05,SKU0200,855,0,21.0,809
2025-05-12,SKU0200,644,571,21.0,809
2025-05-19,SKU0200,539,571,21.0,809
2025-05-26,SKU0200,408,571,21.0,809
2025-06-02,SKU0200,815,0,21.0,809
2025-06-09,SKU0200,699,531,21.0,809
2025-06-16,SKU0200,535,531,21.0,809
2025-06-23,SKU0200,368,531,21.0,809
2025-06-30,SKU0200,765,0,21.0,809
2025-07-07,SKU0200,635,645,21.0,809
2025-07-14,SKU0200,483,645,21.0,809
2025-07-21,SKU0200,374,645,21.0,809
2025-07-28,SKU0200,915,0,21.0,809
2025-08-04,SKU0200,725,530,21.0,809
2025-08-11,SKU0200,513,530,21.0,809
2025-08-18,SKU0200,346,530,21.0,809
2025-08-25,SKU0200,714,530,21.0,809
2025-09-01,SKU0200,552,530,21.0,809
2025-09-08,SKU0200,426,530,21.0,809
2025-09-15,SKU0200,839,0,21.0,809
2025-09-22,SKU0200,670,519,21.0,809
2025-09-29,SKU0200,519,519,21.0,809
2025-10-06,SKU0200,347,519,21.0,809
2025-10-13,SKU0200,684,582,21.0,809
2025-10-20,SKU0200,366,582,21.0,809
2025-10-27,SKU0200,103,1199,21.0,809
2025-11-03,SKU0200,493,617,21.0,809
2025-11-10,SKU0200,328,617,21.0,809
2025-11-17,SKU0200,743,584,21.0,809
2025-11-24,SKU0200,570,584,21.0,809
2025-12-01,SKU0200,261,584,21.0,809
2025-12-08,SKU0200,589,590,21.0,809
2025-12-15,SKU0200,357,590,21.0,809
2025-12-22,SKU0200,120,1139,21.0,809
2025-12-29,SKU0200,505,549,21.0,809
